{"acc_dist": [0.0, 32.0, 12.0, 8.0, 58.0, 14.0, 4.0, 22.0, 48.0, 0.0, 30.0, 42.0, 52.0, 12.0, 36.0, 52.0, 34.0, 52.0, 44.0, 4.0, 34.0, 22.0, 22.0, 36.0, 20.0, 46.0, 20.0, 38.0, 26.0, 24.0, 44.0, 44.0, 40.0, 10.0, 4.0, 62.0, 20.0, 30.0, 14.0, 10.0, 34.0, 14.0, 26.0, 16.0, 52.0, 0.0, 64.0, 16.0, 6.0, 46.0, 56.0, 50.0, 0.0, 30.0, 22.0, 54.0, 30.0, 0.0, 46.0, 0.0, 22.0, 36.0, 50.0, 20.0, 20.0, 30.0, 30.0, 16.0, 8.0, 58.0, 36.0, 68.0, 28.0, 52.0, 30.0, 48.0, 20.0, 40.0, 22.0, 42.0, 50.0, 22.0, 34.0, 54.0, 34.0, 2.0, 12.0, 34.0, 46.0, 38.0, 22.0, 18.0, 34.0, 2.0, 2.0, 22.0, 42.0, 48.0, 42.0, 0.0], "mean_curve": [29.18], "var_curve": [17.6251978712297], "train_loss": [0.19360603085160252, 0.18410724815726282, 0.17783681407570837, 0.18065635040402414, 0.17379934543371203, 0.17463419106602668, 0.1712124483883381, 0.16831037822365763, 0.1710925396978855, 0.17792308923602101, 0.17283054301142692, 0.1771662701964378, 0.16801113039255142, 0.1726150597631931, 0.175031138330698, 0.1705683724284172, 0.17058657327294344, 0.16944927346706393, 0.17503298670053483, 0.16230610755085945, 0.17474308240413663], "client_accs": {"user0": [0.0], "user1": [32.0], "user2": [12.0], "user3": [8.0], "user4": [58.0], "user5": [14.0], "user6": [4.0], "user7": [22.0], "user8": [48.0], "user9": [0.0], "user10": [30.0], "user11": [42.0], "user12": [52.0], "user13": [12.0], "user14": [36.0], "user15": [52.0], "user16": [34.0], "user17": [52.0], "user18": [44.0], "user19": [4.0], "user20": [34.0], "user21": [22.0], "user22": [22.0], "user23": [36.0], "user24": [20.0], "user25": [46.0], "user26": [20.0], "user27": [38.0], "user28": [26.0], "user29": [24.0], "user30": [44.0], "user31": [44.0], "user32": [40.0], "user33": [10.0], "user34": [4.0], "user35": [62.0], "user36": [20.0], "user37": [30.0], "user38": [14.0], "user39": [10.0], "user40": [34.0], "user41": [14.0], "user42": [26.0], "user43": [16.0], "user44": [52.0], "user45": [0.0], "user46": [64.0], "user47": [16.0], "user48": [6.0], "user49": [46.0], "user50": [56.0], "user51": [50.0], "user52": [0.0], "user53": [30.0], "user54": [22.0], "user55": [54.0], "user56": [30.0], "user57": [0.0], "user58": [46.0], "user59": [0.0], "user60": [22.0], "user61": [36.0], "user62": [50.0], "user63": [20.0], "user64": [20.0], "user65": [30.0], "user66": [30.0], "user67": [16.0], "user68": [8.0], "user69": [58.0], "user70": [36.0], "user71": [68.0], "user72": [28.0], "user73": [52.0], "user74": [30.0], "user75": [48.0], "user76": [20.0], "user77": [40.0], "user78": [22.0], "user79": [42.0], "user80": [50.0], "user81": [22.0], "user82": [34.0], "user83": [54.0], "user84": [34.0], "user85": [2.0], "user86": [12.0], "user87": [34.0], "user88": [46.0], "user89": [38.0], "user90": [22.0], "user91": [18.0], "user92": [34.0], "user93": [2.0], "user94": [2.0], "user95": [22.0], "user96": [42.0], "user97": [48.0], "user98": [42.0], "user99": [0.0]}}