{"acc_dist": [84.28571428571429, 82.0, 71.28571428571429], "mean_curve": [36.142857142857146, 70.04761904761905, 74.52380952380953, 75.80952380952381, 76.80952380952381, 77.28571428571429, 77.6190476190476, 78.09523809523809, 78.42857142857143, 78.57142857142857, 78.57142857142857, 78.76190476190476, 78.80952380952381, 78.85714285714285, 78.85714285714286, 78.95238095238095, 79.04761904761905, 78.95238095238095, 78.95238095238095, 78.85714285714286, 79.19047619047619, 79.19047619047619], "var_curve": [12.103296902842935, 27.267965639434465, 21.98401810757522, 19.199749620438496, 16.9514445969334, 15.452802841111334, 13.867366544347322, 12.172419663054455, 11.069969181848466, 10.230672835481872, 9.589535112479089, 8.819685259268741, 8.508765654930302, 8.24456118393491, 7.9359682356178, 7.472701642730685, 7.230258915898495, 6.745452822965116, 6.526068430609483, 6.241184258807056, 5.666866743166566, 5.666866743166566], "train_loss": [1.112019537062872, 0.9946851167224701, 0.9221127464657739, 0.8989005097888766, 0.8854019310360863, 0.8742352730887276, 0.8646191987537201, 0.8564884149460564, 0.8496222069149925, 0.8437797037760418, 0.8387570481073289, 0.8343898373558408, 0.8305498831612722, 0.8271388898577009, 0.8240814935593378, 0.8213191295805432, 0.8188065592447916, 0.8165070597330729, 0.8143918573288692, 0.8124368867420015, 0.8106223260788691, 0.8089317539760045, 0.8073511323474701, 0.8058683849516369, 0.8044732956659226, 0.8031571306501116, 0.8019121587844121, 0.8007318405877976, 0.7996104794456845, 0.7985432070777531, 0.7975256347656249, 0.7965539696103051, 0.7956247965494793, 0.7947351364862351, 0.7938822428385417, 0.7930639357793899, 0.7922777593703497, 0.7915220278785342, 0.7907948375883557, 0.790094488234747, 0.7894195701962426, 0.7887686593191964, 0.7881405930292038, 0.7875339471726192, 0.7869477771577381, 0.786381109328497, 0.7858328247070313, 0.7853021966843379, 0.7847882516043527, 0.7842903500511532, 0.7838075910295759, 0.783339364188058, 0.782885030110677, 0.7824439493815105, 0.782015627906436, 0.7815991792224702, 0.7811945161365327, 0.7808009847005207, 0.7804179164341517, 0.7800450642903646, 0.779681919642857, 0.7793281482514881, 0.778983386811756, 0.7786471848260789, 0.7783193097795759, 0.7779992530459449, 0.7776868693033854, 0.7773819551013764, 0.7770840599423363, 0.7767928641183035, 0.7765082368396578, 0.7762300327845982, 0.7759578450520834, 0.7756914701915923, 0.7754307919456845, 0.7751756940569196, 0.7749256824311755, 0.7746809314546131, 0.7744410632905506, 0.7742059326171874, 0.7739755103701637, 0.7737494768415178, 0.7735277448381698, 0.7733101981026786, 0.7730967203776041, 0.7728870500837054, 0.7726813325427827, 0.7724792771112351, 0.772280767531622, 0.7720858038039435, 0.7718941243489583, 0.7717055838448661, 0.7715203857421876, 0.7713382103329613, 0.7711589413597469, 0.7709826369512648, 0.7708091517857142, 0.7706383696056548, 0.7704702613467261, 0.7703046816871281, 0.7701415434337798, 0.7699809337797618, 0.769822562081473, 0.769666486467634, 0.7695126778738839, 0.7693609909784226, 0.7692113967168899, 0.7690639241536458, 0.7689182826450892, 0.7687746175130208, 0.7686328415643602, 0.7684928676060268, 0.7683546084449405, 0.7682180640811013, 0.7680831182570684, 0.7679498872302827, 0.7678181675502231, 0.7676880464099701, 0.7675592912946428, 0.767432134719122, 0.7673061116536459, 0.767181628999256, 0.7670584542410714, 0.7669365873790922, 0.7668159121558779, 0.7666965448288691, 0.766578136625744, 0.7664611525762649, 0.7663450113932292, 0.7662302362351191, 0.7661163620721726, 0.7660035923549108, 0.7658918108258929, 0.7657809884207589, 0.7656711542038691, 0.765562279110863, 0.7654543922061011, 0.7653471737816221, 0.7652409144810268, 0.7651356143043154, 0.7650309244791668, 0.764927222842262, 0.7648241896856399, 0.7647219412667411, 0.7646204485212054, 0.7645198277064732, 0.7644197881789435, 0.7643204752604168, 0.7642218308221725, 0.7641239711216518, 0.7640265764508928, 0.7639300246465774, 0.7638338797433035, 0.7637384323846726, 0.7636435953776042, 0.7635493977864584, 0.7634557814825148, 0.7633626011439733, 0.7632700892857143, 0.7631781005859374, 0.7630866641090029, 0.7629956926618303, 0.7629052153087797, 0.7628152320498511, 0.762725830078125, 0.7626368640718005, 0.762548334030878, 0.7624603562127975, 0.7623726981026785, 0.762285650344122, 0.7621988932291667, 0.7621126302083333, 0.762026861281622, 0.7619414411272322, 0.7618563406808035, 0.7617717924572173, 0.7616875930059525, 0.761603771391369, 0.7615201822916666, 0.7614371744791667, 0.7613543701171874, 0.7612720307849702, 0.7611899530319941, 0.7611083693731399, 0.7610270763578869, 0.7609459867931547, 0.7608652750651043, 0.7607849411737351, 0.7607048688616072, 0.7606251162574406, 0.7605455671037946, 0.7604664539155506, 0.7603875732421875, 0.7603089250837053, 0.7602305385044644, 0.7601524716331846, 0.7600745500837053, 0.759997093563988, 0.7599197242373511, 0.7598427618117559, 0.7597659737723216], "client_accs": {"T-shirt": [39.285714285714285, 95.14285714285714, 94.28571428571429, 93.57142857142857, 92.57142857142857, 91.71428571428571, 90.71428571428571, 89.71428571428571, 89.0, 88.28571428571429, 87.57142857142857, 87.14285714285714, 86.71428571428571, 86.57142857142857, 86.28571428571429, 85.85714285714286, 85.71428571428571, 85.14285714285714, 84.85714285714286, 84.42857142857143, 84.28571428571429, 84.28571428571429], "pullover": [20.0, 82.85714285714286, 85.42857142857143, 84.71428571428571, 84.57142857142857, 84.28571428571429, 83.71428571428571, 83.28571428571429, 83.14285714285714, 83.0, 82.85714285714286, 82.57142857142857, 82.71428571428571, 82.57142857142857, 82.42857142857143, 82.42857142857143, 82.42857142857143, 82.14285714285714, 82.14285714285714, 82.0, 82.0, 82.0], "shirt": [49.142857142857146, 32.142857142857146, 43.857142857142854, 49.142857142857146, 53.285714285714285, 55.857142857142854, 58.42857142857143, 61.285714285714285, 63.142857142857146, 64.42857142857143, 65.28571428571429, 66.57142857142857, 67.0, 67.42857142857143, 67.85714285714286, 68.57142857142857, 69.0, 69.57142857142857, 69.85714285714286, 70.14285714285714, 71.28571428571429, 71.28571428571429]}}