{"acc_dist": [78.57142857142857, 69.85714285714286, 74.0], "mean_curve": [38.476190476190474, 64.52380952380952, 64.66666666666667, 67.90476190476191, 69.47619047619047, 69.52380952380952, 70.3809523809524, 71.14285714285715, 71.28571428571429, 72.33333333333333, 72.23809523809524, 72.23809523809524, 72.3809523809524, 72.47619047619047, 72.85714285714285, 73.38095238095238, 73.47619047619047, 73.76190476190476, 74.0, 74.0, 74.09523809523809, 74.14285714285715], "var_curve": [12.896412691809314, 16.75040189723282, 5.833673459471827, 8.59705164880113, 7.939681905015749, 5.949141975901494, 6.47058581008115, 5.399672451643154, 4.786602618334885, 5.160463689197739, 4.557020946769614, 4.26077399205096, 4.137654094519706, 3.9595460011404566, 3.8703477668983055, 3.80892852491833, 3.56539172330188, 3.6184209983834057, 3.55902608401044, 3.55902608401044, 3.6165404849614347, 3.559026084010435], "train_loss": [1.0864107549758184, 1.064466058640253, 1.0447315325055804, 1.0278894333612352, 1.01425537109375, 1.0037833658854167, 0.9962129138764881, 0.991249069940476, 0.9886843145461309, 0.9884353492373513, 0.9904842703683036, 0.9946988351004465, 1.0005549839564731, 1.0069697498139882, 1.0125118873232888, 1.015875534784226, 1.0161900692894346, 1.0130131603422619, 1.0062068975539435, 0.9959198579334078, 0.9827582077752975, 0.968008306594122, 0.9534818812779018, 0.940744367327009, 0.9304505266462053, 0.9224730573381695, 0.9163935488746281, 0.9118094598679316, 0.9084276181175595, 0.9060687546502976, 0.9046561104910714, 0.9042029680524554, 0.9048028564453126, 0.9066115606398809, 0.9098118082682292, 0.9144743129185269, 0.9200170317150298, 0.926170654296875, 0.9324603562127977, 0.9379677036830357, 0.9417719377790178, 0.94317626953125, 0.9418200974237352, 0.9377003987630209, 0.9311853899274554, 0.9230218215215773, 0.91422119140625, 0.9057667759486607, 0.8983143543061756, 0.8921105375744047, 0.8871183849516369, 0.8831819952101935, 0.8801310221354166, 0.87782470703125, 0.8761617024739583, 0.875079113188244, 0.8745454334077382, 0.8745553443545386, 0.8751213437034969, 0.8762661016555059, 0.8780104573567709, 0.8803566487630209, 0.8832662527901786, 0.8866307140531994, 0.8902487909226191, 0.8938181849888392, 0.8969582403273809, 0.8992677815755208, 0.9004004196893601, 0.9001349458240328, 0.8984220668247768, 0.8953963797433037, 0.8913532075427827, 0.8866912551153274, 0.881827392578125, 0.8771159726097469, 0.8728009614490327, 0.8690122767857144, 0.865791480654762, 0.8631259300595238, 0.8609780738467262, 0.8593044317336309, 0.8580642845517114, 0.8572253999255953, 0.8567625790550596, 0.8566582380022322, 0.8568977573939732, 0.8574672444661459, 0.8583490862165178, 0.8595179385230655, 0.8609358433314732, 0.8625486246744791, 0.8642819068545387, 0.8660409109933035, 0.8677131870814732, 0.8691751825241815, 0.8703034319196429, 0.8709892926897321, 0.871152605329241, 0.8707534935360863, 0.8697985549200148, 0.8683402215866814, 0.866468767438616, 0.8642992001488095, 0.8619552176339286, 0.8595557803199405, 0.8572024390811013, 0.8549748883928571, 0.8529293677920387, 0.8511013357979911, 0.8495100620814732, 0.8481629289899554, 0.8470595586867559, 0.8461952718098958, 0.8455627150762649, 0.8451530819847471, 0.8449564325241816, 0.844961199079241, 0.8451537795293899, 0.8455175490606398, 0.8460319301060268, 0.8466715785435269, 0.847405976795015, 0.8481994047619047, 0.8490111723400298, 0.8497972760881697, 0.850512201218378, 0.8511112467447917, 0.8515538388206845, 0.8518062337239583, 0.8518450055803571, 0.8516573370070685, 0.8512438092912946, 0.8506168910435267, 0.8498002115885416, 0.8488255382719494, 0.8477303350539435, 0.8465543038504464, 0.8453372918991815, 0.8441154843284971, 0.8429214913504465, 0.8417824009486607, 0.8407198660714287, 0.8397502208891369, 0.838885033017113, 0.8381320917038689, 0.8374954659598215, 0.8369765508742559, 0.8365747360956101, 0.836286882672991, 0.836108165922619, 0.8360323660714286, 0.8360511997767857, 0.8361545817057291, 0.8363309151785714, 0.8365663364955358, 0.8368458193824404, 0.837152593703497, 0.8374687558128721, 0.8377760242280505, 0.8380557686941964, 0.8382906668526786, 0.83846438453311, 0.8385633777436756, 0.8385768054780506, 0.8384976050967262, 0.8383223760695685, 0.8380518450055804, 0.8376903424944196, 0.8372460065569197, 0.8367293584914434, 0.8361533610026042, 0.835531994047619, 0.8348802548363095, 0.8342128499348959, 0.8335437302362351, 0.8328858875093007, 0.8322506568545386, 0.831648210797991, 0.8310864257812499, 0.8305717540922619, 0.8301091076078869, 0.8297017124720982, 0.8293513416108631, 0.8290585181826637, 0.8288225737072173, 0.828641589936756, 0.8285124860491072, 0.8284317452566965, 0.8283943103608631, 0.8283946881975446, 0.8284263392857142, 0.8284823753720238, 0.8285553559802827, 0.8286373465401785, 0.8287203834170387, 0.828796648297991, 0.8288584972563244, 0.8288987513950893, 0.8289111037481399, 0.8288901774088542], "client_accs": {"T-shirt": [56.714285714285715, 84.57142857142857, 71.71428571428571, 79.85714285714286, 80.42857142857143, 76.85714285714286, 79.14285714285714, 78.14285714285714, 77.28571428571429, 79.0, 78.0, 77.57142857142857, 77.85714285714286, 77.71428571428571, 77.85714285714286, 78.28571428571429, 78.0, 78.28571428571429, 78.42857142857143, 78.42857142857143, 78.57142857142857, 78.57142857142857], "pullover": [29.285714285714285, 65.42857142857143, 57.42857142857143, 60.0, 61.857142857142854, 62.285714285714285, 63.714285714285715, 65.0, 65.57142857142857, 66.42857142857143, 66.85714285714286, 67.14285714285714, 67.85714285714286, 68.14285714285714, 68.42857142857143, 69.0, 69.28571428571429, 69.42857142857143, 69.71428571428571, 69.71428571428571, 69.71428571428571, 69.85714285714286], "shirt": [29.428571428571427, 43.57142857142857, 64.85714285714286, 63.857142857142854, 66.14285714285714, 69.42857142857143, 68.28571428571429, 70.28571428571429, 71.0, 71.57142857142857, 71.85714285714286, 72.0, 71.42857142857143, 71.57142857142857, 72.28571428571429, 72.85714285714286, 73.14285714285714, 73.57142857142857, 73.85714285714286, 73.85714285714286, 74.0, 74.0]}}