{"acc_dist": [75.28571428571429, 64.85714285714286, 73.42857142857143], "mean_curve": [27.76190476190476, 40.85714285714286, 60.666666666666664, 63.952380952380956, 65.28571428571429, 66.23809523809524, 65.80952380952381, 66.52380952380953, 67.47619047619048, 68.38095238095238, 68.85714285714285, 69.52380952380953, 69.90476190476191, 69.90476190476191, 70.19047619047619, 70.76190476190476, 71.0, 71.14285714285715, 71.04761904761904, 71.28571428571428, 71.1904761904762, 71.1904761904762], "var_curve": [18.10488464676211, 19.60528874918132, 19.48218559493661, 19.48218559493661, 16.66149579650251, 11.448395504925054, 8.479934967448406, 7.499962207009844, 7.432538623208598, 7.0530866821578, 6.8243262357121095, 6.361377223636866, 5.8021029888283175, 5.363435457735749, 5.3380081552728695, 5.060630131146027, 5.007477402043146, 4.852939357560865, 4.642796092394707, 4.541569149549091, 4.542068415108732, 4.542068415108732], "train_loss": [1.1456990850539432, 1.132799566359747, 1.1199098423549108, 1.1068824114118303, 1.093405994233631, 1.079049072265625, 1.0634151204427085, 1.0464525785900298, 1.0288376581101188, 1.0119660295758928, 0.9971754673549107, 0.9849645705450149, 0.9750894601004464, 0.967062494187128, 0.96044189453125, 0.9548955717540922, 0.9501876104445683, 0.9461522565569197, 0.9426730201357887, 0.939670642671131, 0.9370931280226934, 0.9349094935825892, 0.9331038411458333, 0.9316683233351934, 0.9305980573381696, 0.9298836553664435, 0.9295082600911458, 0.9294462658110119, 0.9296669514973958, 0.9301390438988095, 0.9308367338634674, 0.9317431931268602, 0.9328523181733631, 0.9341659981863839, 0.9356905691964287, 0.9374295770554314, 0.9393776739211309, 0.9415122186569941, 0.9437899925595238, 0.9461445835658483, 0.9484892054966517, 0.9507236444382441, 0.9527440243675596, 0.9544511486235119, 0.9557587832496278, 0.9565982782273066, 0.9569194103422619, 0.9566891624813988, 0.9558909679594493, 0.9545213390531995, 0.9525907389322917, 0.9501220121837798, 0.9471519542875745, 0.9437322126116071, 0.9399289085751489, 0.9358222307477678, 0.9315020170665923, 0.927062058221726, 0.9225940813337054, 0.9181808035714285, 0.9138912237258184, 0.9097782679966517, 0.9058784702845982, 0.9022133382161458, 0.8987925792875745, 0.8956168329148065, 0.8926800537109375, 0.8899725051153274, 0.8874816022600447, 0.8851942080543155, 0.8830965750558035, 0.8811753627232143, 0.8794180443173363, 0.8778126453218006, 0.8763483247302828, 0.8750148228236606, 0.8738030424572173, 0.8727042061941964, 0.8717110770089286, 0.8708160691034227, 0.8700127301897321, 0.8692950439453124, 0.8686569359188988, 0.8680934361049107, 0.8675992257254465, 0.8671693929036458, 0.8667989966982886, 0.866483386811756, 0.8662181454613095, 0.8659983317057293, 0.8658195568266369, 0.8656768508184524, 0.8655657377697173, 0.8654814220610119, 0.8654190790085566, 0.8653741745721725, 0.8653415352957589, 0.8653164527529761, 0.8652943929036457, 0.8652706763857886, 0.8652410016741071, 0.8652010672433036, 0.8651469494047618, 0.8650748697916666, 0.8649818057105655, 0.8648644728887648, 0.8647206914992559, 0.8645481363932291, 0.8643452962239584, 0.8641109502883184, 0.8638443719773066, 0.8635453869047619, 0.8632141694568453, 0.8628511265345983, 0.8624571300688245, 0.8620336623418897, 0.8615820893787202, 0.8611044456845237, 0.860602562313988, 0.8600785609654018, 0.8595348249162947, 0.8589737955729166, 0.8583977980840775, 0.8578090413411458, 0.8572103445870535, 0.856603509812128, 0.8559912400018601, 0.8553754243396577, 0.8547581845238095, 0.8541413806733632, 0.8535267857142858, 0.8529160853794643, 0.8523106747581846, 0.851712123325893, 0.8511213030133927, 0.8505395217168897, 0.8499674769810269, 0.8494063895089287, 0.8488563464936756, 0.8483184233165922, 0.8477927071707589, 0.8472799246651785, 0.846780017671131, 0.8462931605747768, 0.845819585890997, 0.8453592936197917, 0.8449122256324405, 0.8444783238002233, 0.8440573265438988, 0.8436490594773064, 0.8432532900855655, 0.8428695533389137, 0.8424978492373513, 0.8421376546223959, 0.8417884463355655, 0.8414499046688988, 0.841121826171875, 0.8408036295572917, 0.8404947044735863, 0.840194818405878, 0.8399034191313244, 0.8396198962983631, 0.8393440173921131, 0.8390752301897321, 0.8388129534040178, 0.8385567220052083, 0.8383061581566221, 0.838061029343378, 0.837820550827753, 0.8375842866443453, 0.8373519170851934, 0.837123035249256, 0.8368973214285714, 0.8366743105933779, 0.8364535377139136, 0.836234886532738, 0.8360178048270089, 0.8358020600818453, 0.8355874197823661, 0.8353736223493303, 0.8351605224609374, 0.8349475678943451, 0.8347347005208333, 0.8345219494047619, 0.8343087913876488, 0.8340953717912946, 0.8338813999720983, 0.8336668178013392, 0.8334515090215774, 0.8332354736328126, 0.8330186244419643, 0.8328009905133928, 0.8325824265252977, 0.8323629906063988, 0.8321426246279762, 0.8319215901692708, 0.8316995965866815, 0.8314769054594494, 0.8312535749162947, 0.8310295468284971, 0.8308050537109376], "client_accs": {"T-shirt": [2.2857142857142856, 16.428571428571427, 80.0, 87.57142857142857, 87.85714285714286, 82.42857142857143, 77.42857142857143, 76.42857142857143, 77.42857142857143, 77.57142857142857, 77.28571428571429, 77.14285714285714, 76.57142857142857, 75.85714285714286, 76.28571428571429, 76.42857142857143, 76.57142857142857, 76.14285714285714, 75.71428571428571, 75.57142857142857, 75.28571428571429, 75.28571428571429], "pullover": [38.285714285714285, 64.42857142857143, 68.0, 64.42857142857143, 59.857142857142854, 58.142857142857146, 57.42857142857143, 58.285714285714285, 59.57142857142857, 60.42857142857143, 60.57142857142857, 61.57142857142857, 62.42857142857143, 62.857142857142854, 63.285714285714285, 64.14285714285714, 64.42857142857143, 64.57142857142857, 64.71428571428571, 65.0, 64.85714285714286, 64.85714285714286], "shirt": [42.714285714285715, 41.714285714285715, 34.0, 39.857142857142854, 48.142857142857146, 58.142857142857146, 62.57142857142857, 64.85714285714286, 65.42857142857143, 67.14285714285714, 68.71428571428571, 69.85714285714286, 70.71428571428571, 71.0, 71.0, 71.71428571428571, 72.0, 72.71428571428571, 72.71428571428571, 73.28571428571429, 73.42857142857143, 73.42857142857143]}}