{"acc_dist": [75.14285714285714, 71.42857142857143, 69.0], "mean_curve": [25.19047619047619, 60.333333333333336, 61.38095238095238, 64.42857142857143, 66.66666666666667, 66.47619047619048, 67.47619047619047, 68.09523809523809, 68.0952380952381, 68.95238095238095, 69.28571428571428, 69.61904761904762, 69.85714285714286, 69.95238095238095, 70.19047619047619, 70.47619047619048, 70.90476190476191, 71.04761904761904, 71.14285714285715, 71.57142857142857, 71.80952380952381, 71.85714285714285], "var_curve": [8.84125559259061, 15.754206147498149, 3.670684255352717, 4.652553976409233, 5.941132228304216, 3.3183335981303497, 4.2415716079320696, 3.816065811361751, 2.8674417556808716, 3.5995716550408097, 3.466064835252919, 3.0424062561834844, 3.175158681556126, 3.1993480061411104, 3.0646843637531576, 2.953916651289682, 3.0646843637531576, 2.5590531128656004, 2.7180425129200656, 2.7503864910845106, 2.5802318445988663, 2.5260547066428254], "train_loss": [1.123975859142485, 1.1012349155970982, 1.0793091401599701, 1.0589580717540923, 1.040899193173363, 1.025638921828497, 1.0133572823660715, 1.0039433651878722, 0.9971391078404018, 0.9926831635974702, 0.9904008265904017, 0.9902358282180059, 0.9922263590494792, 0.9963863990420387, 1.002444545200893, 1.0095529901413691, 1.0162862723214285, 1.021077619280134, 1.0227208600725446, 1.020535656156994, 1.0142777797154017, 1.0040746489025298, 0.9905275472005207, 0.9748975771949405, 0.9590370105561755, 0.9447450764973958, 0.9329899379185268, 0.9238214111328125, 0.9168385823567707, 0.9115836588541667, 0.9076979864211309, 0.9049502418154761, 0.9032296898251487, 0.902533714657738, 0.9029549153645834, 0.9046619233630953, 0.907862781343006, 0.9127353341238841, 0.9187657238188244, 0.9255689929780506, 0.9326904296874999, 0.9392270333426339, 0.9441321672712054, 0.9465592447916666, 0.9460247802734374, 0.942430681501116, 0.9360529436383929, 0.9275624011811755, 0.9179820905412946, 0.9084436907087055, 0.8998206147693452, 0.8925318836030506, 0.8866196986607143, 0.8819380696614584, 0.8782957240513393, 0.8755235944475447, 0.8734947858537946, 0.8721270751953125, 0.8713765752883185, 0.8712307593936012, 0.8717006429036457, 0.872811511811756, 0.8745907738095239, 0.8770525832403274, 0.8801737176804316, 0.8838644263857888, 0.8879373314267114, 0.8920870245070684, 0.895902332124256, 0.8989201136997768, 0.9007099841889881, 0.9009645298549107, 0.8995622035435268, 0.8965943545386904, 0.892353748139881, 0.8872789364769346, 0.8818614850725446, 0.8765398588634673, 0.8716288248697918, 0.8673021007719495, 0.8636201113746279, 0.8605725969587054, 0.8581154378255209, 0.8561953299386161, 0.854762195405506, 0.8537751988002232, 0.8532032993861606, 0.8530243501209078, 0.8532224527994791, 0.8537837437220982, 0.8546934872581845, 0.8559305245535714, 0.8574633207775298, 0.8592433965773809, 0.8612012881324405, 0.8632427397228423, 0.8652485874720982, 0.8670797874813987, 0.8685883730933779, 0.8696334112258185, 0.8701003882998511, 0.8699178641183035, 0.8690704345703125, 0.8676011730375744, 0.8656055559430804, 0.8632171049572173, 0.8605863444010416, 0.8578616768973214, 0.8551722063337053, 0.8526194835844495, 0.850274658203125, 0.8481820533389137, 0.8463643391927084, 0.8448295665922619, 0.843575671968006, 0.8425958251953126, 0.8418797956194196, 0.841416742234003, 0.8411943417503721, 0.8411998058500744, 0.8414181082589286, 0.8418318684895834, 0.8424195498511904, 0.843154761904762, 0.8440059116908483, 0.8449346633184524, 0.8458975946335565, 0.8468463134765626, 0.8477291143508184, 0.8484943208240328, 0.8490929885137649, 0.8494828287760416, 0.8496317545572917, 0.8495201764787946, 0.8491437348865327, 0.848512922014509, 0.8476519194103421, 0.8465965343656995, 0.8453899855840774, 0.8440793573288691, 0.842712663922991, 0.8413342285156249, 0.8399832007998512, 0.8386926850818451, 0.8374888392857143, 0.8363912527901786, 0.8354140799386159, 0.8345658365885417, 0.833851579938616, 0.8332727632068453, 0.8328284272693453, 0.8325152878534227, 0.8323279971168155, 0.8322594342912947, 0.8323005603608631, 0.8324400402250743, 0.8326649111793155, 0.8329600016276041, 0.83330807640439, 0.8336900692894345, 0.8340859258742559, 0.8344740513392858, 0.8348335193452381, 0.8351435198102678, 0.8353852480933779, 0.8355422828311013, 0.8356014869326637, 0.8355543445405506, 0.8353960019066219, 0.8351271856398809, 0.8347524007161459, 0.8342806570870537, 0.8337241617838541, 0.8330977666945684, 0.8324180675688244, 0.8317022123790921, 0.8309672037760416, 0.8302296084449404, 0.8295044235956102, 0.8288046119326636, 0.8281419445219494, 0.8275255475725446, 0.8269628324962798, 0.8264592633928571, 0.826018531436012, 0.8256428455171131, 0.8253326125372024, 0.8250869605654763, 0.8249037679036458, 0.8247799827938987, 0.8247110711960565, 0.824691627139137, 0.8247153436569942, 0.8247748674665178, 0.8248622349330357, 0.8249690464564732, 0.8250860886346726, 0.8252042933872769, 0.8253145926339286, 0.8254082961309525, 0.8254771205357142], "client_accs": {"T-shirt": [27.0, 77.71428571428571, 66.57142857142857, 71.0, 75.0, 71.14285714285714, 73.42857142857143, 73.42857142857143, 72.14285714285714, 74.0, 74.14285714285714, 73.85714285714286, 74.28571428571429, 74.42857142857143, 74.42857142857143, 74.57142857142857, 75.14285714285714, 74.57142857142857, 74.85714285714286, 75.28571428571429, 75.14285714285714, 75.14285714285714], "pullover": [13.571428571428571, 63.714285714285715, 58.714285714285715, 60.857142857142854, 63.42857142857143, 63.714285714285715, 65.14285714285714, 66.14285714285714, 66.28571428571429, 67.0, 67.42857142857143, 68.14285714285714, 68.28571428571429, 68.28571428571429, 68.85714285714286, 69.14285714285714, 69.57142857142857, 70.0, 70.14285714285714, 70.71428571428571, 71.42857142857143, 71.42857142857143], "shirt": [35.0, 39.57142857142857, 58.857142857142854, 61.42857142857143, 61.57142857142857, 64.57142857142857, 63.857142857142854, 64.71428571428571, 65.85714285714286, 65.85714285714286, 66.28571428571429, 66.85714285714286, 67.0, 67.14285714285714, 67.28571428571429, 67.71428571428571, 68.0, 68.57142857142857, 68.42857142857143, 68.71428571428571, 68.85714285714286, 69.0]}}