{"acc_dist": [79.42857142857143, 79.0, 75.42857142857143], "mean_curve": [25.19047619047619, 68.19047619047619, 72.6190476190476, 73.6190476190476, 73.95238095238095, 74.57142857142857, 75.28571428571429, 75.66666666666667, 76.19047619047619, 76.3809523809524, 76.66666666666667, 77.0, 77.19047619047619, 77.28571428571428, 77.33333333333333, 77.52380952380953, 77.42857142857143, 77.57142857142857, 77.80952380952381, 77.95238095238095, 77.95238095238096, 77.95238095238096], "var_curve": [8.84125559259061, 2.928474640289865, 6.128258770283411, 4.91330739616004, 3.344877967397327, 2.626396615835749, 2.138089935299394, 1.9178124348192638, 2.0548046676563207, 1.8892223261788008, 1.6996731711975905, 1.726149424799226, 1.7509310772238358, 1.8220120447341912, 1.8747637795266254, 1.9424836242258223, 1.962228359813007, 1.7418420150639897, 1.8082702424807136, 1.8999940326914255, 1.7931590841678786, 1.7931590841678786], "train_loss": [1.123975859142485, 0.9483798072451637, 0.9045477876209077, 0.8887211972191221, 0.8887781633649553, 0.9354650588262649, 1.0007423909505209, 1.0095170375279017, 0.9854936290922618, 0.8924957856677828, 0.8438832600911459, 0.8316828264508929, 0.8274811226981026, 0.825731695265997, 0.8256591651553199, 0.8282024419875372, 0.8370542399088542, 0.8569700113932291, 0.8804459054129464, 0.8850887916201637, 0.8633947463262649, 0.8346936616443452, 0.8178662109375, 0.8098960367838542, 0.8064150855654763, 0.8054868861607143, 0.8063697742280506, 0.8087107340494791, 0.8120432826450893, 0.8155200195312501, 0.8179825265066966, 0.8184538051060267, 0.8167145937965031, 0.8133964029947917, 0.8095077369326636, 0.8058812023344494, 0.8029516310918899, 0.8008329264322916, 0.7994642275855655, 0.7987120128813244, 0.7984145100911458, 0.7983987862723215, 0.7984912981305804, 0.7985331798735119, 0.7984022449311756, 0.7980298723493303, 0.7974071974981398, 0.7965765962146577, 0.7956119501023066, 0.7945956275576637, 0.7936006963820684, 0.7926802571614583, 0.7918648274739583, 0.7911639985584077, 0.7905712309337797, 0.7900690278552828, 0.7896332077752977, 0.7892376999627976, 0.7888582647414434, 0.7884749639601933, 0.7880743698846727, 0.7876491292317708, 0.7871988641648066, 0.7867277018229166, 0.7862433442615328, 0.7857548304966517, 0.7852709379650298, 0.784799310593378, 0.7843451218377976, 0.7839114815848215, 0.783499029250372, 0.7831068929036459, 0.7827324567522321, 0.7823724365234375, 0.7820235188802084, 0.78168209984189, 0.7813454764229911, 0.7810116141183036, 0.7806792340959822, 0.780347900390625, 0.7800177292596726, 0.7796893601190477, 0.779363752092634, 0.7790418643043154, 0.7787248883928571, 0.7784134056454614, 0.7781079392206101, 0.7778090122767857, 0.7775162760416667, 0.7772297595796132, 0.7769490850539436, 0.7766736130487351, 0.7764030529203869, 0.7761367361886161, 0.7758741106305805, 0.7756149437313988, 0.7753588576543899, 0.7751057942708334, 0.7748555791945684, 0.7746082705543155, 0.774363781156994, 0.7741223435174852, 0.7738839285714286, 0.7736485944475446, 0.7734164574032737, 0.7731873430524554, 0.7729614257812499, 0.7727387346540179, 0.772519008091518, 0.7723021879650297, 0.7720882161458333, 0.7718769182477678, 0.7716683233351934, 0.7714621407645089, 0.7712583705357142, 0.7710570417131697, 0.7708579217819941, 0.7706610688709077, 0.7704663667224702, 0.7702738444010416, 0.7700832984561012, 0.7698949323381696, 0.7697087169828869, 0.769524390811012, 0.7693421863374256, 0.7691619291759673, 0.768983648390997, 0.7688073149181548, 0.7686326962425595, 0.7684601120721726, 0.7682893298921131, 0.7681202915736606, 0.7679528517950148, 0.767787359328497, 0.7676234363374256, 0.7674610828218006, 0.7673003859747024, 0.7671411132812499, 0.7669834972563244, 0.7668274507068453, 0.7666727701822916, 0.7665195719401042, 0.7663678850446428, 0.7662175932384673, 0.7660686383928571, 0.7659211077008928, 0.7657749139694939, 0.7656300862630209, 0.7654865373883929, 0.7653443836030506, 0.7652033923921131, 0.7650635928199404, 0.7649251302083333, 0.764787859235491, 0.7646517508370536, 0.7645168050130208, 0.7643830217633928, 0.7642504010881698, 0.764118884858631, 0.7639884440104168, 0.7638590785435269, 0.7637308756510417, 0.7636035737537202, 0.7634773763020833, 0.7633522542317709, 0.763228062220982, 0.763104974655878, 0.7629827299572173, 0.7628614734468006, 0.7627412632533482, 0.7626219249906994, 0.7625034877232143, 0.762385980515253, 0.7622692871093749, 0.7621536109561012, 0.762038806733631, 0.7619248453776041, 0.7618116106305804, 0.7616993059430803, 0.7615878441220237, 0.7614772251674107, 0.7613673618861606, 0.761258283342634, 0.7611500476655507, 0.7610425385974703, 0.7609358142671132, 0.7608298165457589, 0.760724603562128, 0.7606200590587798, 0.7605162702287945, 0.7604132370721727, 0.7603108433314731, 0.7602091180710566, 0.7601082356770833, 0.7600079055059524, 0.7599083600725446, 0.7598094831194198, 0.7597111293247768, 0.7596135021391369, 0.7595165143694197, 0.7594201660156249], "client_accs": {"T-shirt": [27.0, 72.14285714285714, 81.14285714285714, 80.14285714285714, 78.28571428571429, 77.85714285714286, 77.57142857142857, 77.42857142857143, 77.71428571428571, 77.85714285714286, 78.14285714285714, 78.42857142857143, 78.42857142857143, 78.71428571428571, 79.0, 79.42857142857143, 79.28571428571429, 79.14285714285714, 79.42857142857143, 79.57142857142857, 79.42857142857143, 79.42857142857143], "pullover": [13.571428571428571, 67.28571428571429, 69.71428571428571, 72.42857142857143, 73.42857142857143, 74.42857142857143, 75.85714285714286, 76.57142857142857, 77.57142857142857, 77.57142857142857, 77.57142857142857, 78.0, 78.42857142857143, 78.42857142857143, 78.28571428571429, 78.28571428571429, 78.28571428571429, 78.42857142857143, 78.71428571428571, 79.0, 79.0, 79.0], "shirt": [35.0, 65.14285714285714, 67.0, 68.28571428571429, 70.14285714285714, 71.42857142857143, 72.42857142857143, 73.0, 73.28571428571429, 73.71428571428571, 74.28571428571429, 74.57142857142857, 74.71428571428571, 74.71428571428571, 74.71428571428571, 74.85714285714286, 74.71428571428571, 75.14285714285714, 75.28571428571429, 75.28571428571429, 75.42857142857143, 75.42857142857143]}}