{"acc_dist": [76.42857142857143, 72.0, 68.28571428571429], "mean_curve": [25.19047619047619, 60.761904761904766, 65.38095238095237, 67.33333333333333, 68.38095238095237, 68.33333333333333, 67.95238095238095, 68.6190476190476, 69.47619047619048, 69.76190476190477, 69.95238095238096, 70.0, 70.14285714285715, 70.47619047619048, 70.47619047619048, 70.76190476190476, 71.09523809523809, 71.42857142857143, 71.57142857142857, 71.71428571428571, 72.19047619047619, 72.23809523809524], "var_curve": [8.84125559259061, 19.68954048562707, 21.78819918173061, 18.410413103936488, 12.25041070161636, 7.3218834547036495, 5.55042847317463, 5.79271573232759, 5.952571425523906, 5.921634878746598, 5.244152342070934, 4.696213556548245, 4.31891898795171, 4.12777770147987, 3.9629806231548934, 4.1112643226951215, 3.7928205241409274, 3.5913728828504428, 3.364480330029655, 3.2908861986992375, 3.3853090642240447, 3.328568022343102], "train_loss": [1.123975859142485, 1.1012349155970982, 1.079224155970982, 1.0584671747116816, 1.0394189162481398, 1.0223932175409225, 1.0075141834077381, 0.9947247895740329, 0.9838412911551339, 0.9746185593377975, 0.966801263718378, 0.9601546805245537, 0.9544780331566219, 0.9496082705543154, 0.9454175095331102, 0.9418097795758928, 0.9387176804315476, 0.9360983131045387, 0.9339311000279018, 0.9322132510230654, 0.9309568859281994, 0.9301829020182292, 0.9299134463355654, 0.930166509719122, 0.9309480503627232, 0.93224609375, 0.9340277971540178, 0.9362368338448661, 0.9387930152529762, 0.9415936279296875, 0.9445171247209821, 0.9474311174665179, 0.9502002534412202, 0.9526981026785714, 0.9548128545851934, 0.9564554559616815, 0.9575593784877232, 0.9580801246279762, 0.9579929896763394, 0.9572891380673362, 0.9559732782273066, 0.9540627325148808, 0.9515870303199406, 0.9485888671875, 0.9451253836495536, 0.9412677001953126, 0.9370999581473214, 0.9327155412946428, 0.9282105073474702, 0.9236782110305061, 0.9192013695126487, 0.9148484293619793, 0.9106707182384673, 0.9067036946614583, 0.9029673258463541, 0.8994703601655506, 0.8962127104259672, 0.8931878662109375, 0.8903861490885417, 0.8877953229631697, 0.88540283203125, 0.8831952485584077, 0.881160162062872, 0.8792855108351935, 0.8775603085472469, 0.8759739467075893, 0.8745172119140624, 0.8731812104724703, 0.8719579787481399, 0.8708404831659227, 0.8698216901506696, 0.8688955252511161, 0.8680563209170388, 0.8672984677269344, 0.8666171409970239, 0.8660072544642857, 0.8654641287667411, 0.8649831136067708, 0.8645597040085565, 0.8641895984468005, 0.8638680303664433, 0.8635904657273065, 0.8633524286179316, 0.8631490943545387, 0.862975841703869, 0.8628278169177829, 0.8627001662481399, 0.862588152204241, 0.8624868919735863, 0.8623915027436756, 0.8622975667317708, 0.8622002883184524, 0.8620956566220238, 0.8619793701171874, 0.8618479701450893, 0.8616979108537947, 0.8615262276785715, 0.8613304210844493, 0.86110842750186, 0.8608584449404763, 0.8605792526971726, 0.8602703857421875, 0.8599313499813989, 0.8595624069940476, 0.8591639927455358, 0.8587373279389882, 0.8582833426339286, 0.8578038969494047, 0.8573005022321428, 0.8567753383091518, 0.8562306431361607, 0.8556684512183779, 0.8550912620907738, 0.854501226515997, 0.8539009021577381, 0.8532925560360863, 0.8526784261067708, 0.8520605178106399, 0.8514410981677827, 0.8508219401041667, 0.8502049328031994, 0.8495916166759673, 0.8489836774553572, 0.8483824521019345, 0.8477889578683037, 0.8472044445219494, 0.8466298130580358, 0.8460659644717262, 0.845513421921503, 0.8449728248232887, 0.8444448416573661, 0.843929443359375, 0.8434269496372768, 0.8429379127139137, 0.8424619256882441, 0.8419993373325892, 0.8415499151320684, 0.8411136300223214, 0.8406904238746279, 0.8402797444661458, 0.8398817371186755, 0.8394956752232142, 0.8391214715866816, 0.8387587774367559, 0.8384071277436757, 0.8380662899925596, 0.8377355375744048, 0.8374146089099703, 0.8371030970982143, 0.8368004499162947, 0.8365062023344495, 0.8362200055803571, 0.8359412202380953, 0.8356694975353421, 0.8354042561848959, 0.8351451474144346, 0.8348917352585565, 0.8346434674944198, 0.8344000244140625, 0.834160882859003, 0.8339256940569196, 0.8336939929780506, 0.8334654017857144, 0.8332397460937501, 0.8330163864862352, 0.8327952938988096, 0.8325757417224703, 0.8323578752790178, 0.8321410842168899, 0.8319253685360865, 0.8317102922712053, 0.831495884486607, 0.8312815348307292, 0.8310674467540923, 0.8308532133556548, 0.8306388636997767, 0.8304241943359375, 0.8302091180710565, 0.8299937220982142, 0.8297775995163691, 0.8295609537760417, 0.8293435814267113, 0.8291256859188988, 0.8289069184802828, 0.8286876278831846, 0.8284676688058035, 0.8282472156343005, 0.8280260939825149, 0.8278043910435269, 0.8275823393322174, 0.8273599388485863, 0.8271371314639137, 0.8269141206287203, 0.8266909644717262, 0.8264677501860119, 0.8262445940290178, 0.8260215250651042, 0.8257986886160714, 0.8255762009393601, 0.8253540910993303, 0.825132562546503], "client_accs": {"T-shirt": [27.0, 84.0, 88.71428571428571, 88.0, 83.57142857142857, 78.0, 75.42857142857143, 76.42857142857143, 77.57142857142857, 77.85714285714286, 77.0, 76.28571428571429, 76.0, 76.14285714285714, 75.85714285714286, 76.28571428571429, 76.14285714285714, 76.28571428571429, 76.14285714285714, 76.0, 76.42857142857143, 76.42857142857143], "pullover": [13.571428571428571, 62.42857142857143, 71.14285714285714, 70.71428571428571, 68.0, 66.71428571428571, 66.28571428571429, 66.85714285714286, 67.42857142857143, 67.57142857142857, 68.42857142857143, 68.71428571428571, 68.71428571428571, 68.85714285714286, 69.14285714285714, 69.57142857142857, 70.14285714285714, 70.28571428571429, 70.42857142857143, 71.14285714285714, 72.0, 72.0], "shirt": [35.0, 35.857142857142854, 36.285714285714285, 43.285714285714285, 53.57142857142857, 60.285714285714285, 62.142857142857146, 62.57142857142857, 63.42857142857143, 63.857142857142854, 64.42857142857143, 65.0, 65.71428571428571, 66.42857142857143, 66.42857142857143, 66.42857142857143, 67.0, 67.71428571428571, 68.14285714285714, 68.0, 68.14285714285714, 68.28571428571429]}}