{"acc_dist": [86.42857142857143, 84.14285714285714, 70.57142857142857], "mean_curve": [38.476190476190474, 71.14285714285715, 73.52380952380952, 74.76190476190476, 75.66666666666667, 76.90476190476191, 77.80952380952381, 78.19047619047619, 78.76190476190477, 79.14285714285714, 79.42857142857143, 79.61904761904763, 79.66666666666667, 79.66666666666667, 79.66666666666667, 79.66666666666667, 80.09523809523809, 80.23809523809524, 80.28571428571429, 80.3809523809524, 80.33333333333333, 80.38095238095237], "var_curve": [12.896412691809314, 24.374627155704182, 21.778830554404436, 19.381712866792597, 17.326921891156037, 15.562615825685235, 14.236741454990177, 13.346422147039412, 12.438875495106721, 11.662487103623175, 10.899041960019169, 10.206262805430532, 9.72151924896189, 9.303158218286258, 8.90565312576073, 8.467089817482998, 8.140211210328202, 7.740988470107098, 7.475128829686358, 7.233080969922865, 6.973548987963615, 6.9988661213175805], "train_loss": [1.0864107549758184, 0.9303617350260417, 0.9010768200102307, 0.8856038702101935, 0.8737819126674108, 0.8643436686197917, 0.8566311645507811, 0.850181870233445, 0.8446918451218378, 0.8399454025995164, 0.8357849847702753, 0.8320935639880952, 0.8287831043061754, 0.8257862926664807, 0.8230510602678572, 0.820535903204055, 0.8182080950055804, 0.8160407802036831, 0.8140125383649554, 0.8121060180664063, 0.8103082856677828, 0.8086094592866444, 0.8070023454938616, 0.8054816255115327, 0.8040441167922247, 0.8026880754743303, 0.8014109874906993, 0.800208275204613, 0.7990731520879836, 0.7979984973725819, 0.7969780767531622, 0.7960066586449033, 0.7950798397972471, 0.7941941179547992, 0.7933464849562872, 0.7925342087518601, 0.7917547607421875, 0.7910063825334821, 0.7902869669596354, 0.7895948864164807, 0.7889285568963914, 0.7882865687779018, 0.7876674543108259, 0.7870701526460193, 0.7864935593377975, 0.7859364100864955, 0.7853980654761905, 0.784877203078497, 0.7843732270740328, 0.7838853381928944, 0.7834127226329984, 0.782954610188802, 0.7825105794270834, 0.7820797002883184, 0.781661609468006, 0.7812555512927828, 0.7808612932477678, 0.7804781087239583, 0.7801056344168527, 0.7797433035714286, 0.7793908836728051, 0.77904782249814, 0.7787137276785714, 0.7783885265531993, 0.7780714053199405, 0.7777625674293155, 0.777461184547061, 0.7771671840122768, 0.7768804495675224, 0.776600574311756, 0.7763272530691964, 0.7760603986467635, 0.7757994878859747, 0.7755444771902903, 0.7752953229631695, 0.7750515892392112, 0.7748131161644345, 0.7745797874813989, 0.7743514288039434, 0.7741277785528274, 0.7739088367280506, 0.7736942836216518, 0.7734840320405506, 0.7732779075985863, 0.7730759684244791, 0.7728778076171876, 0.7726833961123512, 0.7724927339099702, 0.7723055884951636, 0.7721218436104911, 0.7719415864490328, 0.7717644973028275, 0.771590547107515, 0.7714197067987351, 0.7712518891834078, 0.7710868326822916, 0.7709247116815477, 0.7707653517950149, 0.7706087239583334, 0.7704545956566221, 0.7703029087611607, 0.7701539248511905, 0.7700071207682292, 0.7698628162202382, 0.7697207496279761, 0.7695809209914435, 0.7694431559244791, 0.7693075706845237, 0.7691739618210565, 0.7690424165271578, 0.7689128476097471, 0.7687851097470239, 0.7686592320033482, 0.7685351853143602, 0.768412853422619, 0.7682922653924851, 0.7681732759021577, 0.7680559430803572, 0.7679402378627233, 0.7678260730561757, 0.7677132161458333, 0.767602074032738, 0.7674922688802083, 0.7673837425595238, 0.7672766694568453, 0.7671708461216519, 0.7670662725539433, 0.7669630359468007, 0.7668610491071428, 0.7667601957775299, 0.7666604759579613, 0.7665618896484375, 0.766464378720238, 0.7663680303664434, 0.7662727573939732, 0.7661783854166666, 0.7660850016276042, 0.7659926060267858, 0.7659011695498511, 0.7658106340680804, 0.7657209995814732, 0.7656321788969495, 0.7655441429501488, 0.765457007998512, 0.7653707159133184, 0.7652850341796874, 0.7652001953125, 0.765115995861235, 0.7650325520833334, 0.7649498349144346, 0.7648676409040179, 0.7647862025669644, 0.7647053164527531, 0.764625011625744, 0.7645452008928572, 0.7644660005115327, 0.7643875267392114, 0.7643093436104911, 0.7642317998976935, 0.7641546921502975, 0.7640781947544643, 0.7640021333240328, 0.7639266822451637, 0.7638516961960565, 0.7637772333054316, 0.7637032354445684, 0.7636297898065476, 0.7635568382626489, 0.7634844389415921, 0.7634124465215774, 0.763341064453125, 0.7632700311569941, 0.763199462890625, 0.7631292724609375, 0.7630596923828126, 0.7629903738839285, 0.7629215494791667, 0.7628531029110862, 0.762785150437128, 0.7627174886067708, 0.7626502336774553, 0.7625833275204613, 0.7625167120070685, 0.7624503871372768, 0.7623846144903274, 0.7623188999720982, 0.7622536795479911, 0.7621886916387649, 0.7621239653087798, 0.762059587751116, 0.7619954136439732, 0.7619316173735119, 0.7618679664248512, 0.7618045479910713, 0.7617415364583332, 0.761678728376116, 0.7616160946800595, 0.7615536644345239, 0.761491437639509, 0.7614295014880953, 0.7613677397228423], "client_accs": {"T-shirt": [56.714285714285715, 95.14285714285714, 94.71428571428571, 94.14285714285714, 93.0, 93.0, 92.57142857142857, 92.0, 91.42857142857143, 91.0, 90.0, 89.0, 88.57142857142857, 88.14285714285714, 87.85714285714286, 87.28571428571429, 87.28571428571429, 87.14285714285714, 87.0, 86.85714285714286, 86.42857142857143, 86.42857142857143], "pullover": [29.285714285714285, 80.57142857142857, 82.28571428571429, 81.85714285714286, 82.0, 81.85714285714286, 82.28571428571429, 82.42857142857143, 83.0, 83.14285714285714, 83.85714285714286, 84.42857142857143, 84.28571428571429, 84.14285714285714, 83.85714285714286, 83.85714285714286, 84.28571428571429, 84.14285714285714, 84.0, 84.0, 84.0, 84.14285714285714], "shirt": [29.428571428571427, 37.714285714285715, 43.57142857142857, 48.285714285714285, 52.0, 55.857142857142854, 58.57142857142857, 60.142857142857146, 61.857142857142854, 63.285714285714285, 64.42857142857143, 65.42857142857143, 66.14285714285714, 66.71428571428571, 67.28571428571429, 67.85714285714286, 68.71428571428571, 69.42857142857143, 69.85714285714286, 70.28571428571429, 70.57142857142857, 70.57142857142857]}}