{"acc_dist": [75.0, 64.85714285714286, 74.14285714285714], "mean_curve": [27.76190476190476, 50.42857142857142, 60.19047619047618, 60.95238095238094, 64.0, 65.04761904761905, 65.61904761904762, 66.47619047619047, 67.42857142857143, 68.14285714285715, 68.85714285714285, 69.38095238095237, 69.80952380952381, 70.0, 70.23809523809523, 70.66666666666667, 71.0, 70.95238095238095, 71.09523809523809, 71.14285714285714, 71.23809523809524, 71.33333333333333], "var_curve": [18.10488464676211, 10.101525445522105, 17.41230049754426, 10.873629921254404, 9.409070742900067, 9.11329546294925, 7.600871175752522, 7.71105164425174, 7.373421657465109, 6.955641766289607, 6.758214955722782, 6.260048611375157, 5.726574088724496, 5.519292077251719, 5.306052677022521, 4.940920806155308, 4.875316141851024, 4.805514594873469, 4.874385826769213, 4.670066788550654, 4.536073601565659, 4.592708408068373], "train_loss": [1.1456990850539432, 1.132799566359747, 1.1195450846354167, 1.1051689220610117, 1.0883279273623512, 1.0675487699962798, 1.0435023425874255, 1.0215263439360118, 1.0061112467447917, 0.9960050165085566, 0.9888549514043898, 0.9834170386904763, 0.9792081705729166, 0.9761360677083332, 0.9743466622488839, 0.9741956147693452, 0.9758140636625744, 0.9788665480840774, 0.982866443452381, 0.9871761939639137, 0.9911014229910714, 0.9940495954241072, 0.9956973121279762, 0.9960984293619791, 0.9953930082775297, 0.9935268438430058, 0.9904172479538692, 0.9859044247581844, 0.9798039318266368, 0.972037353515625, 0.962801281156994, 0.9526976085844495, 0.9426561046781994, 0.9335856991722471, 0.9260298665364584, 0.9201185825892857, 0.9157473318917412, 0.9127522205171131, 0.9109942626953126, 0.9103686523437501, 0.9107831101190476, 0.9121277727399554, 0.9142579578218006, 0.9169941638764881, 0.920135236467634, 0.9234653436569941, 0.9267493838355655, 0.9297185407366072, 0.932066185360863, 0.933469964890253, 0.9336409505208333, 0.9323801676432292, 0.9296249534970237, 0.9254761323474702, 0.9202051653180803, 0.9142250279017857, 0.9080164736793156, 0.9020234026227679, 0.8965694463820685, 0.8918312290736607, 0.8878662109375001, 0.8846593075706846, 0.8821667480468749, 0.8803407505580357, 0.8791421363467262, 0.8785418119884673, 0.8785169910249255, 0.8790434047154019, 0.880086698986235, 0.8815935988653273, 0.8834839157831101, 0.8856467110770089, 0.8879382614862351, 0.8901865931919642, 0.8922008114769345, 0.8937887427920387, 0.894777337937128, 0.8950362432570685, 0.894496343703497, 0.8931608654203869, 0.891105201357887, 0.8884652564639137, 0.8854171026320685, 0.8821502104259672, 0.8788428896949405, 0.8756439790271577, 0.8726637776692708, 0.8699749465215775, 0.8676181175595238, 0.8656103224981399, 0.8639542643229167, 0.8626434907459077, 0.8616678292410714, 0.8610154215494793, 0.8606731887090774, 0.8606265113467262, 0.8608573986235118, 0.8613424246651786, 0.8620501708984375, 0.8629394240606398, 0.8639580717540923, 0.8650427827380952, 0.8661208670479911, 0.8671141706194195, 0.867943580264137, 0.8685368710472471, 0.8688347807384673, 0.8687965320405505, 0.8684055001395089, 0.8676690092540923, 0.8666175188337052, 0.865300554547991, 0.8637799072265625, 0.8621237327938989, 0.8603992861793155, 0.8586687360491072, 0.8569852992466518, 0.8553917294456846, 0.8539204915364583, 0.8525945754278274, 0.8514287748790922, 0.8504317510695684, 0.8496067010788689, 0.8489535377139137, 0.8484685988653274, 0.8481462751116071, 0.847977992466518, 0.8479530261811755, 0.8480579194568452, 0.8482758149646578, 0.8485875011625744, 0.8489694068545387, 0.8493955485026042, 0.8498371233258929, 0.8502634393601189, 0.8506436883835565, 0.8509478469122024, 0.8511490885416667, 0.8512250337146577, 0.8511594645182292, 0.8509435744512649, 0.8505758812313987, 0.8500631277901786, 0.8494185965401786, 0.8486612665085566, 0.8478141857328869, 0.8469029599144345, 0.8459531366257441, 0.8449901181175595, 0.8440368942987352, 0.8431138683500744, 0.8422382754371279, 0.8414241245814731, 0.8406819370814733, 0.8400194440569196, 0.8394417317708335, 0.8389510963076637, 0.8385482352120536, 0.8382314046223959, 0.837997320265997, 0.8378413318452381, 0.8377569580078127, 0.8377365548270089, 0.8377705601283482, 0.8378492082868304, 0.8379605538504463, 0.8380925351097471, 0.8382322765531994, 0.8383664376395089, 0.8384824625651043, 0.838567621140253, 0.8386108398437501, 0.8386026436941965, 0.8385351853143601, 0.8384034656343005, 0.8382046944754465, 0.8379387555803571, 0.8376081194196429, 0.8372175816127232, 0.8367738850911458, 0.8362855747767858, 0.8357623000372024, 0.8352141752697172, 0.8346517508370536, 0.8340851702008929, 0.8335243733723958, 0.8329779343377975, 0.8324538748604912, 0.8319588797433036, 0.8314982677641369, 0.8310766892206102, 0.8306966727120536, 0.830360339936756, 0.83006838843936, 0.8298204403831845, 0.829615216936384, 0.8294505964006696, 0.8293236723400298, 0.8292304048084077, 0.8291665504092262, 0.8291270519438244], "client_accs": {"T-shirt": [2.2857142857142856, 57.57142857142857, 84.71428571428571, 76.14285714285714, 77.28571428571429, 77.28571428571429, 75.28571428571429, 76.57142857142857, 76.0, 75.85714285714286, 76.14285714285714, 75.71428571428571, 75.57142857142857, 75.42857142857143, 75.57142857142857, 75.42857142857143, 75.71428571428571, 75.42857142857143, 75.42857142857143, 75.0, 75.0, 75.0], "pullover": [38.285714285714285, 57.57142857142857, 49.857142857142854, 51.285714285714285, 56.714285714285715, 55.42857142857143, 56.714285714285715, 57.857142857142854, 58.0, 59.0, 59.857142857142854, 60.857142857142854, 62.0, 62.42857142857143, 63.0, 63.857142857142854, 64.28571428571429, 64.28571428571429, 64.28571428571429, 64.57142857142857, 64.85714285714286, 64.85714285714286], "shirt": [42.714285714285715, 36.142857142857146, 46.0, 55.42857142857143, 58.0, 62.42857142857143, 64.85714285714286, 65.0, 68.28571428571429, 69.57142857142857, 70.57142857142857, 71.57142857142857, 71.85714285714286, 72.14285714285714, 72.14285714285714, 72.71428571428571, 73.0, 73.14285714285714, 73.57142857142857, 73.85714285714286, 73.85714285714286, 74.14285714285714]}}