{"acc_dist": [88.71428571428571, 73.42857142857143, 62.42857142857143], "mean_curve": [38.476190476190474, 63.8095238095238, 66.28571428571429, 67.66666666666667, 68.71428571428571, 69.42857142857143, 70.0, 70.85714285714285, 71.42857142857143, 71.66666666666667, 72.04761904761904, 72.28571428571428, 72.6190476190476, 73.09523809523809, 73.52380952380952, 73.95238095238095, 74.09523809523809, 74.33333333333333, 74.57142857142857, 74.66666666666667, 74.80952380952381, 74.85714285714285], "var_curve": [12.896412691809314, 25.056760960692223, 26.733250207684566, 26.35196963900185, 24.981081277012557, 24.254040970555, 23.25224003546038, 21.809003944729444, 20.7229866783422, 20.03885115358552, 19.222058379493888, 18.59997805572548, 17.413081849607604, 16.51069879209159, 15.630657705850394, 14.759907699015152, 14.121596975334864, 13.032838343332843, 12.289036095775185, 11.597755666849363, 10.833516481968324, 10.778537505074574], "train_loss": [1.0864107549758184, 1.064466058640253, 1.044123767671131, 1.0257764834449405, 1.009604724702381, 0.9955827694847471, 0.9835366966610865, 0.9732176281156995, 0.964360613141741, 0.9567175002325149, 0.9500731259300595, 0.9442476109095983, 0.9390942673456101, 0.9344948614211309, 0.9303537132626488, 0.9265941220238095, 0.9231544421968007, 0.9199846540178571, 0.9170442708333333, 0.9143002174014138, 0.9117254929315477, 0.9092977614629837, 0.9069992065429687, 0.9048147873651414, 0.9027323840913318, 0.9007415044875372, 0.8988342866443452, 0.8970034790039062, 0.8952435012090775, 0.8935493541899181, 0.8919172886439733, 0.8903436569940476, 0.8888254946754092, 0.8873602585565475, 0.8859455072312127, 0.8845790463402157, 0.8832586960565475, 0.8819827997116816, 0.8807496279761905, 0.8795569574265253, 0.8784037853422619, 0.877288106282552, 0.8762085687546503, 0.8751639375232516, 0.8741526867094495, 0.8731734502883185, 0.8722252836681547, 0.8713071405319942, 0.8704176693870908, 0.8695561000279017, 0.8687216477167038, 0.8679131208147322, 0.8671300252278646, 0.866371605282738, 0.86563717796689, 0.8649259730747767, 0.8642375110444568, 0.8635711524600075, 0.8629264032273065, 0.8623027837844122, 0.8616998436337425, 0.861116928827195, 0.8605538940429688, 0.8600100708007812, 0.8594850231352306, 0.858978503999256, 0.8584899611700149, 0.858019060407366, 0.8575653657459078, 0.8571285865420387, 0.856708286830357, 0.8563039143880209, 0.8559152657645089, 0.8555417015438987, 0.8551830182756697, 0.8548387218656993, 0.8545083472842262, 0.8541914295014882, 0.8538875906808036, 0.8535963367280507, 0.8533171154203868, 0.853049839564732, 0.8527935209728423, 0.8525479561941963, 0.8523127092633929, 0.8520869954427083, 0.8518707275390623, 0.8516630336216519, 0.8514636521112351, 0.8512720307849703, 0.8510876174200149, 0.8509099760509673, 0.8507384672619048, 0.8505728294735863, 0.8504125976562499, 0.8502572195870536, 0.8501060849144345, 0.8499590773809524, 0.8498155866350446, 0.8496752057756697, 0.8495376441592262, 0.8494022623697917, 0.8492689441499257, 0.8491371663411457, 0.8490067545572916, 0.8488773309616815, 0.8487484886532738, 0.8486201404389883, 0.8484918212890625, 0.8483634730747768, 0.8482345726376489, 0.8481050909133185, 0.8479749116443452, 0.8478438604445685, 0.8477117047991071, 0.8475781250000001, 0.8474432082403274, 0.8473067801339286, 0.8471685791015625, 0.8470288085937501, 0.84688720703125, 0.846743658156622, 0.8465982782273066, 0.8464508056640625, 0.8463014148530505, 0.8461500476655507, 0.8459965587797619, 0.8458411807105654, 0.8456836228143602, 0.8455241176060267, 0.8453626650855655, 0.8451991780598958, 0.8450338309151787, 0.844866478329613, 0.8446972656249999, 0.8445262218656994, 0.844353492373512, 0.8441791062127977, 0.8440029761904762, 0.8438251894996279, 0.8436458623976936, 0.8434651111421131, 0.8432827904110863, 0.8430992489769346, 0.8429141961960566, 0.8427279517764137, 0.8425404575892858, 0.8423518589564732, 0.8421619814918154, 0.8419713192894345, 0.8417796398344494, 0.8415869721912203, 0.8413933454241072, 0.8411990211123511, 0.8410038248697917, 0.8408079310825892, 0.8406114560081845, 0.8404142543247767, 0.840216529482887, 0.8400181652250743, 0.8398194812593006, 0.8396201869419643, 0.8394206891741072, 0.839220726376488, 0.8390203566778274, 0.8388197835286458, 0.8386190650576637, 0.8384180559430803, 0.8382168433779761, 0.8380154564267114, 0.8378140694754465, 0.8376125662667411, 0.8374110339936754, 0.8372094726562501, 0.8370079694475446, 0.8368065243675596, 0.8366050211588542, 0.8364037795293898, 0.8362025669642857, 0.8360015287853422, 0.8358007231212797, 0.8356001499720982, 0.8353996349516368, 0.835199468703497, 0.8349995640345981, 0.8347998628162202, 0.8346005103701636, 0.8344015357607887, 0.8342027646019345, 0.8340043422154019, 0.8338064429873512, 0.8336087762741816, 0.833411632719494, 0.833214867001488, 0.8330184209914435, 0.8328224400111607, 0.8326270403180804, 0.8324319893973214, 0.832237548828125, 0.8320433989025298, 0.8318499465215773], "client_accs": {"T-shirt": [56.714285714285715, 91.57142857142857, 94.28571428571429, 94.85714285714286, 94.71428571428571, 94.71428571428571, 95.0, 94.71428571428571, 94.57142857142857, 94.28571428571429, 94.14285714285714, 94.0, 93.14285714285714, 93.0, 92.57142857142857, 92.28571428571429, 91.71428571428571, 90.85714285714286, 90.28571428571429, 89.57142857142857, 88.71428571428571, 88.71428571428571], "pullover": [29.285714285714285, 69.0, 74.28571428571429, 76.14285714285714, 76.42857142857143, 76.85714285714286, 76.0, 75.85714285714286, 75.42857142857143, 75.14285714285714, 74.71428571428571, 74.28571428571429, 74.14285714285714, 73.71428571428571, 73.71428571428571, 73.42857142857143, 73.42857142857143, 73.14285714285714, 73.14285714285714, 73.14285714285714, 73.42857142857143, 73.42857142857143], "shirt": [29.428571428571427, 30.857142857142858, 30.285714285714285, 32.0, 35.0, 36.714285714285715, 39.0, 42.0, 44.285714285714285, 45.57142857142857, 47.285714285714285, 48.57142857142857, 50.57142857142857, 52.57142857142857, 54.285714285714285, 56.142857142857146, 57.142857142857146, 59.0, 60.285714285714285, 61.285714285714285, 62.285714285714285, 62.42857142857143]}}