{"acc_dist": [78.28571428571429, 78.14285714285714, 76.85714285714286], "mean_curve": [27.76190476190476, 70.85714285714286, 73.52380952380953, 74.04761904761905, 74.57142857142857, 75.19047619047619, 75.47619047619047, 75.76190476190476, 75.95238095238095, 76.09523809523809, 76.42857142857143, 76.95238095238095, 77.09523809523809, 77.19047619047619, 77.19047619047619, 77.42857142857143, 77.66666666666667, 77.76190476190476, 77.90476190476191, 77.9047619047619, 77.76190476190477, 77.76190476190477], "var_curve": [18.10488464676211, 20.232324107119037, 10.449316179386095, 6.236095644623236, 4.035556254807295, 3.195092608993575, 2.7013056387967307, 2.518863077226321, 2.232515841853533, 1.7664035229515629, 1.5430334996209192, 1.2580804584402718, 1.1683661091795496, 1.0837911120705714, 0.9782208849606722, 0.8411200825074142, 0.8192690730516785, 0.8908708063747467, 0.7030868123920644, 0.7766431633476191, 0.64241607443962, 0.64241607443962], "train_loss": [1.1456990850539432, 1.031824195498512, 0.9275821940104167, 0.8998871576218378, 0.8851528349376862, 0.8741004871186756, 0.8662813313802084, 0.8600918579101563, 0.8555207897367931, 0.8524514334542411, 0.8506329636346726, 0.8498178245907738, 0.8496505882626488, 0.8496781703404017, 0.8494793701171875, 0.8488005138578868, 0.8475840541294642, 0.8459036109561011, 0.8438848586309525, 0.8416539364769345, 0.8393151855468751, 0.8369464401971726, 0.83460205078125, 0.8323170689174108, 0.8301129150390625, 0.828001214890253, 0.8259867640904018, 0.8240698823474703, 0.8222483898344494, 0.8205183628627232, 0.8188749186197916, 0.8173128255208333, 0.8158270554315475, 0.8144122605096727, 0.8130635579427085, 0.8117763846261162, 0.8105464680989584, 0.8093697684151785, 0.8082428269159226, 0.8071620977492558, 0.8061246454148066, 0.8051275344122023, 0.8041682652064731, 0.8032443382626488, 0.8023536900111607, 0.8014941987537202, 0.8006640625, 0.7998615373883928, 0.799085199265253, 0.7983334205264137, 0.79760495140439, 0.7968984549386161, 0.7962128848121278, 0.7955472237723215, 0.7949001929873512, 0.7942713274274554, 0.7936595807756697, 0.79306396484375, 0.7924840436662947, 0.7919188871837797, 0.791367914109003, 0.7908306884765625, 0.790306396484375, 0.7897945731026784, 0.7892946079799108, 0.7888061232793899, 0.7883287411644346, 0.7878619675409225, 0.7874052211216518, 0.7869582984561013, 0.7865208507719493, 0.7860923839750744, 0.7856727236793155, 0.7852614629836309, 0.7848582821800596, 0.7844630068824405, 0.784075201125372, 0.7836947486514138, 0.7833213588169642, 0.782954828171503, 0.7825948660714287, 0.7822412690662203, 0.7818938918340774, 0.7815524437313988, 0.7812169247581845, 0.780886986142113, 0.7805624534970238, 0.7802432686941964, 0.7799292282831102, 0.7796200997488839, 0.7793159412202382, 0.7790164620535714, 0.7787214006696429, 0.7784309605189733, 0.7781448800223215, 0.7778628685360863, 0.7775850132533483, 0.7773111979166667, 0.7770413643973214, 0.7767751057942708, 0.7765127999441965, 0.7762539527529762, 0.7759986514136905, 0.7757467506045387, 0.7754982503255209, 0.7752530633835565, 0.7750109281994048, 0.7747721063523065, 0.7745363071986606, 0.7743035016741072, 0.7740735153924851, 0.7738464355468749, 0.7736222330729166, 0.7734005882626488, 0.7731817336309524, 0.7729655529203869, 0.7727519008091518, 0.7725407191685267, 0.772332007998512, 0.7721257963634672, 0.7719218517485119, 0.7717202613467262, 0.77152099609375, 0.7713239687965029, 0.7711290341331845, 0.7709362792968749, 0.7707456752232144, 0.7705571056547619, 0.7703705705915178, 0.770186040969122, 0.7700034877232143, 0.7698227364676339, 0.7696439906529019, 0.7694670177641368, 0.7692919049944198, 0.7691185360863096, 0.7689469401041666, 0.7687771751767113, 0.7686090087890625, 0.7684424409412203, 0.768277558826265, 0.7681143043154761, 0.7679525611514136, 0.7677924455915179, 0.7676337541852679, 0.7674766613188244, 0.7673209926060268, 0.7671668352399553, 0.7670139276413691, 0.766862531389509, 0.766712413969494, 0.7665636335100446, 0.7664161900111607, 0.766270025344122, 0.7661250523158483, 0.7659813871837797, 0.7658389136904762, 0.7656975446428572, 0.7655574253627232, 0.7654183233351936, 0.7652803838820685, 0.7651434616815477, 0.7650075276692707, 0.7648725237165178, 0.7647387114025297, 0.7646057128906251, 0.7644735572451636, 0.7643423316592263, 0.7642120070684525, 0.7640824381510417, 0.7639537702287947, 0.7638258870442708, 0.7636988176618303, 0.7635725911458334, 0.7634473237537202, 0.7633227539062499, 0.7631991431826637, 0.7630764625186012, 0.7629547700427827, 0.7628340657552083, 0.7627142915271579, 0.7625955345517114, 0.7624778529575894, 0.7623611014229911, 0.7622454252697173, 0.7621307663690476, 0.7620170375279018, 0.7619044712611607, 0.7617928350539435, 0.76168212890625, 0.7615724690755209, 0.7614636811755952, 0.7613560267857142, 0.7612492152622767, 0.7611433628627232, 0.761038324265253, 0.760934331984747, 0.7608310953776041, 0.7607287016369048, 0.7606271216982887, 0.760526355561756], "client_accs": {"T-shirt": [2.2857142857142856, 94.0, 87.71428571428571, 82.85714285714286, 80.14285714285714, 79.42857142857143, 79.14285714285714, 79.0, 78.85714285714286, 78.57142857142857, 78.57142857142857, 78.71428571428571, 78.71428571428571, 78.71428571428571, 78.57142857142857, 78.57142857142857, 78.71428571428571, 78.71428571428571, 78.71428571428571, 78.71428571428571, 78.28571428571429, 78.28571428571429], "pullover": [38.285714285714285, 73.85714285714286, 70.0, 70.0, 70.71428571428571, 71.71428571428571, 72.71428571428571, 72.85714285714286, 73.42857142857143, 74.57142857142857, 75.0, 75.85714285714286, 76.0, 76.28571428571429, 76.57142857142857, 77.14285714285714, 77.57142857142857, 78.0, 78.0, 78.14285714285714, 78.14285714285714, 78.14285714285714], "shirt": [42.714285714285715, 44.714285714285715, 62.857142857142854, 69.28571428571429, 72.85714285714286, 74.42857142857143, 74.57142857142857, 75.42857142857143, 75.57142857142857, 75.14285714285714, 75.71428571428571, 76.28571428571429, 76.57142857142857, 76.57142857142857, 76.42857142857143, 76.57142857142857, 76.71428571428571, 76.57142857142857, 77.0, 76.85714285714286, 76.85714285714286, 76.85714285714286]}}