{"acc_dist": [77.85714285714286, 78.28571428571429, 76.85714285714286], "mean_curve": [44.952380952380956, 69.66666666666667, 73.19047619047619, 74.33333333333333, 74.71428571428571, 75.33333333333334, 75.33333333333333, 75.47619047619047, 75.57142857142857, 75.76190476190476, 76.04761904761905, 76.23809523809523, 76.3809523809524, 76.57142857142857, 76.76190476190476, 76.90476190476191, 77.3809523809524, 77.42857142857143, 77.47619047619048, 77.57142857142857, 77.61904761904763, 77.66666666666667], "var_curve": [16.856470258306185, 17.438066630233227, 8.201819387784719, 4.352391372291375, 2.887929371439293, 1.7931590841678786, 1.1799534946060826, 1.0190921218587015, 0.8164965809277227, 0.6834619092574897, 0.7589227357385363, 0.7766431633476252, 0.6834619092574896, 0.6494372236659977, 0.5512303287042983, 0.44160088073788883, 0.7766431633476213, 0.8081220356417658, 0.6424160744396228, 0.6172133998483699, 0.6632565846278204, 0.5985621471417405], "train_loss": [1.058763689313616, 0.9383867826915923, 0.9097755214146206, 0.8926883951822916, 0.8784005446661087, 0.8671116129557292, 0.8588947114490327, 0.853025396437872, 0.8494803583054314, 0.8477645147414434, 0.8471478562127976, 0.8467896089099702, 0.8461360677083333, 0.8449905831473216, 0.8433810279482886, 0.8414224969773066, 0.8392413911365327, 0.8369459751674108, 0.8346182977585567, 0.8323156156994047, 0.8300753348214286, 0.8279200671968004, 0.8258613223121279, 0.8239036923363096, 0.8220467413039434, 0.8202872721354167, 0.818620343889509, 0.8170403180803572, 0.8155411493210566, 0.8141168212890625, 0.8127614048549109, 0.8114697265625, 0.8102368745349703, 0.8090579950241815, 0.807929222470238, 0.8068466622488839, 0.8058071172805059, 0.8048074486142113, 0.8038451276506696, 0.8029177711123512, 0.8020231701078869, 0.8011594935825892, 0.8003249686104912, 0.7995179094587054, 0.7987370082310269, 0.7979806082589286, 0.7972473725818453, 0.7965361386253721, 0.7958456275576639, 0.795174793061756, 0.7945226178850446, 0.7938880266462053, 0.7932704089936756, 0.7926687767392114, 0.7920824614025298, 0.7915109398251489, 0.7909534563337054, 0.7904096040271577, 0.7898785109747024, 0.7893600318545387, 0.788853527250744, 0.7883585030691963, 0.7878746977306547, 0.7874015880766368, 0.7869387962704613, 0.7864860316685268, 0.786042974562872, 0.7856092471168155, 0.7851845005580357, 0.7847682698567708, 0.784360584077381, 0.7839609491257441, 0.7835692196800595, 0.7831850760323661, 0.7828083728608631, 0.7824387032645089, 0.7820759800502232, 0.7817197672526043, 0.7813702683221727, 0.7810269019717263, 0.7806896391369046, 0.7803582763671875, 0.7800326974051339, 0.7797125825427828, 0.7793979608444941, 0.7790884544735862, 0.7787841796875, 0.7784849039713543, 0.7781902204241072, 0.7779003615606399, 0.7776150076729911, 0.7773341006324405, 0.7770574951171875, 0.7767849876767113, 0.7765167526971727, 0.7762522960844495, 0.7759918212890625, 0.7757351829892114, 0.775482177734375, 0.7752326892671131, 0.7749867757161458, 0.7747443498883927, 0.7745050048828125, 0.7742691766648067, 0.7740364583333333, 0.7738067626953126, 0.7735801478794643, 0.7733565266927083, 0.7731356375558035, 0.7729176548549107, 0.7727025204613095, 0.7724900309244792, 0.7722802734374999, 0.7720729282924107, 0.7718682570684524, 0.7716660853794642, 0.7714661807105654, 0.7712687174479167, 0.7710735502697172, 0.7708806791759674, 0.7706901041666666, 0.7705014764694941, 0.7703152320498511, 0.7701310802641369, 0.7699488757905506, 0.7697687639508928, 0.7695904831659227, 0.7694142659505209, 0.7692398797898066, 0.76906741187686, 0.7688967168898809, 0.7687278238932292, 0.7685606747581845, 0.768395269484747, 0.7682314918154761, 0.7680694289434524, 0.7679090518043155, 0.7677502150762648, 0.7675929768880208, 0.7674371919177827, 0.7672830054873513, 0.7671302722749256, 0.7669791085379464, 0.7668292526971726, 0.7666808791387649, 0.7665338425409226, 0.766388201032366, 0.7662439255487351, 0.7661009870256698, 0.765959269205729, 0.7658189464750743, 0.7656798153831845, 0.7655418759300595, 0.7654052153087797, 0.7652697172619046, 0.7651354980468751, 0.7650023251488095, 0.7648702857607886, 0.7647393798828125, 0.7646095784505209, 0.7644809395926339, 0.7643532889229911, 0.7642267426990328, 0.7641012427920386, 0.7639767310732887, 0.763853265671503, 0.7637307884579613, 0.7636092703683035, 0.7634887114025298, 0.7633691115606399, 0.7632505580357143, 0.7631327892485119, 0.7630159795851935, 0.7629000709170386, 0.7627850051153273, 0.76267086937314, 0.7625574602399553, 0.7624451846168155, 0.7623335484095982, 0.7622226969401042, 0.7621127464657738, 0.7620036097935268, 0.7618951706659226, 0.7617876034691221, 0.7616807919456846, 0.7615748523530507, 0.761469464983259, 0.7613649495442708, 0.7612610444568452, 0.7611579822358631, 0.761055646623884, 0.7609539504278273, 0.7608529517764137, 0.7607526216052828, 0.7606530471075148, 0.7605541410900297, 0.7604558163597471, 0.7603582473028275, 0.76026123046875, 0.7601649402436755, 0.7600691441127232], "client_accs": {"T-shirt": [65.42857142857143, 91.0, 84.0, 80.28571428571429, 78.71428571428571, 77.85714285714286, 77.0, 76.85714285714286, 76.71428571428571, 76.71428571428571, 77.0, 76.85714285714286, 77.0, 77.28571428571429, 77.28571428571429, 77.28571428571429, 78.0, 78.0, 77.85714285714286, 77.85714285714286, 77.85714285714286, 77.85714285714286], "pullover": [24.142857142857142, 69.71428571428571, 71.42857142857143, 72.71428571428571, 73.42857142857143, 74.28571428571429, 74.42857142857143, 74.42857142857143, 74.85714285714286, 75.42857142857143, 76.0, 76.71428571428571, 76.71428571428571, 76.71428571428571, 77.0, 77.14285714285714, 77.85714285714286, 78.0, 78.0, 78.14285714285714, 78.28571428571429, 78.28571428571429], "shirt": [45.285714285714285, 48.285714285714285, 64.14285714285714, 70.0, 72.0, 73.85714285714286, 74.57142857142857, 75.14285714285714, 75.14285714285714, 75.14285714285714, 75.14285714285714, 75.14285714285714, 75.42857142857143, 75.71428571428571, 76.0, 76.28571428571429, 76.28571428571429, 76.28571428571429, 76.57142857142857, 76.71428571428571, 76.71428571428571, 76.85714285714286]}}