{"acc_dist": [87.0, 70.14285714285714, 63.285714285714285], "mean_curve": [27.76190476190476, 39.85714285714286, 59.047619047619044, 63.333333333333336, 65.28571428571429, 67.0, 67.95238095238095, 69.3809523809524, 69.95238095238095, 70.71428571428571, 70.95238095238095, 71.28571428571429, 71.52380952380952, 71.76190476190476, 71.85714285714286, 72.28571428571429, 72.76190476190476, 72.80952380952381, 73.33333333333333, 73.57142857142857, 73.42857142857143, 73.47619047619047], "var_curve": [18.10488464676211, 22.25394561056747, 18.525339635666064, 24.319957184590553, 25.2990279719702, 25.314618937933652, 24.27516110578915, 22.322720597527614, 21.411845324058504, 19.958119415722635, 18.860870242484964, 18.134793858748978, 17.162422697115556, 15.923427883328248, 15.12172829628501, 14.049475260736283, 13.133191753095767, 12.24707841508396, 11.40314632159677, 10.730463976122241, 10.012916827845947, 9.964107923543288], "train_loss": [1.1456990850539432, 1.132799566359747, 1.119989972795759, 1.1072386242094494, 1.0944063023158481, 1.081271682012649, 1.0676038178943452, 1.0532711937313988, 1.0383766682942708, 1.0233473714192707, 1.0088600086030506, 0.995573236374628, 0.9838614036923362, 0.9737669154575892, 0.96512448265439, 0.9577003406343007, 0.9512698218936011, 0.9456432814825148, 0.9406692650204613, 0.936228986467634, 0.932228248232887, 0.9285928199404762, 0.9252638753255208, 0.9221931384858632, 0.9193423607235864, 0.9166794549851192, 0.9141786121186755, 0.9118182373046876, 0.9095804850260416, 0.9074506487165178, 0.9054167829241072, 0.9034686860584077, 0.9015980893089658, 0.8997982933407739, 0.89806396484375, 0.8963905697777158, 0.8947743733723957, 0.8932126581101191, 0.8917026047479538, 0.8902423676990328, 0.888830072312128, 0.8874642072405133, 0.8861431594122026, 0.8848653593517485, 0.8836295282273067, 0.8824340674990699, 0.881277596609933, 0.8801585460844494, 0.8790755208333333, 0.8780268787202381, 0.8770112537202381, 0.8760274541945684, 0.8750739978608632, 0.8741496349516368, 0.8732529703776043, 0.8723832484654018, 0.8715392485119047, 0.8707200259254092, 0.8699244907924107, 0.8691521199544271, 0.8684019833519345, 0.8676736595517113, 0.8669661748976935, 0.8662791806175596, 0.8656120518275671, 0.8649642508370535, 0.8643353271484374, 0.8637249465215774, 0.8631326003301711, 0.8625579833984375, 0.8620006016322544, 0.8614601498558407, 0.8609363083612352, 0.8604288010370164, 0.8599372355143228, 0.8594610886346725, 0.8590004911876861, 0.8585548037574405, 0.8581238374255952, 0.85770751953125, 0.8573051815941221, 0.8569167073567708, 0.856541718982515, 0.8561801002139137, 0.8558314732142858, 0.8554955473400297, 0.8551720319475447, 0.8548605201357886, 0.8545608665829613, 0.854272722516741, 0.853995826357887, 0.8537297421409971, 0.8534743245442709, 0.8532290213448661, 0.8529938034784226, 0.8527680605933781, 0.8525517054966518, 0.8523440987723214, 0.8521453276134673, 0.8519546072823662, 0.8517719668433781, 0.8515967087518601, 0.8514286876860119, 0.8512677001953125, 0.8511129324776786, 0.8509644135974703, 0.8508216785249255, 0.850684349423363, 0.8505519903273809, 0.8504243687220981, 0.8503010195777531, 0.8501817394438245, 0.8500660632905506, 0.8499537586030507, 0.8498445056733631, 0.8497376941499256, 0.8496332659040179, 0.8495309593563988, 0.8494302222842262, 0.8493310256231399, 0.8492329624720982, 0.8491355387369791, 0.8490389578683036, 0.8489425804501488, 0.8488463192894345, 0.8487500581287201, 0.8486533028738839, 0.8485559953962053, 0.8484579613095238, 0.8483589971633184, 0.8482588995070685, 0.8481574067615328, 0.8480546351841518, 0.8479502360026041, 0.8478442092168899, 0.8477364385695685, 0.847626488095238, 0.8475149100167411, 0.8474010649181548, 0.8472849527994791, 0.8471668061755953, 0.8470462762741816, 0.8469235084170387, 0.8467982119605654, 0.8466705612909227, 0.8465406436011905, 0.846407993861607, 0.8462731933593751, 0.8461358642578126, 0.8459960646856399, 0.8458538237072174, 0.8457091703869049, 0.8455620465959822, 0.84541259765625, 0.845260765438988, 0.8451065790085566, 0.8449502418154763, 0.8447915794735863, 0.8446306791759671, 0.8444675409226191, 0.8443023100353422, 0.8441350155784971, 0.843965802873884, 0.843794381277902, 0.8436212448846726, 0.8434461030505952, 0.8432693045479911, 0.8430905587332589, 0.8429102143787203, 0.8427281552269346, 0.8425445556640625, 0.8423594447544643, 0.8421727643694196, 0.8419847179594493, 0.8417953345889138, 0.8416045851934525, 0.8414126732235863, 0.8412195986793155, 0.8410253324962796, 0.8408298456101191, 0.8406334577287947, 0.8404360525948661, 0.8402377755301339, 0.8400386846633184, 0.8398386346726191, 0.8396378580729166, 0.8394364711216519, 0.8392342413039434, 0.8390315173921131, 0.8388282121930803, 0.8386242675781249, 0.8384199451264881, 0.8382151867094495, 0.8380100504557292, 0.8378044782366071, 0.8375986735026042, 0.8373925199962798, 0.8371861339750745, 0.8369796026320685, 0.836772984095982, 0.8365660167875744], "client_accs": {"T-shirt": [2.2857142857142856, 11.285714285714286, 72.71428571428571, 86.42857142857143, 90.14285714285714, 92.71428571428571, 93.42857142857143, 93.28571428571429, 93.28571428571429, 93.0, 92.71428571428571, 92.42857142857143, 92.0, 91.42857142857143, 90.85714285714286, 90.28571428571429, 89.71428571428571, 88.85714285714286, 88.57142857142857, 88.0, 87.0, 87.0], "pullover": [38.285714285714285, 65.57142857142857, 71.57142857142857, 73.85714285714286, 75.14285714285714, 75.71428571428571, 75.14285714285714, 75.28571428571429, 75.0, 74.57142857142857, 73.42857142857143, 73.28571428571429, 72.57142857142857, 71.42857142857143, 70.85714285714286, 70.57142857142857, 70.85714285714286, 70.42857142857143, 70.28571428571429, 70.42857142857143, 70.14285714285714, 70.14285714285714], "shirt": [42.714285714285715, 42.714285714285715, 32.857142857142854, 29.714285714285715, 30.571428571428573, 32.57142857142857, 35.285714285714285, 39.57142857142857, 41.57142857142857, 44.57142857142857, 46.714285714285715, 48.142857142857146, 50.0, 52.42857142857143, 53.857142857142854, 56.0, 57.714285714285715, 59.142857142857146, 61.142857142857146, 62.285714285714285, 63.142857142857146, 63.285714285714285]}}