{"acc_dist": [74.14285714285714, 70.14285714285714, 72.42857142857143], "mean_curve": [36.142857142857146, 50.095238095238095, 59.47619047619048, 64.52380952380953, 66.66666666666667, 67.42857142857143, 68.42857142857143, 69.09523809523809, 69.61904761904763, 70.19047619047619, 70.04761904761905, 70.19047619047619, 70.23809523809524, 70.57142857142857, 70.90476190476191, 71.14285714285715, 71.38095238095237, 71.61904761904762, 71.85714285714286, 72.04761904761905, 72.28571428571429, 72.23809523809524], "var_curve": [12.103296902842935, 24.133791854929314, 25.76828545222581, 23.32040458142332, 15.358453247895785, 8.401489987710836, 6.2237202602262744, 6.195602273253564, 6.231730668135571, 5.13932859551697, 4.475683861908261, 3.904181141479928, 3.268762343186762, 3.0926729297389515, 2.891068426030578, 2.5581668606787207, 2.572310254489434, 2.357022603955156, 2.099562636671294, 1.8674925286788218, 1.69432827377688, 1.6385381461033577], "train_loss": [1.112019537062872, 1.0976118687220981, 1.0832411702473959, 1.0694323149181548, 1.056351085844494, 1.0438166155133928, 1.0314764113653274, 1.0190164911179316, 1.0063752964564732, 0.9939165969122024, 0.9823676118396577, 0.9724126034691221, 0.9643019612630209, 0.9578692917596726, 0.9527828543526787, 0.948728783017113, 0.9454691859654017, 0.9428415934244793, 0.9407419259207589, 0.9391111828031994, 0.9379253278459821, 0.9371911330450149, 0.9369418770926338, 0.9372359502883185, 0.9381494140625, 0.9397631254650297, 0.9421405610584076, 0.9452952938988095, 0.9491611153738839, 0.9535755847749255, 0.9582929920014882, 0.9630248732793899, 0.9674910772414435, 0.9714606294177828, 0.9747694033668154, 0.9773173014322917, 0.9790526762462797, 0.9799554152715775, 0.9800217692057291, 0.9792552839006697, 0.977662091936384, 0.9752516682942708, 0.972041742234003, 0.9680674525669644, 0.9633916073753722, 0.9581143043154761, 0.9523769414992559, 0.9463552420479912, 0.9402407110305059, 0.9342156982421875, 0.9284296816871279, 0.9229869152250744, 0.9179443940662203, 0.9133206903366814, 0.9091066196986608, 0.9052772449311757, 0.9018000720796131, 0.898640398297991, 0.8957651774088542, 0.8931443277994792, 0.890751459030878, 0.8885634068080357, 0.8865607270740328, 0.8847266787574405, 0.8830468749999999, 0.8815093703497023, 0.8801036725725447, 0.87882077171689, 0.8776527913411458, 0.876593017578125, 0.8756353178478422, 0.8747743443080358, 0.8740051560174851, 0.8733228701636905, 0.8727232724144346, 0.8722019449869792, 0.8717547316778275, 0.871377214704241, 0.8710648600260417, 0.8708131045386905, 0.8706168038504464, 0.8704707845052084, 0.870369611467634, 0.8703070068359375, 0.870276867094494, 0.8702730887276786, 0.8702882021949404, 0.8703156098865327, 0.8703483072916667, 0.870379144577753, 0.8704014950706845, 0.8704084123883927, 0.8703937348865326, 0.8703515043712797, 0.8702767508370536, 0.8701643880208335, 0.8700108991350447, 0.8698130871000744, 0.8695686848958332, 0.8692761230468751, 0.8689349946521577, 0.8685452415829613, 0.8681080845424107, 0.8676250639415923, 0.8670984468005952, 0.8665309070405506, 0.8659260777064732, 0.8652872140066964, 0.8646183268229167, 0.8639234851655506, 0.8632067871093749, 0.8624723597935268, 0.8617242722284226, 0.8609663899739584, 0.8602026948474703, 0.8594364711216519, 0.858671148390997, 0.8579095458984375, 0.8571547154017858, 0.856408952985491, 0.8556742640904017, 0.8549527994791667, 0.8542460414341518, 0.8535552978515626, 0.8528817313058035, 0.8522264462425596, 0.8515897623697916, 0.8509724062965031, 0.8503745814732143, 0.8497965204148065, 0.8492382231212797, 0.8486996023995536, 0.8481804257347471, 0.8476805768694197, 0.8471993873232887, 0.8467367408389137, 0.8462918526785715, 0.8458641706194197, 0.8454533168247768, 0.84505859375, 0.8446791875930059, 0.8443144008091518, 0.8439636811755952, 0.8436261276971727, 0.8433011009579613, 0.8429880777994793, 0.842686040969122, 0.8423942347935268, 0.8421122233072916, 0.8418389892578125, 0.841573980422247, 0.8413164120628719, 0.8410655575706846, 0.8408209228515625, 0.8405818394252232, 0.8403476097470238, 0.8401175362723214, 0.8398911830357143, 0.8396678524925596, 0.8394472249348959, 0.8392286900111608, 0.8390117245628721, 0.8387960379464285, 0.8385810488746279, 0.8383664957682292, 0.8381518845331102, 0.8379370989118304, 0.8377216738746279, 0.8375055222284228, 0.8372881498790923, 0.837069585890997, 0.8368495105561755, 0.8366281273251488, 0.8364048839750744, 0.8361798676990327, 0.8359531656901042, 0.8357245163690475, 0.8354939778645832, 0.8352616083054315, 0.8350275530133929, 0.8347916376023066, 0.8345540073939732, 0.8343148077101935, 0.8340740966796875, 0.8338321068173363, 0.8335887509300596, 0.8333443196614584, 0.8330989292689731, 0.8328524925595238, 0.8326056489490327, 0.832358165922619, 0.8321103922526042, 0.8318623860677085, 0.8316143798828124, 0.8313665190197174, 0.8311189488002233, 0.8308718726748512, 0.8306253778366814, 0.8303796677362351, 0.8301349167596727, 0.8298911539713542], "client_accs": {"T-shirt": [39.285714285714285, 82.85714285714286, 89.85714285714286, 89.0, 84.28571428571429, 78.57142857142857, 77.14285714285714, 77.85714285714286, 78.42857142857143, 77.42857142857143, 76.28571428571429, 75.57142857142857, 74.71428571428571, 74.71428571428571, 74.71428571428571, 74.57142857142857, 74.85714285714286, 74.71428571428571, 74.42857142857143, 74.28571428571429, 74.28571428571429, 74.14285714285714], "pullover": [20.0, 25.428571428571427, 61.714285714285715, 71.42857142857143, 68.85714285714286, 65.42857142857143, 65.14285714285714, 64.71428571428571, 65.0, 66.0, 66.0, 66.42857142857143, 67.0, 67.28571428571429, 67.71428571428571, 68.42857142857143, 68.71428571428571, 69.0, 69.28571428571429, 69.71428571428571, 70.14285714285714, 70.14285714285714], "shirt": [49.142857142857146, 42.0, 26.857142857142858, 33.142857142857146, 46.857142857142854, 58.285714285714285, 63.0, 64.71428571428571, 65.42857142857143, 67.14285714285714, 67.85714285714286, 68.57142857142857, 69.0, 69.71428571428571, 70.28571428571429, 70.42857142857143, 70.57142857142857, 71.14285714285714, 71.85714285714286, 72.14285714285714, 72.42857142857143, 72.42857142857143]}}