{"acc_dist": [81.28571428571429, 81.0, 76.42857142857143], "mean_curve": [38.476190476190474, 71.90476190476191, 75.04761904761905, 76.28571428571429, 76.71428571428571, 77.0952380952381, 77.57142857142857, 77.80952380952381, 77.95238095238095, 77.90476190476191, 78.23809523809524, 78.3809523809524, 78.80952380952381, 79.14285714285715, 79.28571428571429, 79.52380952380952, 79.52380952380953, 79.66666666666667, 79.66666666666667, 79.61904761904763, 79.61904761904763, 79.57142857142857], "var_curve": [12.896412691809314, 19.474851508287326, 10.699566609147437, 6.3962148670796175, 4.892031560519168, 3.6033494118843103, 3.0595006484207645, 2.7238761230619217, 2.450415301003544, 2.39140562466471, 2.1707183466745645, 2.103878288988054, 2.1263917677872475, 2.073480100674019, 2.24971653543195, 2.208004403689452, 2.195646073028288, 2.1006423809631256, 2.1006423809631256, 2.2627817848603278, 2.256761068775768, 2.225394561056748], "train_loss": [1.0864107549758184, 0.9303617350260417, 0.9011281331380209, 0.8854737200055803, 0.8736600022088914, 0.8650425211588543, 0.8585872105189732, 0.8542108735584076, 0.8517190987723215, 0.8507811337425594, 0.8507436407180059, 0.8507913643973214, 0.8503564743768601, 0.849247552780878, 0.8475300525483632, 0.8453957112630208, 0.8430373128255209, 0.840592796688988, 0.8381489490327381, 0.8357577659970238, 0.8334482828776042, 0.8312359909784227, 0.8291271391369048, 0.8271227446056547, 0.8252208019438244, 0.8234170677548364, 0.8217065720331101, 0.8200839088076637, 0.8185432361421131, 0.8170789446149552, 0.8156855410621281, 0.81435791015625, 0.8130913434709822, 0.8118813360305058, 0.8107237025669644, 0.8096149262927828, 0.8085513741629464, 0.8075301397414435, 0.8065482875279018, 0.80560302734375, 0.8046925862630209, 0.8038143194289434, 0.8029665701729911, 0.8021474783761161, 0.8013553873697917, 0.8005888730003722, 0.799846423921131, 0.799126935686384, 0.7984290422712054, 0.7977517554873512, 0.7970940871465775, 0.7964550490606399, 0.7958337111700149, 0.7952293468656993, 0.7946409679594494, 0.7940680222284225, 0.7935098993210565, 0.7929659598214286, 0.7924352736700149, 0.7919176083519345, 0.7914121500651041, 0.7909187825520835, 0.7904365757533482, 0.7899654424758186, 0.7895047142392113, 0.7890541585286458, 0.7886131359281995, 0.7881815592447916, 0.7877589925130208, 0.7873451450892857, 0.786939435686384, 0.7865418352399552, 0.786152111235119, 0.7857698277064733, 0.785394781203497, 0.7850267101469495, 0.7846654692150298, 0.7843106515066965, 0.7839621988932292, 0.7836199079241072, 0.7832835751488094, 0.7829530261811756, 0.7826280285063244, 0.7823084368024554, 0.7819939022972471, 0.7816846575055804, 0.7813802664620536, 0.7810807582310267, 0.7807859002976191, 0.7804955182756697, 0.7802096121651786, 0.7799279494512649, 0.7796504138764883, 0.7793770345052083, 0.779107695079985, 0.7788419596354167, 0.778580089750744, 0.7783218529110864, 0.7780672200520833, 0.7778160749162947, 0.7775682431175595, 0.7773238409133185, 0.7770825485956102, 0.7768444533575148, 0.776609380812872, 0.7763773600260416, 0.7761482747395835, 0.7759220377604166, 0.7756986490885417, 0.7754780215308781, 0.775260009765625, 0.7750446137927827, 0.7748317464192708, 0.774621349516369, 0.7744134521484375, 0.7742078799293154, 0.774004632859003, 0.7738037400018601, 0.7736050560360863, 0.7734085228329614, 0.7732141113281251, 0.7730217924572172, 0.772831566220238, 0.7726432582310269, 0.7724569266183036, 0.7722725423177083, 0.7720900181361606, 0.7719093250093007, 0.7717304920014881, 0.7715534609840029, 0.7713781156994047, 0.7712046305338541, 0.7710328311011905, 0.7708626592726935, 0.7706943184988839, 0.770527576264881, 0.7703625778924851, 0.7701992071242559, 0.770037347702753, 0.7698771740141369, 0.769718511672247, 0.7695613897414434, 0.7694058663504464, 0.7692518543061756, 0.7690993245442709, 0.7689483061290923, 0.768798566545759, 0.7686503092447916, 0.7685035342261904, 0.768357892717634, 0.7682137916201636, 0.7680709693545387, 0.7679292515345982, 0.7677890159970238, 0.7676500011625745, 0.7675121198381696, 0.7673756336030507, 0.7672400774274554, 0.7671058582124256, 0.7669728015718006, 0.7668407912481398, 0.7667098853701636, 0.766580083937872, 0.766451416015625, 0.7663238234747025, 0.7661971028645834, 0.7660715738932291, 0.7659469459170386, 0.7658234223865327, 0.7657007998511904, 0.7655792236328125, 0.7654585484095983, 0.7653388032459078, 0.765219988141741, 0.7651021321614584, 0.7649850318545387, 0.7648689778645833, 0.764753853934152, 0.7646395147414435, 0.7645259893508185, 0.7644133068266369, 0.764301525297619, 0.7641904994419643, 0.7640802583240327, 0.7639708310081845, 0.7638621884300596, 0.7637542724609375, 0.7636472284226191, 0.7635409691220237, 0.7634353492373512, 0.7633304850260417, 0.7632264055524555, 0.7631229654947917, 0.7630203101748512, 0.7629183233351934, 0.7628170049758184, 0.7627164422898066, 0.762616460890997, 0.76251711890811, 0.7624185325985863, 0.7623205857049852], "client_accs": {"T-shirt": [56.714285714285715, 94.14285714285714, 89.0, 84.57142857142857, 83.14285714285714, 81.85714285714286, 81.57142857142857, 81.42857142857143, 81.0, 80.85714285714286, 80.71428571428571, 80.85714285714286, 81.14285714285714, 81.14285714285714, 81.28571428571429, 81.42857142857143, 81.28571428571429, 81.42857142857143, 81.42857142857143, 81.42857142857143, 81.28571428571429, 81.28571428571429], "pullover": [29.285714285714285, 74.85714285714286, 73.14285714285714, 75.28571428571429, 75.71428571428571, 76.28571428571429, 77.0, 77.14285714285714, 77.85714285714286, 77.85714285714286, 78.57142857142857, 78.57142857142857, 79.28571428571429, 80.0, 80.42857142857143, 80.71428571428571, 80.85714285714286, 80.85714285714286, 80.85714285714286, 81.0, 81.14285714285714, 81.0], "shirt": [29.428571428571427, 46.714285714285715, 63.0, 69.0, 71.28571428571429, 73.14285714285714, 74.14285714285714, 74.85714285714286, 75.0, 75.0, 75.42857142857143, 75.71428571428571, 76.0, 76.28571428571429, 76.14285714285714, 76.42857142857143, 76.42857142857143, 76.71428571428571, 76.71428571428571, 76.42857142857143, 76.42857142857143, 76.42857142857143]}}