{"acc_dist": [78.57142857142857, 78.57142857142857, 76.42857142857143], "mean_curve": [36.142857142857146, 71.61904761904762, 75.52380952380953, 75.33333333333333, 75.80952380952381, 76.0, 75.85714285714286, 76.09523809523809, 76.28571428571429, 76.80952380952381, 77.0, 77.09523809523809, 77.28571428571429, 77.28571428571428, 77.52380952380953, 77.57142857142857, 77.90476190476191, 77.80952380952381, 77.90476190476191, 77.95238095238096, 77.95238095238095, 77.85714285714285], "var_curve": [12.103296902842935, 21.723786559767408, 9.86599556460095, 5.721820429281516, 3.7349850573576377, 2.943920288775949, 2.1412692529444834, 1.9874892147342071, 1.5252968931473307, 1.4861415746978335, 1.212183053462652, 0.9782208849606758, 0.8081220356417724, 0.7284313590846805, 1.077496047522361, 1.0168645954315552, 1.0454523047666708, 0.9782208849606722, 0.9428090415820634, 0.9060141709733595, 0.9782208849606722, 1.0101525445522088], "train_loss": [1.112019537062872, 0.9946851167224701, 0.9213717942010788, 0.8989745657784599, 0.885421389625186, 0.8736576479957217, 0.864478294735863, 0.8580986240931919, 0.8541551571800596, 0.8528232538132441, 0.8533572823660714, 0.8546092878069196, 0.8554699707031249, 0.8553887939453125, 0.8542944917224703, 0.8523728434244792, 0.8498869105747767, 0.8470823451450893, 0.8441497512090774, 0.8412204706101191, 0.8383762613932292, 0.8356622023809525, 0.8330989292689733, 0.830691673642113, 0.8284363664899553, 0.8263246372767856, 0.8243457903180803, 0.8224882289341519, 0.8207409086681547, 0.819093482607887, 0.8175362723214286, 0.8160609363374256, 0.8146598597935268, 0.8133262706938243, 0.8120542980375745, 0.8108387974330357, 0.8096752929687501, 0.8085596284412202, 0.8074883451915923, 0.806458275204613, 0.8054666864304316, 0.804510992140997, 0.8035889253162202, 0.8026986258370536, 0.8018382626488094, 0.8010058884393602, 0.8002002825055804, 0.7994199916294643, 0.7986634753999257, 0.7979296875, 0.7972173781622024, 0.7965255591982886, 0.7958532133556547, 0.7951992943173364, 0.7945629301525298, 0.7939434233165922, 0.7933397856212797, 0.7927514357793899, 0.7921775890531993, 0.7916176641555058, 0.7910711379278275, 0.7905372546968006, 0.7900158110119048, 0.7895060511997768, 0.7890076555524553, 0.7885201881045387, 0.788043241954985, 0.7875763811383929, 0.7871194312686013, 0.7866717529296875, 0.7862332589285715, 0.7858034261067708, 0.7853823416573661, 0.7849693080357142, 0.7845642380487351, 0.7841668991815477, 0.78377682640439, 0.783394077845982, 0.7830183628627232, 0.7826493908110118, 0.7822869873046875, 0.7819308617001489, 0.7815809849330358, 0.7812369210379465, 0.7808988153366817, 0.7805662318638392, 0.7802391706194195, 0.7799174281529018, 0.7796008300781251, 0.779289289202009, 0.7789823695591519, 0.7786803617931547, 0.7783828590029761, 0.7780899193173362, 0.7778013392857143, 0.7775170026506696, 0.7772366768973215, 0.7769605073474702, 0.7766881161644346, 0.7764195324125746, 0.7761546979631696, 0.7758934965587798, 0.7756356956845237, 0.7753813534691222, 0.7751304989769344, 0.7748828125, 0.7746383231026787, 0.7743968563988096, 0.7741585577101935, 0.773923078264509, 0.7736907087053572, 0.7734611002604167, 0.7732341948009672, 0.7730101376488095, 0.7727886962890625, 0.7725698707217261, 0.7723536900111608, 0.7721399507068453, 0.7719287981305804, 0.7717201741536458, 0.7715137881324404, 0.7713099597749257, 0.7711083984375001, 0.7709090750558035, 0.7707121349516369, 0.7705173456101191, 0.7703247360956101, 0.7701343354724702, 0.7699459984188989, 0.7697598411923363, 0.7695757184709823, 0.7693935721261161, 0.769213373093378, 0.769035179501488, 0.768858904157366, 0.7686845470610119, 0.7685119628906248, 0.7683410935174851, 0.7681722295851935, 0.7680049351283481, 0.7678393845331102, 0.7676755487351191, 0.7675132242838542, 0.7673526436941964, 0.7671936325799851, 0.7670361328125, 0.7668802025204613, 0.7667257835751489, 0.766572759719122, 0.7664213634672619, 0.7662712169828868, 0.7661224074590774, 0.7659751383463541, 0.7658291480654761, 0.7656845238095239, 0.7655410621279762, 0.7653990536644346, 0.7652581787109375, 0.7651185535249256, 0.7649801490420387, 0.7648430233909971, 0.7647070312500001, 0.7645721435546875, 0.7644385056268601, 0.7643058558872768, 0.7641744268508184, 0.7640440441313244, 0.7639147367931547, 0.7637864467075892, 0.7636592610677083, 0.7635330636160713, 0.7634078543526784, 0.7632837495349704, 0.7631605166480656, 0.7630382719494047, 0.762916986374628, 0.7627966599237351, 0.7626772054036458, 0.7625587100074404, 0.7624411446707589, 0.7623244222005209, 0.7622086297898066, 0.7620936511811757, 0.761979457310268, 0.7618662516276041, 0.7617537144252232, 0.7616420782180059, 0.7615313139415921, 0.7614213053385418, 0.7613121396019347, 0.7612037004743303, 0.7610959879557292, 0.7609890601748512, 0.7608829171316964, 0.7607774716331845, 0.7606728108723958, 0.76056881859189, 0.7604655238560268, 0.7603629847935268, 0.7602612014043899, 0.7601599121093751], "client_accs": {"T-shirt": [39.285714285714285, 93.85714285714286, 87.28571428571429, 82.14285714285714, 80.28571428571429, 79.0, 77.71428571428571, 77.57142857142857, 77.14285714285714, 77.71428571428571, 77.85714285714286, 77.85714285714286, 77.85714285714286, 77.57142857142857, 78.28571428571429, 78.42857142857143, 78.71428571428571, 78.42857142857143, 78.57142857142857, 78.28571428571429, 78.57142857142857, 78.57142857142857], "pullover": [20.0, 78.85714285714286, 76.14285714285714, 75.71428571428571, 76.0, 77.0, 77.0, 77.42857142857143, 77.57142857142857, 78.0, 77.85714285714286, 77.71428571428571, 77.85714285714286, 78.0, 78.28571428571429, 78.14285714285714, 78.57142857142857, 78.57142857142857, 78.57142857142857, 78.85714285714286, 78.71428571428571, 78.57142857142857], "shirt": [49.142857142857146, 42.142857142857146, 63.142857142857146, 68.14285714285714, 71.14285714285714, 72.0, 72.85714285714286, 73.28571428571429, 74.14285714285714, 74.71428571428571, 75.28571428571429, 75.71428571428571, 76.14285714285714, 76.28571428571429, 76.0, 76.14285714285714, 76.42857142857143, 76.42857142857143, 76.57142857142857, 76.71428571428571, 76.57142857142857, 76.42857142857143]}}