{"acc_dist": [79.28571428571429, 70.42857142857143, 73.57142857142857], "mean_curve": [38.476190476190474, 64.19047619047619, 67.3809523809524, 69.85714285714285, 69.85714285714285, 70.71428571428571, 70.80952380952381, 71.33333333333333, 71.90476190476191, 72.09523809523809, 72.52380952380953, 72.52380952380953, 72.90476190476191, 73.09523809523809, 73.23809523809524, 73.66666666666666, 73.85714285714285, 74.0, 74.09523809523809, 74.28571428571429, 74.42857142857143, 74.42857142857143], "var_curve": [12.896412691809314, 24.022759427708177, 22.263216156943578, 17.176158131644726, 12.41186616785355, 8.586494695535697, 6.944222218666551, 6.690772743808972, 6.490530342505465, 6.034293530538468, 5.5773269550671705, 5.29064549041187, 4.856209060564557, 4.586779780285347, 4.364877340202284, 3.99716452789206, 4.092468609498173, 3.785040371283363, 3.833850896737205, 3.781444132588922, 3.6663574390324127, 3.6663574390324127], "train_loss": [1.0864107549758184, 1.064466058640253, 1.0442344447544645, 1.0261520821707588, 1.0104071626209077, 0.9969494919549851, 0.9855662899925596, 0.9759716215587798, 0.967872314453125, 0.9610048130580356, 0.9551478794642857, 0.9501255580357143, 0.9458032517206102, 0.9420817929222469, 0.9388927932012648, 0.9361937895275299, 0.9339635939825149, 0.9321973237537202, 0.9309001813616072, 0.9300826881045386, 0.9297527785528273, 0.929911615280878, 0.9305479213169642, 0.9316348121279762, 0.9331294177827382, 0.9349710518973214, 0.9370819963727679, 0.9393702043805803, 0.941732671828497, 0.9440614827473959, 0.9462495349702381, 0.9481977771577381, 0.9498195684523809, 0.9510439046223959, 0.9518169003441219, 0.9521014694940476, 0.9518755522228423, 0.9511311267671131, 0.9498731921968006, 0.9481187220982142, 0.9458963739304315, 0.9432467796688989, 0.940221673874628, 0.9368827311197917, 0.9332996186755954, 0.929546595982143, 0.9256978934151786, 0.9218237014043899, 0.9179861595517113, 0.9142374674479167, 0.9106176176525298, 0.9071554420107887, 0.9038692510695685, 0.9007688685825893, 0.8978571137927828, 0.8951322137741816, 0.8925888206845238, 0.8902193777901785, 0.8880154564267113, 0.8859676106770834, 0.8840668015252976, 0.8823037865048363, 0.8806701369512648, 0.8791574532645091, 0.8777581787109375, 0.876465105329241, 0.875271751767113, 0.8741716948009671, 0.8731596447172619, 0.8722298177083333, 0.8713772437686013, 0.8705974179222471, 0.8698855736142113, 0.8692373802548364, 0.8686487688337053, 0.8681154959542411, 0.8676336088634673, 0.8671990676153274, 0.8668078613281249, 0.8664561535063244, 0.8661397298177084, 0.8658547537667411, 0.8655969528924851, 0.865362519763765, 0.865147472563244, 0.8649475969587055, 0.8647591727120535, 0.8645781017485118, 0.8644008091517857, 0.8642236618768601, 0.864043230329241, 0.8638564918154762, 0.8636602783203124, 0.8634520031156994, 0.8632292247953869, 0.8629901123046876, 0.862732689267113, 0.8624557059151785, 0.8621582031249999, 0.8618393380301339, 0.861498790922619, 0.8611366199311755, 0.8607529703776041, 0.860348597935268, 0.8599239966982887, 0.8594804454985119, 0.8590188453311013, 0.8585407656715031, 0.8580476597377231, 0.8575410970052083, 0.857022705078125, 0.8564940824962797, 0.8559572056361607, 0.8554135858444941, 0.8548648507254463, 0.8543125988188244, 0.8537585449218749, 0.8532041131882441, 0.8526506696428572, 0.8520995512462798, 0.8515520949590775, 0.8510091436476935, 0.8504717726934524, 0.8499410574776786, 0.849417724609375, 0.8489024425688244, 0.8483958507719493, 0.8478984723772321, 0.8474108886718751, 0.8469333031063989, 0.8464659481956845, 0.8460091436476934, 0.8455630347842261, 0.8451275925409227, 0.8447028459821428, 0.8442889113653274, 0.8438856433686756, 0.8434928385416667, 0.8431104387555802, 0.8427381533668155, 0.8423758951822916, 0.8420232282366071, 0.8416800362723214, 0.8413461158389137, 0.8410208565848215, 0.8407039969308036, 0.8403954206194196, 0.8400946916852678, 0.8398011997767857, 0.8395150320870535, 0.8392353748139881, 0.8389621117001488, 0.838694835844494, 0.838433111281622, 0.8381766473679315, 0.8379249790736608, 0.8376780773344494, 0.8374351574125743, 0.8371961030505952, 0.8369606526692709, 0.8367284284319196, 0.8364990234374999, 0.8362723214285714, 0.8360478283110119, 0.8358253987630208, 0.8356049746558779, 0.835386003766741, 0.8351683117094494, 0.8349518694196428, 0.834736328125, 0.8345216878255209, 0.8343075997488839, 0.8340939476376489, 0.8338805861700149, 0.8336676025390625, 0.8334546479724702, 0.8332416062127977, 0.8330287679036458, 0.8328155808221727, 0.8326023937406993, 0.8323890032087053, 0.8321752639043899, 0.8319613502139136, 0.8317471168154763, 0.8315329124813987, 0.8313182721819197, 0.8311034865606399, 0.8308885846819196, 0.8306735374813988, 0.8304583158947172, 0.830243152436756, 0.8300279599144346, 0.8298129417782739, 0.8295980108351934, 0.8293831089564732, 0.8291687011718749, 0.8289546712239583, 0.828740960984003, 0.8285277739025299, 0.8283150518508186, 0.8281030854724701], "client_accs": {"T-shirt": [56.714285714285715, 91.0, 92.57142857142857, 91.57142857142857, 86.85714285714286, 82.85714285714286, 80.57142857142857, 80.71428571428571, 81.0, 80.57142857142857, 80.28571428571429, 79.85714285714286, 79.57142857142857, 79.42857142857143, 79.28571428571429, 79.14285714285714, 79.42857142857143, 79.14285714285714, 79.14285714285714, 79.28571428571429, 79.28571428571429, 79.28571428571429], "pullover": [29.285714285714285, 68.85714285714286, 71.14285714285714, 68.42857142857143, 65.14285714285714, 64.71428571428571, 65.0, 65.57142857142857, 66.28571428571429, 67.0, 67.42857142857143, 67.57142857142857, 68.14285714285714, 68.71428571428571, 69.14285714285714, 69.71428571428571, 69.71428571428571, 70.14285714285714, 69.85714285714286, 70.14285714285714, 70.42857142857143, 70.42857142857143], "shirt": [29.428571428571427, 32.714285714285715, 38.42857142857143, 49.57142857142857, 57.57142857142857, 64.57142857142857, 66.85714285714286, 67.71428571428571, 68.42857142857143, 68.71428571428571, 69.85714285714286, 70.14285714285714, 71.0, 71.14285714285714, 71.28571428571429, 72.14285714285714, 72.42857142857143, 72.71428571428571, 73.28571428571429, 73.42857142857143, 73.57142857142857, 73.57142857142857]}}