{"acc_dist": [79.28571428571429, 79.0, 75.14285714285714], "mean_curve": [25.19047619047619, 72.0, 74.28571428571428, 74.6190476190476, 74.90476190476191, 75.09523809523809, 75.52380952380953, 76.09523809523809, 76.28571428571429, 76.57142857142857, 76.80952380952381, 77.1904761904762, 77.38095238095237, 77.47619047619048, 77.57142857142857, 77.57142857142857, 77.61904761904763, 77.71428571428571, 77.85714285714286, 77.85714285714286, 77.80952380952381, 77.80952380952381], "var_curve": [8.84125559259061, 21.228590655634438, 10.943889047454437, 7.236841996766811, 5.106129880670545, 4.034432300947648, 3.350973730620793, 2.716373466086028, 2.4271704642618372, 2.2345463250762037, 2.195646073028288, 1.966845374101276, 1.9943230087020885, 1.966845374101276, 2.050385727772478, 2.050385727772478, 2.2627817848603278, 2.02366946294055, 1.9272482233188655, 1.9272482233188655, 1.8892223261788008, 1.8892223261788008], "train_loss": [1.123975859142485, 0.9483798072451637, 0.9044171723865327, 0.8876551310221353, 0.8745269630068825, 0.8646876598539807, 0.8573937552315849, 0.8522277250744047, 0.849222441173735, 0.8480032493954613, 0.8479138764880952, 0.8480883207775297, 0.8478800746372768, 0.8470313081287202, 0.8455658830915178, 0.8436299060639879, 0.8413891310918898, 0.8389846947079613, 0.8365220133463542, 0.8340726725260416, 0.8316827101934523, 0.8293790690104167, 0.8271760486421131, 0.8250794038318453, 0.8230893961588541, 0.8212032935732888, 0.8194163876488094, 0.8177232724144344, 0.8161174374534971, 0.8145935639880952, 0.8131453159877232, 0.8117674618675595, 0.8104548281715029, 0.8092025902157737, 0.8080065046037946, 0.8068623860677083, 0.8057666306268602, 0.8047160993303573, 0.8037074207124256, 0.8027380661737351, 0.8018052746000744, 0.8009068371000744, 0.8000406610398065, 0.7992047991071428, 0.7983973330543154, 0.7976167805989584, 0.7968614560081845, 0.7961300513857887, 0.7954212878999255, 0.7947339739118303, 0.7940669177827381, 0.7934190731956846, 0.7927896263485863, 0.7921775890531993, 0.7915821184430802, 0.791002429780506, 0.7904378545851934, 0.7898876953124999, 0.7893512834821429, 0.7888281249999999, 0.7883174932570683, 0.7878188650948661, 0.7873319789341519, 0.7868561081659227, 0.7863909912109376, 0.7859361049107143, 0.7854911586216518, 0.785055658249628, 0.7846292550223214, 0.7842117164248511, 0.783802722749256, 0.7834019542875744, 0.7830090332031251, 0.7826236979166666, 0.7822458321707589, 0.7818752034505209, 0.7815113757905506, 0.7811542619977678, 0.7808035714285714, 0.7804592168898811, 0.7801209658668155, 0.7797886439732143, 0.7794619315011161, 0.7791407703218006, 0.7788250732421874, 0.7785145496186757, 0.7782091122581846, 0.7779087320963542, 0.7776130312965029, 0.777322038922991, 0.777035609654018, 0.7767535400390625, 0.7764757719494048, 0.7762021891276042, 0.7759326462518601, 0.7756672014508929, 0.7754055350167409, 0.7751477341424852, 0.7748934791201636, 0.7746429152715774, 0.7743958682105655, 0.7741521635509673, 0.7739117722284226, 0.7736747523716518, 0.7734407552083334, 0.7732100423177083, 0.7729822649274554, 0.7727574811662947, 0.7725355747767857, 0.7723164585658481, 0.7721002197265624, 0.7718866257440475, 0.7716756184895833, 0.7714671979631696, 0.771261480422247, 0.7710581170944941, 0.7708571370442708, 0.7706585984002977, 0.7704623849051341, 0.7702684965587797, 0.7700767880394346, 0.7698872593470982, 0.7696998814174106, 0.7695146251860119, 0.7693314034598213, 0.7691502453031994, 0.7689710053943452, 0.7687937418619791, 0.7686183384486607, 0.7684449114118305, 0.7682731410435268, 0.7681032307942708, 0.7679351806640625, 0.7677688162667411, 0.7676041376023065, 0.7674411156063989, 0.7672796921502977, 0.7671199253627231, 0.7669618443080357, 0.7668051292782737, 0.7666500127883186, 0.7664963495163691, 0.7663442847842261, 0.7661935279482887, 0.7660441952659971, 0.765896461123512, 0.7657498604910714, 0.7656047421409969, 0.7654608444940476, 0.7653183710007441, 0.7651771472749256, 0.765037144252232, 0.7648984491257441, 0.7647609456380208, 0.7646245465959821, 0.7644894845145088, 0.7643555268787203, 0.7642226736886161, 0.7640910993303572, 0.7639605422247023, 0.7638310605003721, 0.763702654157366, 0.7635753813244047, 0.7634490966796875, 0.7633239164806547, 0.7631995500837054, 0.7630763753255208, 0.7629541887555803, 0.7628328741164433, 0.7627125767299107, 0.7625931803385416, 0.7624747430710567, 0.7623572649274554, 0.7622406587146577, 0.7621248663039434, 0.7620100911458333, 0.7618960716610864, 0.7617829531715031, 0.7616707066127232, 0.7615592157273067, 0.7614486549014137, 0.7613387625558036, 0.7612297421409969, 0.761121564592634, 0.7610142299107142, 0.7609074183872768, 0.760801507859003, 0.7606963239397322, 0.7605919247581845, 0.7604881649925596, 0.7603851609002975, 0.7602829124813989, 0.760181390671503, 0.7600805373418899, 0.7599802652994793, 0.7598806908017114, 0.7597818429129465, 0.7596836344401042, 0.7595861235119048, 0.7594892229352679, 0.7593929908389138], "client_accs": {"T-shirt": [27.0, 94.57142857142857, 87.0, 83.28571428571429, 80.71428571428571, 79.42857142857143, 78.57142857142857, 78.42857142857143, 78.14285714285714, 78.42857142857143, 78.57142857142857, 78.85714285714286, 79.0, 79.14285714285714, 79.42857142857143, 79.42857142857143, 79.42857142857143, 79.28571428571429, 79.42857142857143, 79.42857142857143, 79.28571428571429, 79.28571428571429], "pullover": [13.571428571428571, 77.85714285714286, 75.57142857142857, 75.0, 75.71428571428571, 76.14285714285714, 77.14285714285714, 77.57142857142857, 77.85714285714286, 77.85714285714286, 78.14285714285714, 78.28571428571429, 78.57142857142857, 78.57142857142857, 78.57142857142857, 78.57142857142857, 79.0, 79.0, 79.0, 79.0, 79.0, 79.0], "shirt": [35.0, 43.57142857142857, 60.285714285714285, 65.57142857142857, 68.28571428571429, 69.71428571428571, 70.85714285714286, 72.28571428571429, 72.85714285714286, 73.42857142857143, 73.71428571428571, 74.42857142857143, 74.57142857142857, 74.71428571428571, 74.71428571428571, 74.71428571428571, 74.42857142857143, 74.85714285714286, 75.14285714285714, 75.14285714285714, 75.14285714285714, 75.14285714285714]}}