{"acc_dist": [86.42857142857143, 75.0, 63.857142857142854], "mean_curve": [36.142857142857146, 49.952380952380956, 58.285714285714285, 63.761904761904766, 65.66666666666667, 67.47619047619048, 68.38095238095238, 69.28571428571429, 69.95238095238096, 70.57142857142857, 71.71428571428571, 72.04761904761905, 72.76190476190476, 73.57142857142857, 73.71428571428571, 74.0, 74.14285714285714, 74.52380952380952, 74.95238095238095, 75.14285714285715, 75.0952380952381, 75.0952380952381], "var_curve": [12.103296902842935, 25.2522871149357, 24.99088269123511, 27.02992378911475, 28.000566887685437, 27.47524137999317, 26.317096518442114, 24.995509800843866, 23.665564791825695, 22.162050053752566, 19.854915942275603, 18.87745418863441, 17.47197302166648, 16.32118109638369, 15.202488160117191, 14.165686240583854, 13.270088096739903, 12.142763771816554, 11.256038943536604, 10.439980712573732, 9.214993205273819, 9.214993205273819], "train_loss": [1.112019537062872, 1.0976118687220981, 1.0832584344773064, 1.0694512358165922, 1.0564195033482142, 1.044126906622024, 1.0323885963076638, 1.0209935360863096, 1.0097966948009673, 0.9987793550037202, 0.9880727132161459, 0.9779207356770833, 0.9685835774739582, 0.9602325148809524, 0.952906988234747, 0.9465386962890626, 0.9410039992559524, 0.9361676897321428, 0.9319047619047619, 0.9281103515624999, 0.9246985444568452, 0.9216009230840774, 0.9187630353655134, 0.9161411830357142, 0.9137005760556175, 0.9114131963820684, 0.9092559814453125, 0.907210213797433, 0.9052604166666667, 0.9033939906529018, 0.9016003999255954, 0.8998711576915923, 0.8981989397321429, 0.896578122093564, 0.8950040399460567, 0.8934726969401042, 0.8919814046223958, 0.8905276779901413, 0.8891100492931546, 0.8877270798456101, 0.8863778686523437, 0.885062023344494, 0.8837789335704985, 0.8825286138625371, 0.881310570126488, 0.8801252092633929, 0.8789719063895088, 0.877850821358817, 0.8767615908668155, 0.8757041567847842, 0.8746777779715401, 0.8736824980236234, 0.8727177792503721, 0.8717829386393229, 0.8708775692894344, 0.8700012642996651, 0.8691532679966517, 0.8683330717540922, 0.8675401960100446, 0.8667740304129464, 0.8660340082077753, 0.8653196934291295, 0.8646304030645462, 0.863965831938244, 0.8633254423595611, 0.8627086675734746, 0.8621151878720239, 0.8615443783714657, 0.8609959048316593, 0.8604691569010416, 0.8599639601934523, 0.8594795735677083, 0.8590155319940477, 0.8585715448288691, 0.8581470307849702, 0.8577413795107885, 0.8573541841052826, 0.8569849214099703, 0.8566330101376488, 0.8562980433872768, 0.8559790329706102, 0.8556758335658482, 0.8553877185639882, 0.855114019484747, 0.8548544166201637, 0.8546078345889137, 0.8543739246186757, 0.8541520763578868, 0.8539416503906251, 0.8537419782366071, 0.8535524204799106, 0.8533724830264138, 0.8532014973958334, 0.8530388241722471, 0.8528838530040922, 0.8527359735398066, 0.8525948079427085, 0.8524595714750743, 0.8523297700427829, 0.8522050258091518, 0.8520847284226191, 0.8519684419177828, 0.8518554978143601, 0.8517456345331101, 0.8516382417224703, 0.8515330868675596, 0.851429704938616, 0.8513278343563989, 0.8512267775762649, 0.8511265927269345, 0.8510266403924852, 0.8509268333798364, 0.8508268519810267, 0.8507263474237351, 0.8506251743861607, 0.8505231003534227, 0.8504198346819196, 0.8503152029854911, 0.8502091761997769, 0.8501014055524555, 0.8499918619791668, 0.84988037109375, 0.8497667875744049, 0.8496510242280507, 0.8495330229259673, 0.8494128127325148, 0.8492900158110119, 0.8491648356119792, 0.8490371558779763, 0.8489068312872025, 0.8487740362258185, 0.8486386253720238, 0.8485005987258184, 0.8483599272228423, 0.8482166980561757, 0.848070824032738, 0.8479224504743303, 0.8477713739304317, 0.8476177978515625, 0.8474617803664435, 0.8473030308314732, 0.8471420433407738, 0.8469784981863838, 0.8468126569475446, 0.8466444905598958, 0.8464739990234375, 0.84630129859561, 0.8461263602120536, 0.845949445452009, 0.8457702927362352, 0.8455891927083333, 0.8454062325613839, 0.8452213251023065, 0.8450345284598214, 0.8448459879557291, 0.8446557035900298, 0.8444638497488839, 0.8442703101748511, 0.8440752301897322, 0.8438788132440477, 0.843680884951637, 0.8434816778273809, 0.8432810465494791, 0.8430793689546131, 0.8428764415922618, 0.8426725260416666, 0.8424673607235863, 0.8422614106677827, 0.8420543271019345, 0.8418465169270833, 0.8416377766927083, 0.8414283970424107, 0.8412181454613096, 0.8410074288504464, 0.8407959275018602, 0.8405838739304315, 0.840371355329241, 0.8401583716982888, 0.8399449811662946, 0.8397312127976191, 0.8395169503348213, 0.8393026297433037, 0.8390880185081846, 0.8388729713076638, 0.8386580403645834, 0.8384427897135417, 0.8382276262555802, 0.8380123174758185, 0.8377970377604166, 0.8375816417875743, 0.8373663620721725, 0.837151343936012, 0.8369362676711308, 0.8367213076636905, 0.836506580171131, 0.8362921723865328, 0.8360778227306548, 0.8358637346540178, 0.8356499372209821, 0.835436546688988, 0.8352234468005952], "client_accs": {"T-shirt": [39.285714285714285, 83.85714285714286, 92.57142857142857, 94.28571428571429, 94.42857142857143, 94.28571428571429, 94.28571428571429, 94.28571428571429, 93.85714285714286, 93.42857142857143, 93.14285714285714, 92.57142857142857, 92.0, 91.71428571428571, 91.0, 90.42857142857143, 89.71428571428571, 89.0, 88.71428571428571, 88.0, 86.42857142857143, 86.42857142857143], "pullover": [20.0, 23.285714285714285, 48.57142857142857, 68.42857142857143, 74.85714285714286, 78.42857142857143, 78.57142857142857, 78.42857142857143, 78.28571428571429, 77.71428571428571, 76.71428571428571, 76.57142857142857, 76.57142857142857, 76.85714285714286, 76.14285714285714, 75.71428571428571, 75.42857142857143, 75.28571428571429, 75.0, 75.0, 75.0, 75.0], "shirt": [49.142857142857146, 42.714285714285715, 33.714285714285715, 28.571428571428573, 27.714285714285715, 29.714285714285715, 32.285714285714285, 35.142857142857146, 37.714285714285715, 40.57142857142857, 45.285714285714285, 47.0, 49.714285714285715, 52.142857142857146, 54.0, 55.857142857142854, 57.285714285714285, 59.285714285714285, 61.142857142857146, 62.42857142857143, 63.857142857142854, 63.857142857142854]}}