{"acc_dist": [72.57142857142857, 66.42857142857143, 73.28571428571429], "mean_curve": [44.952380952380956, 58.23809523809524, 61.047619047619044, 62.238095238095234, 63.285714285714285, 63.80952380952382, 65.0, 66.38095238095238, 67.0, 68.04761904761905, 68.57142857142857, 68.57142857142857, 68.85714285714285, 69.19047619047619, 69.52380952380952, 69.57142857142857, 69.95238095238095, 70.38095238095238, 70.57142857142857, 70.66666666666667, 70.80952380952381, 70.76190476190476], "var_curve": [16.856470258306185, 15.545558822151444, 15.867364073165568, 12.778773499604528, 7.374344200059578, 4.6778292153306, 4.047338925881103, 4.117877620786373, 4.432410010750512, 4.061321344803889, 3.705116888367031, 3.2219485379118615, 2.957752410146582, 3.0691205798708574, 3.199348006141109, 3.5360148982356137, 3.7203857113570704, 3.3080675110396998, 3.3462335410973068, 3.212080372198108, 3.1065726533904927, 3.0779738307032973], "train_loss": [1.058763689313616, 1.0418180629185267, 1.0266199311755952, 1.0131852213541668, 1.0014488583519345, 0.9912812732514883, 0.9825124104817707, 0.9749567812965031, 0.9684343610491072, 0.9627829706101192, 0.9578633335658483, 0.9535607328869048, 0.9497821916852679, 0.9464547584170386, 0.9435222516741071, 0.9409431094215029, 0.938689255487351, 0.9367447044735865, 0.9351053001767115, 0.9337781924293155, 0.9327806454613095, 0.9321406482514881, 0.9318915085565477, 0.9320686848958334, 0.9327005731491815, 0.9337987990606399, 0.9353472319103423, 0.9372943987165178, 0.939550287155878, 0.9419916643415179, 0.944473644438244, 0.946844453357515, 0.9489612978980655, 0.950701410202753, 0.9519686453683036, 0.952694556826637, 0.9528362746465774, 0.9523739769345237, 0.95130612327939, 0.949648175920759, 0.9474295770554315, 0.9446950857979911, 0.9415021623883929, 0.9379217819940476, 0.9340356735956101, 0.9299320765904019, 0.9257013811383928, 0.9214304896763393, 0.9171969168526785, 0.9130654180617559, 0.9090861583891369, 0.905294451032366, 0.9017121814546131, 0.8983505103701637, 0.8952117338634672, 0.8922923642113094, 0.8895844087146577, 0.887077869233631, 0.884760974702381, 0.8826219831194196, 0.8806490943545388, 0.8788307698567709, 0.8771558489118304, 0.8756145949590773, 0.8741976492745535, 0.8728961181640624, 0.8717020089285713, 0.8706082298642114, 0.8696076602027528, 0.8686940511067709, 0.8678617059616816, 0.8671051316034225, 0.8664189801897321, 0.8657988920665923, 0.8652397809709823, 0.8647375197637649, 0.8642876325334822, 0.8638858758835566, 0.8635284423828126, 0.8632113792782738, 0.8629303850446428, 0.862681623186384, 0.8624612572079613, 0.862265392485119, 0.8620900762648809, 0.861931646437872, 0.8617862083798363, 0.8616500999813989, 0.8615196010044643, 0.8613913109188989, 0.8612618873232888, 0.8611280168805804, 0.860986589704241, 0.8608349900018601, 0.8606705729166667, 0.8604909842354912, 0.8602942475818453, 0.8600785319010417, 0.8598425874255953, 0.8595849900018601, 0.8593053327287947, 0.8590028018043155, 0.8586773390997023, 0.8583290318080357, 0.8579581705729167, 0.8575652785528275, 0.857151343936012, 0.8567173839750745, 0.8562643287295387, 0.8557940964471725, 0.8553075009300596, 0.8548065476190475, 0.8542926897321429, 0.8537676130022321, 0.8532330322265625, 0.852690691266741, 0.8521421305338541, 0.8515890357607887, 0.851032976422991, 0.8504754638671875, 0.8499178641183036, 0.8493616885230654, 0.8488079543340774, 0.848258056640625, 0.8477129545665923, 0.8471736072358631, 0.8466409156436012, 0.8461158098493304, 0.8455987258184523, 0.8450903610956102, 0.8445912679036458, 0.8441018531436012, 0.8436224655877976, 0.8431534540085566, 0.8426949055989583, 0.842247081938244, 0.8418100120907738, 0.8413838123139881, 0.8409682210286459, 0.8405636160714286, 0.8401694742838542, 0.8397858828590029, 0.8394124639601935, 0.8390492175874256, 0.838695824032738, 0.83835205078125, 0.8380175781250001, 0.837692144484747, 0.8373754301525298, 0.8370669991629464, 0.8367665608723959, 0.836473882765997, 0.8361885870070686, 0.8359102376302082, 0.8356384858630953, 0.8353729538690476, 0.8351133510044644, 0.8348592413039434, 0.8346100725446428, 0.834365960984003, 0.8341261509486607, 0.833890642438616, 0.8336587379092263, 0.8334303792317709, 0.8332051304408482, 0.8329827590215774, 0.8327628290085566, 0.8325452532087053, 0.832329595656622, 0.8321157982235863, 0.8319034249441964, 0.8316924176897321, 0.8314824276878721, 0.8312734258742559, 0.831064918154762, 0.8308570789155505, 0.8306495593843005, 0.830442388625372, 0.8302353341238838, 0.8300281924293155, 0.8298211088634672, 0.8296137346540178, 0.8294062732514881, 0.8291984921409971, 0.8289903622581845, 0.8287818836030505, 0.8285730852399554, 0.828363996233259, 0.8281543840680804, 0.827944597516741, 0.8277344621930803, 0.827523919968378, 0.8273130871000743, 0.8271020798456101, 0.8268909853980655, 0.8266797165643601, 0.8264683024088542, 0.8262569754464285, 0.8260457647414435, 0.8258347284226191, 0.8256237502325149], "client_accs": {"T-shirt": [65.42857142857143, 79.42857142857143, 81.71428571428571, 79.57142857142857, 73.71428571428571, 69.28571428571429, 69.28571428571429, 71.0, 71.57142857142857, 72.28571428571429, 72.42857142857143, 71.71428571428571, 71.42857142857143, 71.57142857142857, 71.85714285714286, 72.0, 72.14285714285714, 72.42857142857143, 72.57142857142857, 72.57142857142857, 72.71428571428571, 72.57142857142857], "pullover": [24.142857142857142, 52.714285714285715, 58.285714285714285, 58.0, 58.0, 57.857142857142854, 59.57142857142857, 61.0, 61.0, 62.57142857142857, 63.57142857142857, 64.14285714285714, 64.71428571428571, 64.85714285714286, 65.0, 64.57142857142857, 64.71428571428571, 65.71428571428571, 65.85714285714286, 66.14285714285714, 66.42857142857143, 66.42857142857143], "shirt": [45.285714285714285, 42.57142857142857, 43.142857142857146, 49.142857142857146, 58.142857142857146, 64.28571428571429, 66.14285714285714, 67.14285714285714, 68.42857142857143, 69.28571428571429, 69.71428571428571, 69.85714285714286, 70.42857142857143, 71.14285714285714, 71.71428571428571, 72.14285714285714, 73.0, 73.0, 73.28571428571429, 73.28571428571429, 73.28571428571429, 73.28571428571429]}}