{"acc_dist": [84.42857142857143, 81.0, 71.42857142857143], "mean_curve": [44.952380952380956, 69.04761904761905, 72.57142857142857, 74.14285714285715, 74.90476190476191, 75.38095238095237, 75.90476190476191, 76.19047619047619, 76.85714285714286, 76.80952380952381, 77.33333333333333, 77.6190476190476, 77.76190476190476, 78.04761904761905, 78.38095238095238, 78.42857142857143, 78.52380952380952, 78.61904761904762, 78.71428571428571, 78.80952380952381, 78.95238095238096, 78.95238095238096], "var_curve": [16.856470258306185, 21.65666959318724, 19.473687113536517, 17.374623766298026, 15.624128093586764, 14.056413711893558, 12.58512961905219, 11.42281601110614, 10.320048515416207, 9.576994354267836, 8.800381356403857, 8.3146729850351, 8.031683292307818, 7.388475428733432, 6.92951229088809, 6.6680270720816335, 6.509368793221646, 6.182412330330469, 5.969309261650336, 5.726574088724496, 5.5011851949150765, 5.5011851949150765], "train_loss": [1.058763689313616, 0.9383867826915923, 0.9097648838588169, 0.8926607985723586, 0.8787006487165178, 0.8670612153552827, 0.857692653111049, 0.8501011730375744, 0.8438094947451636, 0.8384803699311757, 0.8338846406482515, 0.8298648943219865, 0.8263083902994791, 0.8231314958844868, 0.8202703421456473, 0.817675040108817, 0.815306193033854, 0.8131320481073289, 0.811126708984375, 0.8092689150855655, 0.807540748232887, 0.8059273565383185, 0.8044162277948289, 0.8029965209960938, 0.8016592552548363, 0.8003962198893229, 0.799200671968006, 0.7980668131510417, 0.7969892955961683, 0.7959637015206473, 0.7949860345749628, 0.7940524291992187, 0.7931600225539435, 0.7923058791387648, 0.7914873831612722, 0.790702136811756, 0.7899482799711682, 0.7892236037481398, 0.7885264514741444, 0.7878552827380952, 0.7872085716610863, 0.7865849086216518, 0.7859830293201265, 0.7854017421177456, 0.784840087890625, 0.7842969331287203, 0.7837714349655878, 0.7832626342773437, 0.7827696591331845, 0.7822918701171875, 0.7818285696847099, 0.7813789440336683, 0.78094235374814, 0.7805183483305432, 0.7801063028971355, 0.7797055634998139, 0.7793158104306176, 0.778936505998884, 0.778567156110491, 0.7782074701218379, 0.7778569684709823, 0.7775151570638021, 0.7771819487072174, 0.7768567766462052, 0.7765393793015253, 0.776229713076637, 0.775927240280878, 0.7756318882533483, 0.7753432791573661, 0.7750611804780506, 0.7747855050223215, 0.7745160057431176, 0.7742524937220981, 0.7739947509765625, 0.7737427920386905, 0.7734961809430804, 0.7732549176897322, 0.7730187697637648, 0.7727875046502977, 0.77256103515625, 0.772339128766741, 0.7721216692243303, 0.7719085112072173, 0.7716995093936013, 0.7714944312686011, 0.771293218703497, 0.771095697312128, 0.7709018670944939, 0.770711466471354, 0.770524408249628, 0.770340605236235, 0.7701599702380952, 0.7699822707403273, 0.7698077101934525, 0.7696358816964285, 0.7694669015066964, 0.7693005371093751, 0.7691368466331845, 0.7689758010137648, 0.7688171386718748, 0.768660888671875, 0.7685069928850448, 0.7683553350539434, 0.7682058570498512, 0.7680585879371279, 0.7679134114583333, 0.767770269484747, 0.7676291910807292, 0.7674898274739584, 0.7673523821149554, 0.76721682593936, 0.7670829264322916, 0.7669508289155506, 0.7668203880673364, 0.7666915748232888, 0.7665643601190476, 0.7664387148902531, 0.7663145519438244, 0.7661918131510417, 0.7660704985119047, 0.7659505498976934, 0.7658319673084079, 0.7657146635509674, 0.7655986095610118, 0.7654839506603421, 0.7653704252697172, 0.7652581496465775, 0.7651469203404018, 0.7650368245442708, 0.7649279494512649, 0.7648200334821428, 0.7647131928943454, 0.7646073695591519, 0.7645025053478424, 0.764398687453497, 0.7642957124255952, 0.7641937837146578, 0.7640927269345238, 0.7639926002139137, 0.7638932582310267, 0.7637947591145834, 0.7636971028645833, 0.7636002604166666, 0.7635041155133928, 0.7634088425409226, 0.7633143543061754, 0.7632205345517113, 0.7631273832775297, 0.7630350458054315, 0.7629434058779762, 0.762852318173363, 0.7627619861421131, 0.7626722644624256, 0.7625831821986607, 0.7624947393508185, 0.7624068487258184, 0.7623196265811011, 0.7622329275948662, 0.7621468680245536, 0.762061302548363, 0.7619762892950149, 0.7618918863932292, 0.7618079194568453, 0.7617245338076636, 0.7616416713169643, 0.7615592447916666, 0.7614773704892112, 0.761395990280878, 0.7613150169735863, 0.761234624953497, 0.7611545817057291, 0.7610750325520833, 0.7609958321707588, 0.7609171549479167, 0.760838884626116, 0.7607611083984375, 0.7606836809430804, 0.7606066603887648, 0.7605300757998511, 0.760453839983259, 0.760377923874628, 0.7603025599888392, 0.7602275158110118, 0.7601527041480655, 0.7600784447079613, 0.7600043887183779, 0.759930884951637, 0.7598575555710565, 0.7597845749627976, 0.7597119431268601, 0.7596396891276042, 0.7595678129650297, 0.7594961693173362, 0.7594248744419643, 0.7593539574032738, 0.7592832728794644, 0.7592129371279762, 0.7591428048270089, 0.7590731956845239, 0.7590037318638393, 0.7589345877511161], "client_accs": {"T-shirt": [65.42857142857143, 93.28571428571429, 93.14285714285714, 91.57142857142857, 90.14285714285714, 89.71428571428571, 88.85714285714286, 87.57142857142857, 87.42857142857143, 86.71428571428571, 86.42857142857143, 86.0, 85.57142857142857, 85.14285714285714, 85.14285714285714, 85.0, 84.85714285714286, 84.71428571428571, 84.71428571428571, 84.57142857142857, 84.42857142857143, 84.42857142857143], "pullover": [24.142857142857142, 73.14285714285714, 78.14285714285714, 80.42857142857143, 81.14285714285714, 80.14285714285714, 80.0, 80.42857142857143, 80.28571428571429, 79.85714285714286, 80.14285714285714, 80.57142857142857, 81.0, 81.14285714285714, 81.14285714285714, 81.0, 81.14285714285714, 81.0, 80.85714285714286, 80.85714285714286, 81.0, 81.0], "shirt": [45.285714285714285, 40.714285714285715, 46.42857142857143, 50.42857142857143, 53.42857142857143, 56.285714285714285, 58.857142857142854, 60.57142857142857, 62.857142857142854, 63.857142857142854, 65.42857142857143, 66.28571428571429, 66.71428571428571, 67.85714285714286, 68.85714285714286, 69.28571428571429, 69.57142857142857, 70.14285714285714, 70.57142857142857, 71.0, 71.42857142857143, 71.42857142857143]}}