{"acc_dist": [87.0, 75.71428571428571, 60.42857142857143], "mean_curve": [25.19047619047619, 60.80952380952382, 65.52380952380953, 66.95238095238096, 68.57142857142857, 69.42857142857143, 70.09523809523809, 70.42857142857143, 71.0, 71.33333333333333, 72.00000000000001, 72.52380952380953, 72.42857142857143, 72.38095238095238, 72.85714285714285, 73.28571428571429, 73.57142857142857, 73.85714285714285, 74.0952380952381, 74.23809523809523, 74.33333333333333, 74.3809523809524], "var_curve": [8.84125559259061, 20.83048960183496, 25.658758389410966, 26.84101170405192, 26.187965247600353, 24.912363403341242, 24.215678660126823, 23.33459666162122, 22.33541466593624, 21.509793160652634, 20.469323322447952, 19.545980442892162, 18.760575249002077, 17.725930632269925, 16.338677454199928, 15.458084646953543, 14.230368981883224, 13.305412943815089, 12.553197458811415, 11.652761392586838, 10.949689110197482, 10.888634362335985], "train_loss": [1.123975859142485, 1.1012349155970982, 1.079205525716146, 1.0583622523716516, 1.0391134498232886, 1.0217461867559523, 1.0063826206752233, 0.9929846772693453, 0.9813973853701636, 0.9714048549107144, 0.9627758498418899, 0.9552911376953125, 0.9487571207682292, 0.9430097598121279, 0.9379128882998513, 0.9333549572172619, 0.9292452276320685, 0.9255098179408483, 0.9220887974330356, 0.9189329310825892, 0.9160022844587054, 0.9132641020275297, 0.9106913248697918, 0.9082613990420386, 0.9059561593191964, 0.9037608410063244, 0.9016623360770089, 0.8996509951636904, 0.8977183460053944, 0.8958574858165922, 0.8940629650297619, 0.892330336797805, 0.8906559390113467, 0.8890368652343751, 0.8874706013997397, 0.8859550258091519, 0.8844882928757439, 0.8830688767206102, 0.8816950916108631, 0.8803656441824778, 0.8790788922991073, 0.8778336879185268, 0.8766284615652902, 0.8754618326822916, 0.8743328130812872, 0.8732396879650297, 0.8721813238234747, 0.8711564563569568, 0.8701639665876115, 0.8692027064732143, 0.8682716732933408, 0.8673699369884673, 0.8664965093703496, 0.8656504458472841, 0.864831063406808, 0.8640376935686384, 0.8632693336123513, 0.8625257510230654, 0.8618059576125372, 0.861109648204985, 0.8604361397879465, 0.8597849527994792, 0.8591557384672619, 0.8585479009719122, 0.8579609316871281, 0.8573945254371279, 0.8568481299990699, 0.8563213384719122, 0.8558139328729538, 0.8553253173828125, 0.854855201357887, 0.8544029889787946, 0.853968476795015, 0.853551025390625, 0.8531502278645834, 0.852765880766369, 0.8523973156156995, 0.8520440964471726, 0.851705816359747, 0.8513820684523811, 0.8510722423735119, 0.8507759312220982, 0.8504926409040179, 0.8502217901320684, 0.849962884812128, 0.849715547107515, 0.8494791376023065, 0.8492531040736607, 0.8490370977492558, 0.8488304210844494, 0.8486325218563988, 0.8484429931640625, 0.8482613699776786, 0.8480870419456846, 0.8479194859095983, 0.8477582368396578, 0.8476028878348214, 0.8474527704148066, 0.8473077683221727, 0.8471670386904763, 0.8470303490048363, 0.8468972342354911, 0.846767345610119, 0.8466401890345981, 0.8465153576078869, 0.8463926769438244, 0.8462716238839286, 0.8461519659133184, 0.8460332961309524, 0.8459155564081101, 0.8457980492001488, 0.8456808326357886, 0.845563703264509, 0.8454461669921874, 0.8453283400762649, 0.8452098156156994, 0.8450903610956102, 0.8449698893229166, 0.8448482840401786, 0.8447254871186756, 0.8446011788504464, 0.8444752139136904, 0.8443476795014883, 0.8442185756138393, 0.8440875534784226, 0.8439545259021578, 0.8438196963355654, 0.843682890392485, 0.8435440208798362, 0.8434031749906995, 0.8432602364676339, 0.8431151471819196, 0.842968052455357, 0.8428188360305059, 0.8426674979073661, 0.8425140962146577, 0.842358630952381, 0.8422010439918154, 0.8420415678478422, 0.8418798246837799, 0.8417164539155507, 0.8415509905133929, 0.8413835797991073, 0.8412143089657738, 0.8410433523995536, 0.8408705066499257, 0.8406959461030507, 0.8405197579520091, 0.8403418550037203, 0.8401624988374256, 0.8399813988095238, 0.8397989618210565, 0.8396151006789435, 0.8394298153831845, 0.83924319312686, 0.8390552920386906, 0.8388662865048363, 0.8386760021391368, 0.8384845842633929, 0.8382921491350447, 0.8380987258184524, 0.837904314313616, 0.8377088855561756, 0.8375127592540923, 0.8373157028924852, 0.8371178908575149, 0.8369194975353422, 0.8367202613467262, 0.8365205891927082, 0.8363201904296874, 0.8361192975725448, 0.8359178234281993, 0.8357159714471726, 0.8355138288225445, 0.835311250232515, 0.8351082647414434, 0.8349050176711309, 0.8347016252790178, 0.8344980585007441, 0.8342940848214285, 0.8340902273995535, 0.8338861665271576, 0.8336819603329614, 0.8334776960100446, 0.8332735188802083, 0.8330694580078125, 0.832865251813616, 0.8326611618768601, 0.8324573625837054, 0.8322535342261904, 0.8320499093191964, 0.8318464878627232, 0.8316433279854912, 0.8314403134300595, 0.8312375895182291, 0.8310350690569197, 0.830833013625372, 0.8306312779017858, 0.8304297456287202, 0.8302285911923363, 0.8300279308500745], "client_accs": {"T-shirt": [27.0, 85.85714285714286, 92.14285714285714, 94.85714285714286, 95.28571428571429, 95.14285714285714, 95.0, 94.85714285714286, 94.85714285714286, 94.57142857142857, 94.28571428571429, 94.0, 93.14285714285714, 92.14285714285714, 91.28571428571429, 90.71428571428571, 89.57142857142857, 88.71428571428571, 88.42857142857143, 87.71428571428571, 87.0, 87.0], "pullover": [13.571428571428571, 61.714285714285715, 73.57142857142857, 75.28571428571429, 77.42857142857143, 77.42857142857143, 78.0, 77.42857142857143, 77.0, 76.71428571428571, 76.85714285714286, 76.85714285714286, 76.42857142857143, 75.85714285714286, 75.71428571428571, 76.0, 76.14285714285714, 76.42857142857143, 76.0, 75.71428571428571, 75.71428571428571, 75.71428571428571], "shirt": [35.0, 34.857142857142854, 30.857142857142858, 30.714285714285715, 33.0, 35.714285714285715, 37.285714285714285, 39.0, 41.142857142857146, 42.714285714285715, 44.857142857142854, 46.714285714285715, 47.714285714285715, 49.142857142857146, 51.57142857142857, 53.142857142857146, 55.0, 56.42857142857143, 57.857142857142854, 59.285714285714285, 60.285714285714285, 60.42857142857143]}}