{"acc_dist": [77.85714285714286, 77.71428571428571, 76.85714285714286], "mean_curve": [44.952380952380956, 67.90476190476191, 70.57142857142857, 72.6190476190476, 73.80952380952381, 74.76190476190477, 74.90476190476191, 75.04761904761905, 75.19047619047619, 75.42857142857143, 75.66666666666667, 75.80952380952381, 76.0, 76.23809523809523, 76.47619047619047, 76.61904761904763, 76.85714285714285, 77.09523809523809, 77.19047619047619, 77.42857142857143, 77.47619047619047, 77.47619047619047], "var_curve": [16.856470258306185, 2.4642569586544028, 3.8668308667927196, 2.9608174393732973, 2.39708818069585, 1.7548119783512615, 1.3915846853526173, 1.0454523047666744, 0.8438116736509214, 0.9547589359887363, 0.64241607443962, 0.6424160744396203, 0.6172133998483699, 0.471404520791036, 0.5870870479018083, 0.26937401188058857, 0.11664236870396334, 0.2693740118805953, 0.5387480237611771, 0.5084322977157796, 0.44160088073788883, 0.44160088073788883], "train_loss": [1.058763689313616, 0.9383867826915923, 0.9104093569800967, 0.8950434802827382, 0.8911163620721726, 0.945421636672247, 0.9875675455729166, 0.9880087134951637, 0.9349435570126489, 0.8573033214750744, 0.8382443091982887, 0.8312604631696429, 0.8287588791620163, 0.8286430286225818, 0.8308293224516369, 0.8365017264229911, 0.8467979213169642, 0.8584465680803571, 0.8627027820405506, 0.8545505487351189, 0.8393694777715774, 0.82604000999814, 0.8175292678106398, 0.8128111921037947, 0.8106150309244792, 0.8101407877604166, 0.8108678908575149, 0.8123170398530507, 0.8139309547061012, 0.8151068696521578, 0.8153581891741072, 0.8144934082031251, 0.8126703462146576, 0.8102819533575149, 0.8077625383649555, 0.805442388625372, 0.803503679547991, 0.8020026216052827, 0.8009139578683037, 0.8001659574962797, 0.799663580031622, 0.7993046933128719, 0.7989917282831102, 0.7986436535063244, 0.7982044619605655, 0.7976478503999256, 0.7969762021019345, 0.7962139020647321, 0.7953976295107887, 0.7945667085193452, 0.7937560453869047, 0.7929912748790923, 0.7922872488839285, 0.7916488502139137, 0.7910724458240327, 0.7905490838913689, 0.7900662958054315, 0.7896104503813245, 0.7891693696521577, 0.7887326195126488, 0.7882933117094494, 0.7878477841331845, 0.7873951648530505, 0.7869373721168156, 0.7864776320684523, 0.7860201299758184, 0.78556887672061, 0.785127418154762, 0.7846981666201636, 0.784282924107143, 0.7838817487444197, 0.7834942626953126, 0.7831194487072173, 0.7827554175967261, 0.7824005126953125, 0.7820530192057292, 0.7817115711030507, 0.7813748023623512, 0.7810422188895089, 0.7807130068824405, 0.7803875441778274, 0.780065656389509, 0.779747808547247, 0.7794342912946428, 0.7791254243396577, 0.7788217308407738, 0.778523181733631, 0.7782300095331101, 0.7779421561104911, 0.7776595342726935, 0.7773817371186755, 0.7771087937127977, 0.7768401808965774, 0.7765758114769344, 0.7763152494884672, 0.7760582914806547, 0.7758048211960565, 0.7755546061197917, 0.7753077043805803, 0.7750638253348213, 0.7748231724330358, 0.7745854550316219, 0.774350847516741, 0.7741193498883928, 0.7738907586960565, 0.7736652773902529, 0.7734427315848215, 0.7732230340866816, 0.7730062720889137, 0.7727922712053572, 0.772581060500372, 0.7723722330729167, 0.772166253952753, 0.7719625999813987, 0.7717613874162946, 0.7715625581287203, 0.7713659377325149, 0.7711717006138393, 0.7709795561290922, 0.770789562406994, 0.7706016903831845, 0.7704159400576637, 0.7702321370442707, 0.770050310407366, 0.7698706926618303, 0.7696928478422619, 0.7695169793991816, 0.7693429129464286, 0.7691706194196429, 0.7690003022693452, 0.7688316127232143, 0.768664783296131, 0.7684996105375744, 0.7683360653831844, 0.7681742350260418, 0.7680138288225447, 0.7678551083519345, 0.767697986421131, 0.7675422886439732, 0.7673882765997023, 0.7672355433872768, 0.7670843796502976, 0.7669344947451636, 0.7667860339936756, 0.7666390845889137, 0.7664932686941964, 0.7663489641462053, 0.7662059384300596, 0.7660641624813987, 0.7659236653645833, 0.7657843308221727, 0.7656463332403275, 0.7655094982328868, 0.7653738257998511, 0.7652393740699405, 0.7651059977213541, 0.7649737839471725, 0.7648427036830358, 0.7647127278645832, 0.7645839146205358, 0.7644560314360119, 0.7643291945684524, 0.7642034330822173, 0.7640786597842263, 0.7639549618675595, 0.7638321940104168, 0.7637103852771577, 0.7635895356677828, 0.7634695870535714, 0.7633507138206846, 0.7632327415829613, 0.7631156122116817, 0.7629993257068453, 0.7628839692615328, 0.7627695138113838, 0.7626558430989583, 0.7625430443173363, 0.762431146530878, 0.7623200334821428, 0.7622097051711308, 0.7621001615978423, 0.7619914318266369, 0.7618834867931548, 0.7617763264973959, 0.7616699509393601, 0.7615642729259672, 0.7614593505859375, 0.7613550676618304, 0.7612516566685268, 0.7611489141555059, 0.7610468401227678, 0.7609455508277531, 0.7608447846912202, 0.7607447451636905, 0.7606455485026041, 0.76054690406436, 0.7604488699776786, 0.7603514753069197, 0.7602547200520834, 0.7601586332775297, 0.7600631859188988], "client_accs": {"T-shirt": [65.42857142857143, 70.71428571428571, 74.42857142857143, 75.57142857142857, 75.71428571428571, 75.85714285714286, 75.42857142857143, 75.71428571428571, 75.85714285714286, 76.42857142857143, 76.42857142857143, 76.57142857142857, 76.85714285714286, 76.85714285714286, 77.14285714285714, 77.0, 77.0, 77.28571428571429, 77.57142857142857, 77.71428571428571, 77.85714285714286, 77.85714285714286], "pullover": [24.142857142857142, 64.71428571428571, 65.28571428571429, 68.57142857142857, 70.42857142857143, 72.28571428571429, 73.0, 73.57142857142857, 74.0, 74.14285714285714, 74.85714285714286, 75.0, 75.42857142857143, 75.71428571428571, 75.71428571428571, 76.42857142857143, 76.85714285714286, 77.28571428571429, 77.57142857142857, 77.85714285714286, 77.71428571428571, 77.71428571428571], "shirt": [45.285714285714285, 68.28571428571429, 72.0, 73.71428571428571, 75.28571428571429, 76.14285714285714, 76.28571428571429, 75.85714285714286, 75.71428571428571, 75.71428571428571, 75.71428571428571, 75.85714285714286, 75.71428571428571, 76.14285714285714, 76.57142857142857, 76.42857142857143, 76.71428571428571, 76.71428571428571, 76.42857142857143, 76.71428571428571, 76.85714285714286, 76.85714285714286]}}