{"acc_dist": [81.14285714285714, 80.57142857142857, 76.85714285714286], "mean_curve": [38.476190476190474, 71.42857142857143, 74.19047619047619, 75.09523809523809, 76.19047619047619, 76.71428571428571, 76.90476190476191, 77.33333333333333, 77.66666666666667, 77.76190476190476, 77.90476190476191, 78.28571428571429, 78.47619047619048, 78.76190476190476, 79.19047619047619, 79.3809523809524, 79.42857142857143, 79.42857142857143, 79.57142857142857, 79.57142857142857, 79.52380952380953, 79.52380952380953], "var_curve": [12.896412691809314, 4.432410010750512, 5.669267110408629, 4.452826562880368, 3.532807045903123, 2.728035349981429, 2.598621647550902, 2.6453227452059327, 2.4027572974367355, 2.087648592074569, 2.0548046676563256, 2.0437394032261844, 1.8711316861322373, 1.9248936125150202, 1.9248936125150224, 2.0281466132425616, 2.1412692529444874, 2.0337291908631063, 1.833178719516204, 1.833178719516204, 1.8999940326914255, 1.8999940326914255], "train_loss": [1.0864107549758184, 0.9303617350260417, 0.901449236188616, 0.888056379045759, 0.9011340913318452, 0.9501200648716518, 1.0012469191778275, 0.9993377394903273, 0.9510740443638394, 0.8625513567243304, 0.8418223353794643, 0.8338926188151041, 0.8304888625372023, 0.8292434983026414, 0.8305003720238094, 0.836506609235491, 0.849886242094494, 0.8669702148437501, 0.8745006161644345, 0.8640590704055059, 0.8437649681454613, 0.8276277378627231, 0.8184934779575892, 0.8138594563802083, 0.8119552757626488, 0.8119069417317708, 0.8132194010416667, 0.8153923979259673, 0.8177347819010418, 0.8194261823381698, 0.8198029145740326, 0.8186605398995536, 0.8163164992559523, 0.8133798944382441, 0.8104376801990328, 0.8078727213541667, 0.8058509463355654, 0.8043880498976934, 0.8034168061755952, 0.8028289213634672, 0.8024979364304315, 0.8022940499441965, 0.8020977783203125, 0.8018142264229912, 0.8013838995070685, 0.8007881673177083, 0.8000441487630209, 0.7991941906156995, 0.7982915387834822, 0.7973884509858631, 0.7965261695498511, 0.7957324509393602, 0.7950201416015625, 0.7943898228236609, 0.7938325718470982, 0.7933336239769346, 0.7928753662109376, 0.7924404180617559, 0.7920133754185268, 0.7915829613095239, 0.7911420259021577, 0.7906878952752976, 0.7902215866815476, 0.7897471110026041, 0.7892696998232887, 0.7887952822730654, 0.7883291771298363, 0.7878757731119791, 0.7874376278831846, 0.7870162527901786, 0.7866114153180804, 0.7862222144717261, 0.7858465285528274, 0.7854820614769346, 0.7851264880952381, 0.7847778610956101, 0.7844341169084822, 0.7840941510881696, 0.7837572079613095, 0.7834230259486606, 0.7830916922433037, 0.7827637590680804, 0.7824396042596726, 0.7821197219122024, 0.7818050130208333, 0.7814955647786458, 0.7811917259579614, 0.7808935837518601, 0.7806013125465029, 0.7803143019903275, 0.7800326683407738, 0.7797558012462797, 0.7794834391276041, 0.7792151460193453, 0.7789505731491815, 0.7786896333240327, 0.7784319777715774, 0.7781775774274554, 0.7779261997767858, 0.7776778738839285, 0.7774324834914434, 0.777190202985491, 0.7769510904947916, 0.7767147391183036, 0.776481701078869, 0.7762515113467261, 0.7760245186941965, 0.7758003743489583, 0.7755790783110119, 0.7753604852585565, 0.775144769577753, 0.7749316406250001, 0.7747210984002976, 0.7745129103887649, 0.7743071056547618, 0.7741035679408483, 0.7739023263113839, 0.7737032354445684, 0.7735062081473214, 0.773311302548363, 0.7731184895833333, 0.7729276820591519, 0.772738792782738, 0.7725518508184525, 0.7723669433593751, 0.7721839250837054, 0.7720027378627231, 0.7718234688895089, 0.7716459728422619, 0.7714705113002233, 0.7712966482979909, 0.7711246744791667, 0.7709545317150296, 0.7707861037481399, 0.7706192743210565, 0.7704542468843005, 0.7702909051804315, 0.7701291329520089, 0.7699690173921132, 0.7698103550502232, 0.7696534946986606, 0.7694979713076636, 0.7693438720703125, 0.7691913713727678, 0.7690401785714286, 0.7688904389880952, 0.7687422107514882, 0.768595203218006, 0.7684495035807292, 0.7683051990327381, 0.7681621733165923, 0.7680204264322916, 0.7678798421223959, 0.7677404785156251, 0.7676025099981398, 0.7674654424758184, 0.7673297700427829, 0.7671952601841517, 0.7670617385137648, 0.7669294375465029, 0.7667981538318452, 0.7666680617559524, 0.7665389288039434, 0.7664109293619791, 0.7662838890438989, 0.7661580403645832, 0.7660330636160714, 0.7659091331845239, 0.7657861909412201, 0.7656642368861607, 0.7655431547619047, 0.765423060825893, 0.7653038969494048, 0.7651856050037202, 0.7650682431175596, 0.7649517240978424, 0.7648361060732887, 0.7647214181082589, 0.7646075439453125, 0.7644945707775297, 0.7643822079613095, 0.7642709205264137, 0.7641602725074405, 0.7640504673549108, 0.7639414760044643, 0.7638333275204613, 0.7637259056454614, 0.7636192394438245, 0.76351318359375, 0.7634079996744791, 0.7633036004929314, 0.7631997825985862, 0.7630967494419642, 0.7629944138299852, 0.7628927466982885, 0.7627917771112352, 0.7626914469401042, 0.7625918433779763, 0.7624929373604911, 0.7623946126302084, 0.7622969563802083], "client_accs": {"T-shirt": [56.714285714285715, 77.42857142857143, 82.0, 81.28571428571429, 81.14285714285714, 80.57142857142857, 80.57142857142857, 81.0, 81.0, 80.57142857142857, 80.57142857142857, 80.85714285714286, 80.85714285714286, 81.14285714285714, 81.14285714285714, 81.28571428571429, 81.28571428571429, 81.14285714285714, 81.14285714285714, 81.14285714285714, 81.14285714285714, 81.14285714285714], "pullover": [29.285714285714285, 66.85714285714286, 68.71428571428571, 71.0, 73.14285714285714, 74.71428571428571, 75.28571428571429, 76.14285714285714, 76.57142857142857, 77.14285714285714, 77.57142857142857, 78.14285714285714, 78.28571428571429, 78.71428571428571, 79.85714285714286, 80.28571428571429, 80.57142857142857, 80.57142857142857, 80.57142857142857, 80.57142857142857, 80.57142857142857, 80.57142857142857], "shirt": [29.428571428571427, 70.0, 71.85714285714286, 73.0, 74.28571428571429, 74.85714285714286, 74.85714285714286, 74.85714285714286, 75.42857142857143, 75.57142857142857, 75.57142857142857, 75.85714285714286, 76.28571428571429, 76.42857142857143, 76.57142857142857, 76.57142857142857, 76.42857142857143, 76.57142857142857, 77.0, 77.0, 76.85714285714286, 76.85714285714286]}}