{"acc_dist": [83.85714285714286, 71.14285714285714, 64.57142857142857], "mean_curve": [44.952380952380956, 58.1904761904762, 61.476190476190474, 63.238095238095234, 64.52380952380952, 65.33333333333333, 66.61904761904762, 67.57142857142857, 68.14285714285714, 68.52380952380952, 69.33333333333333, 70.14285714285715, 70.52380952380952, 70.85714285714286, 71.28571428571428, 71.47619047619047, 71.95238095238095, 72.52380952380953, 72.90476190476191, 73.0, 73.19047619047619, 73.19047619047619], "var_curve": [16.856470258306185, 16.76501594503233, 19.255649699542047, 20.452477964180364, 20.83506115284115, 20.88593359709406, 20.412858870237546, 19.25023190954926, 18.32287889924677, 17.44742669887736, 16.23020336082659, 14.847982524033815, 14.055445761538676, 13.071753834100445, 12.35583532856709, 11.836375004308977, 11.201514312917443, 10.486358701706791, 9.648469853896103, 8.781551472177531, 8.120129798008646, 8.005383676030373], "train_loss": [1.058763689313616, 1.0418180629185267, 1.0265946742466519, 1.0130853562127975, 1.0011893136160717, 0.9907519531250001, 0.9815968540736607, 0.9735473923456102, 0.9664397612072172, 0.9601288423084077, 0.9544899204799107, 0.9494176664806547, 0.944823957170759, 0.9406354050409226, 0.9367908877418155, 0.9332399495442708, 0.9299403599330356, 0.9268565731956846, 0.9239594377790178, 0.9212240455264137, 0.9186296735491072, 0.9161585344587054, 0.9137961251395089, 0.911529526483445, 0.909348391578311, 0.907244146437872, 0.9052090454101562, 0.9032371593656995, 0.9013235618954614, 0.8994640096028647, 0.8976551310221353, 0.8958946591331846, 0.8941803123837425, 0.8925106666201637, 0.8908844720749628, 0.8893008713495164, 0.887759312220982, 0.8862592569986979, 0.8847999645414806, 0.8833811296735492, 0.8820021856398809, 0.8806626528785341, 0.8793619791666667, 0.8780993216378349, 0.8768740699404761, 0.8756854684012277, 0.8745323544456846, 0.8734141467866444, 0.8723297845749628, 0.8712784540085566, 0.8702591087704613, 0.8692708914620534, 0.86831298828125, 0.8673844401041667, 0.8664843023390997, 0.8656121826171876, 0.8647669764927456, 0.8639478265671503, 0.8631544712611608, 0.8623859078543528, 0.8616417003813245, 0.8609210786365328, 0.8602235630580357, 0.859548601422991, 0.8588955833798364, 0.8582639857700892, 0.8576533726283482, 0.8570630754743304, 0.8564926874069941, 0.8559418596540178, 0.855409894670759, 0.854896240234375, 0.854400634765625, 0.8539227004278275, 0.853461419968378, 0.853016851515997, 0.8525882393973214, 0.85217529296875, 0.8517771693638393, 0.8513936651320684, 0.8510241117931548, 0.8506683349609375, 0.8503255208333335, 0.8499952625093007, 0.8496770949590774, 0.8493704078311013, 0.8490747651599703, 0.8487897600446428, 0.8485147821335565, 0.8482495117187501, 0.8479933093843006, 0.8477457101004463, 0.8475062197730655, 0.8472746058872768, 0.8470501418340773, 0.846832536969866, 0.8466213843936012, 0.8464160737537202, 0.8462164597284226, 0.8460219029017857, 0.8458322579520089, 0.8456469145275297, 0.8454657563709077, 0.8452882312593006, 0.8451141357421875, 0.8449432663690476, 0.8447750999813989, 0.8446093750000001, 0.8444459461030506, 0.8442845226469494, 0.8441247849237351, 0.843966558547247, 0.8438096400669642, 0.8436538841610863, 0.8434989420572917, 0.8433447556268602, 0.8431910051618304, 0.8430378650483631, 0.8428848702566963, 0.8427319626581101, 0.8425789969308036, 0.8424261183965774, 0.842272716703869, 0.8421191987537201, 0.8419651867094494, 0.8418107386997767, 0.841655767531622, 0.8415000988188245, 0.841343761625744, 0.8411867268880209, 0.8410289074125744, 0.8408703322637648, 0.8407107107979911, 0.8405503917875744, 0.8403892008463542, 0.8402270798456102, 0.8400638253348213, 0.8399000186011905, 0.8397350492931547, 0.8395690627325149, 0.8394022042410715, 0.8392344447544643, 0.8390657552083334, 0.8388959321521577, 0.8387254115513393, 0.8385540190197173, 0.8383815511067708, 0.8382084437779018, 0.8380343482607886, 0.8378594098772322, 0.8376837448846727, 0.8375072079613096, 0.8373299734933036, 0.8371519542875744, 0.8369732956659227, 0.8367938523065476, 0.8366136532738094, 0.8364330182756697, 0.8362516566685269, 0.8360697428385416, 0.8358873930431548, 0.8357043166387649, 0.8355208914620537, 0.8353369140624999, 0.8351525588262648, 0.834967796688988, 0.8347826276506697, 0.8345970517113095, 0.8344111851283481, 0.8342250569661459, 0.8340386672247023, 0.8338518996465774, 0.8336649576822918, 0.8334779575892858, 0.8332907249813988, 0.8331033470517113, 0.8329157947358631, 0.832728242420015, 0.8325405157180059, 0.8323527890159971, 0.8321651204427084, 0.8319774228050596, 0.8317896961030505, 0.8316019694010417, 0.8314144170851935, 0.8312269228980655, 0.831039544968378, 0.8308523414248512, 0.8306651669456846, 0.8304782540457589, 0.8302915736607144, 0.8301050967261906, 0.8299187651134673, 0.8297326950799851, 0.8295468575613839, 0.8293613688151042, 0.829176054454985, 0.8289912632533483, 0.8288065883091518, 0.8286222621372769, 0.8284385172526042], "client_accs": {"T-shirt": [65.42857142857143, 81.28571428571429, 86.71428571428571, 89.14285714285714, 90.57142857142857, 91.28571428571429, 91.71428571428571, 91.42857142857143, 91.0, 90.28571428571429, 89.71428571428571, 89.0, 88.57142857142857, 87.71428571428571, 87.14285714285714, 86.71428571428571, 86.42857142857143, 86.28571428571429, 85.71428571428571, 84.71428571428571, 84.0, 83.85714285714286], "pullover": [24.142857142857142, 51.285714285714285, 57.714285714285715, 61.42857142857143, 63.42857142857143, 64.57142857142857, 66.42857142857143, 67.0, 67.28571428571429, 67.71428571428571, 68.28571428571429, 68.71428571428571, 68.71428571428571, 69.0, 69.71428571428571, 69.85714285714286, 70.28571428571429, 70.42857142857143, 70.57142857142857, 70.71428571428571, 71.14285714285714, 71.14285714285714], "shirt": [45.285714285714285, 42.0, 40.0, 39.142857142857146, 39.57142857142857, 40.142857142857146, 41.714285714285715, 44.285714285714285, 46.142857142857146, 47.57142857142857, 50.0, 52.714285714285715, 54.285714285714285, 55.857142857142854, 57.0, 57.857142857142854, 59.142857142857146, 60.857142857142854, 62.42857142857143, 63.57142857142857, 64.42857142857143, 64.57142857142857]}}