{"acc_dist": [71.85714285714286, 66.0, 73.57142857142857], "mean_curve": [44.952380952380956, 58.047619047619044, 57.42857142857142, 60.23809523809524, 61.857142857142854, 63.047619047619044, 64.66666666666667, 65.66666666666667, 66.57142857142857, 67.23809523809524, 67.95238095238095, 68.38095238095238, 68.61904761904762, 68.80952380952381, 69.09523809523809, 69.42857142857143, 69.57142857142857, 69.95238095238095, 70.33333333333333, 70.33333333333333, 70.47619047619048, 70.47619047619048], "var_curve": [16.856470258306185, 10.42389545092822, 2.5314350209527663, 4.52105179101635, 4.581833397114254, 4.698144565493557, 4.6222374847122865, 4.5180414354782545, 4.4308749769345175, 4.219058368254608, 3.826746781497988, 3.949224212688638, 3.4391371590986286, 3.460827106782214, 3.681787005729085, 3.8385796692984013, 3.8668308667927196, 4.015841646153907, 3.57682132537408, 3.353003189006467, 3.24159474764143, 3.24159474764143], "train_loss": [1.058763689313616, 1.0418180629185267, 1.026764439174107, 1.0139422607421875, 1.0037546793619792, 0.9963759358723957, 0.9916648646763392, 0.989303734188988, 0.9888007754371279, 0.9889122663225446, 0.9894928850446428, 0.9905445498511906, 0.9921743047805061, 0.9943587239583334, 0.996918480282738, 0.9995336042131696, 1.0016113281249999, 1.0022800990513394, 1.0006031145368304, 0.9959035237630208, 0.9880438232421875, 0.9775924537295387, 0.9657633754185267, 0.953981439499628, 0.943312290736607, 0.934228283110119, 0.9267626081194197, 0.9207497732979911, 0.915975312732515, 0.9122445824032739, 0.9094096737816221, 0.9073815336681547, 0.9061350795200892, 0.9057125709170387, 0.906221197219122, 0.9078164818173363, 0.9106566510881696, 0.9146156529017858, 0.9193841843377976, 0.9247349039713542, 0.9299380347842262, 0.9341221981956845, 0.9364948962983631, 0.9365252976190477, 0.9340294538225447, 0.9291887555803572, 0.9225356910342262, 0.9148687744140624, 0.9070537748790922, 0.8997827729724701, 0.893441423688616, 0.8881381661551339, 0.8838178071521577, 0.8803620256696428, 0.8776495942615328, 0.8755804734002975, 0.8740817987351189, 0.8731068347749256, 0.8726292201450893, 0.8726364862351191, 0.8731239246186756, 0.8740863037109375, 0.8755108351934524, 0.8773670014880953, 0.8795964413597471, 0.8821018182663689, 0.8847370256696429, 0.8873069545200893, 0.8895768519810267, 0.8912976655505952, 0.8922433035714286, 0.8922485642206102, 0.8912413388206845, 0.8892589750744048, 0.8864432198660714, 0.8830164155505953, 0.879240984235491, 0.8753742327008928, 0.8716317313058036, 0.8681675502232142, 0.8650744338262649, 0.8623947288876489, 0.8601372709728423, 0.8582915387834822, 0.85683837890625, 0.855756109328497, 0.8550234840029761, 0.8546203031994049, 0.8545263090587797, 0.8547199648902529, 0.8551756649925596, 0.8558632114955357, 0.85674560546875, 0.8577788434709822, 0.8589111328125, 0.8600838506789433, 0.8612325032552084, 0.8622894868396577, 0.8631863257998512, 0.8638591076078869, 0.8642527262369791, 0.8643252418154762, 0.8640534319196429, 0.8634345644996279, 0.8624867757161457, 0.8612486921037946, 0.8597737920851934, 0.858125959123884, 0.856373058500744, 0.8545808337983631, 0.8528085472470238, 0.8511064801897321, 0.8495139567057292, 0.8480601574125743, 0.8467650204613095, 0.8456410144624256, 0.844694330124628, 0.8439269147600447, 0.8433370245070685, 0.8429197184244792, 0.8426678176153274, 0.8425713530040922, 0.8426177397228423, 0.8427910795665922, 0.8430728294735864, 0.8434413655598959, 0.8438721865699405, 0.8443384951636905, 0.8448118954613095, 0.8452637009393601, 0.8456654285249257, 0.8459908331008185, 0.8462164306640624, 0.8463235618954613, 0.8462985374813988, 0.8461341494605654, 0.8458288864862351, 0.8453883870442708, 0.8448227655319941, 0.8441478620256696, 0.8433823939732142, 0.8425478108723959, 0.8416665213448661, 0.8407610502697173, 0.8398520333426339, 0.8389593215215774, 0.838099365234375, 0.837286841982887, 0.8365330287388394, 0.8358469935825893, 0.8352352469308034, 0.8347018577938988, 0.8342490931919643, 0.8338770693824404, 0.8335843912760416, 0.833367948986235, 0.8332232666015625, 0.8331442406063988, 0.8331234305245535, 0.8331524948846726, 0.833221668061756, 0.8333202543712798, 0.8334369477771576, 0.8335604422433036, 0.8336785307384673, 0.8337801978701637, 0.8338544282459077, 0.8338921537853423, 0.8338847133091517, 0.8338260614304316, 0.833711925688244, 0.8335396612258185, 0.8333095296223959, 0.833023216610863, 0.832684558686756, 0.832299049014137, 0.8318733142671131, 0.831414998372396, 0.8309325299944197, 0.8304342215401785, 0.8299287632533483, 0.8294242059616815, 0.8289281063988095, 0.8284472365606398, 0.827987787155878, 0.8275547572544643, 0.8271519833519346, 0.8267829241071428, 0.8264496140252976, 0.8261531575520834, 0.8258942231677828, 0.8256720842633928, 0.8254856363932292, 0.825332757859003, 0.8252108328683035, 0.8251166062127977, 0.8250462995256697, 0.8249957566034226, 0.8249602980840773, 0.8249352155412947, 0.824915509905134], "client_accs": {"T-shirt": [65.42857142857143, 71.71428571428571, 59.0, 64.57142857142857, 66.71428571428571, 65.0, 68.28571428571429, 69.14285714285714, 68.57142857142857, 69.85714285714286, 70.14285714285714, 70.42857142857143, 70.14285714285714, 70.42857142857143, 70.71428571428571, 71.0, 71.0, 71.57142857142857, 71.71428571428571, 71.71428571428571, 71.85714285714286, 71.85714285714286], "pullover": [24.142857142857142, 56.0, 53.857142857142854, 54.0, 55.714285714285715, 56.57142857142857, 58.142857142857146, 59.285714285714285, 60.42857142857143, 61.285714285714285, 62.57142857142857, 62.857142857142854, 63.857142857142854, 64.0, 64.0, 64.14285714285714, 64.28571428571429, 64.42857142857143, 65.42857142857143, 65.71428571428571, 66.0, 66.0], "shirt": [45.285714285714285, 46.42857142857143, 59.42857142857143, 62.142857142857146, 63.142857142857146, 67.57142857142857, 67.57142857142857, 68.57142857142857, 70.71428571428571, 70.57142857142857, 71.14285714285714, 71.85714285714286, 71.85714285714286, 72.0, 72.57142857142857, 73.14285714285714, 73.42857142857143, 73.85714285714286, 73.85714285714286, 73.57142857142857, 73.57142857142857, 73.57142857142857]}}