{"acc_dist": [78.71428571428571, 78.42857142857143, 76.71428571428571], "mean_curve": [36.142857142857146, 67.57142857142857, 72.04761904761905, 73.66666666666667, 73.57142857142857, 74.57142857142857, 75.23809523809524, 75.95238095238096, 76.04761904761905, 76.42857142857143, 76.66666666666667, 76.95238095238095, 77.09523809523809, 77.19047619047619, 77.23809523809523, 77.6190476190476, 77.85714285714285, 77.80952380952381, 77.80952380952381, 77.85714285714286, 77.90476190476191, 77.95238095238095], "var_curve": [12.103296902842935, 1.543033499620917, 5.541842486086158, 4.383539608710498, 2.4271704642618412, 1.7418420150639897, 1.4253932901995967, 1.1741740958036158, 1.2362623795949688, 0.9547589359887363, 0.9782208849606722, 0.5753831415997451, 0.5753831415997385, 0.7499055118106515, 0.8275308189039418, 0.7766431633476254, 0.8164965809277293, 0.8832017614757828, 0.7126966450997958, 0.764875162105187, 0.8597842897746584, 0.8832017614757828], "train_loss": [1.112019537062872, 0.9946851167224701, 0.9196938941592262, 0.9026169259207588, 0.8929866536458334, 0.9098895844959077, 1.0208792550223214, 1.0317164539155506, 1.0172684151785714, 0.9608750406901042, 0.8619649251302084, 0.8414853922526042, 0.8340142240978423, 0.830902811686198, 0.8296719650995165, 0.8301229567754835, 0.8334858921595982, 0.8446015857514881, 0.8694225783575149, 0.8981560988653273, 0.9034992036365329, 0.8754644775390625, 0.837549787248884, 0.8186427815755208, 0.811150134858631, 0.8082865106491816, 0.8078721110026041, 0.8092425246465774, 0.8121681722005208, 0.816308797200521, 0.8208407738095237, 0.8243771507626487, 0.8254881649925596, 0.823600086030506, 0.8194175792875744, 0.8143829636346727, 0.8097440592447916, 0.8061129034133184, 0.8035977899460566, 0.8020731026785715, 0.8013404192243302, 0.8011854771205357, 0.8013876197451637, 0.8017241269066221, 0.8019874790736607, 0.802013636997768, 0.8017081705729167, 0.8010584949311758, 0.8001230875651042, 0.7990041968936011, 0.7978148832775297, 0.7966542271205358, 0.7955923025948661, 0.7946679978143601, 0.7938923281715029, 0.793254917689732, 0.7927316720145089, 0.7922904459635416, 0.7918970307849702, 0.7915200369698661, 0.791134033203125, 0.7907217552548363, 0.7902750941685267, 0.7897938174293154, 0.789284202938988, 0.7887566266741072, 0.7882230050223215, 0.7876945568266369, 0.7871808733258928, 0.7866883196149553, 0.7862204415457589, 0.7857777913411458, 0.7853587123325892, 0.7849600365048364, 0.7845776076543899, 0.7842068336123512, 0.7838439360119048, 0.7834854852585567, 0.7831295340401786, 0.782774193173363, 0.7824194626581101, 0.7820656040736607, 0.7817134893508184, 0.7813644554501488, 0.7810195196242559, 0.7806799897693453, 0.7803466796874999, 0.7800201706659227, 0.7797006370907739, 0.7793881370907738, 0.7790823509579612, 0.778782726469494, 0.7784887114025297, 0.7781997535342263, 0.7779151553199405, 0.7776345389229911, 0.7773575555710566, 0.7770838274274553, 0.7768130929129464, 0.7765456717354912, 0.7762811279296876, 0.7760197521391369, 0.7757616024925595, 0.7755066208612352, 0.7752550397600446, 0.7750067719959078, 0.7747618175688245, 0.7745201474144346, 0.7742817905970982, 0.7740465727306548, 0.7738143194289435, 0.7735851178850446, 0.7733587065197174, 0.7731351725260417, 0.7729141671316965, 0.7726956903366816, 0.772479771205357, 0.7722662644159226, 0.7720552280970981, 0.7718465750558036, 0.7716402471633184, 0.771436273484003, 0.7712347121465774, 0.7710353306361607, 0.7708383033389136, 0.7706436011904761, 0.7704511079334077, 0.7702608235677083, 0.7700727190290179, 0.7698867652529762, 0.769702845982143, 0.7695209902808778, 0.769341052827381, 0.7691631208147321, 0.7689869907924107, 0.768812749953497, 0.7686402239118303, 0.7684694417317709, 0.7683004034133184, 0.7681331380208333, 0.7679674421037946, 0.767803431919643, 0.767640874953497, 0.7674800327845981, 0.7673207310267857, 0.7671629115513392, 0.7670065452938988, 0.766851777576265, 0.7666983468191965, 0.7665463402157737, 0.7663956996372767, 0.7662465994698661, 0.7660988071986606, 0.7659522646949405, 0.765807088216146, 0.7656631615048363, 0.7655205426897321, 0.7653790573846727, 0.7652389090401787, 0.7650999523344494, 0.764962158203125, 0.7648254975818453, 0.7646900285993303, 0.7645556931268601, 0.7644225202287945, 0.7642903645833332, 0.7641593715122768, 0.7640294538225447, 0.7639004661923363, 0.763772699265253, 0.7636458042689732, 0.7635200427827381, 0.7633952113560268, 0.7632712809244792, 0.7631484840029762, 0.7630265299479166, 0.7629055350167411, 0.7627854410807292, 0.7626663353329614, 0.7625480433872767, 0.7624307977585566, 0.762314220610119, 0.7621986897786458, 0.7620839146205357, 0.761969982328869, 0.7618569800967262, 0.7617447626023065, 0.7616333589099703, 0.7615226818266368, 0.7614128185453869, 0.7613038562593006, 0.7611955915178571, 0.7610880824497768, 0.7609813290550594, 0.7608753022693452, 0.7607700020926339, 0.7606654866536459, 0.7605615815662201, 0.7604585484095981, 0.760356183733259, 0.7602544003441221], "client_accs": {"T-shirt": [39.285714285714285, 69.71428571428571, 79.85714285714286, 79.85714285714286, 77.0, 77.0, 77.14285714285714, 77.28571428571429, 77.42857142857143, 77.42857142857143, 77.42857142857143, 77.42857142857143, 77.57142857142857, 77.85714285714286, 78.14285714285714, 78.42857142857143, 78.57142857142857, 78.57142857142857, 78.57142857142857, 78.71428571428571, 78.71428571428571, 78.71428571428571], "pullover": [20.0, 66.85714285714286, 67.57142857142857, 70.28571428571429, 72.0, 73.71428571428571, 74.85714285714286, 76.14285714285714, 76.28571428571429, 76.71428571428571, 77.28571428571429, 77.28571428571429, 77.42857142857143, 77.57142857142857, 77.42857142857143, 77.85714285714286, 78.28571428571429, 78.28571428571429, 78.0, 78.0, 78.28571428571429, 78.42857142857143], "shirt": [49.142857142857146, 66.14285714285714, 68.71428571428571, 70.85714285714286, 71.71428571428571, 73.0, 73.71428571428571, 74.42857142857143, 74.42857142857143, 75.14285714285714, 75.28571428571429, 76.14285714285714, 76.28571428571429, 76.14285714285714, 76.14285714285714, 76.57142857142857, 76.71428571428571, 76.57142857142857, 76.85714285714286, 76.85714285714286, 76.71428571428571, 76.71428571428571]}}