{"acc_dist": [74.0, 69.85714285714286, 73.14285714285714], "mean_curve": [36.142857142857146, 52.57142857142858, 57.23809523809524, 61.38095238095238, 66.0, 65.52380952380952, 67.57142857142857, 68.52380952380953, 68.85714285714286, 69.23809523809524, 69.42857142857143, 70.0, 70.14285714285715, 70.28571428571428, 70.71428571428571, 71.0952380952381, 71.23809523809524, 71.33333333333333, 71.85714285714286, 72.23809523809523, 72.33333333333333, 72.33333333333333], "var_curve": [12.103296902842935, 19.867246487452586, 15.543808327570922, 10.216921626808375, 10.174665081653036, 5.7573772058333486, 6.586938219084861, 5.401351976552091, 4.199125273342591, 4.518041435478257, 3.986371340277397, 3.2092553229512863, 3.3258419219493742, 2.859522818286177, 2.943920288775949, 2.8507865803991894, 2.62207617103547, 2.458729646366779, 2.2707845747745488, 1.9178124348192638, 1.7855555485002523, 1.7855555485002523], "train_loss": [1.112019537062872, 1.0976118687220981, 1.0831648472377233, 1.0693074253627233, 1.0558124069940475, 1.0417476981026788, 1.0265140497116816, 1.011888427734375, 1.0020568266369048, 0.9975662958054317, 0.9960601515997024, 0.9959556652250745, 0.9966383289155506, 0.9980986676897321, 1.000539812360491, 1.0046351260230655, 1.011491466703869, 1.0218319556826636, 1.0343129185267856, 1.0447041538783481, 1.0506009928385418, 1.050654994419643, 1.0444273449125745, 1.0319324602399556, 1.0141147867838542, 0.9934223865327381, 0.9727613467261905, 0.9539845203218006, 0.9383034261067708, 0.9265925816127233, 0.9187232026599702, 0.9137767392113094, 0.9108351062593005, 0.9093247477213543, 0.9090077136811757, 0.9099167306082588, 0.9116852097284226, 0.9144389415922619, 0.9185470726376489, 0.9243908400762649, 0.9321498325892857, 0.9413876488095237, 0.9507348051525297, 0.958524431501116, 0.9633817545572917, 0.9644857642764136, 0.9615295700799852, 0.9546949114118303, 0.9447663225446429, 0.9331592959449404, 0.9215259079706101, 0.911095435732887, 0.9023750813802084, 0.8953522019159226, 0.8898055884951637, 0.8854860432942709, 0.8821806408110119, 0.8797288585844495, 0.8780238560267858, 0.8770123291015626, 0.8766917201450891, 0.8771078636532739, 0.8783463832310269, 0.8805169387090773, 0.883721662248884, 0.8880014183407737, 0.8929691859654018, 0.8984286353701637, 0.9039372035435268, 0.9088236490885416, 0.9123968505859374, 0.9140986560639881, 0.9136117989676339, 0.9109095982142857, 0.906265636625744, 0.9002236793154762, 0.8934962390718005, 0.8867884753999257, 0.8806286039806549, 0.8752975027901785, 0.8708676583426339, 0.8672893415178572, 0.8644648960658481, 0.8622924223400298, 0.860685076032366, 0.8595771426246279, 0.8589225260416667, 0.8586924816313243, 0.8588704136439732, 0.8594489397321429, 0.8604242524646577, 0.8617910621279762, 0.8635355922154018, 0.8656263660249256, 0.868004644484747, 0.8705748930431548, 0.873197777157738, 0.8756923421223958, 0.8778479294549851, 0.879448707217262, 0.8803044201078869, 0.8802833775111608, 0.8793365769159226, 0.8775088936941965, 0.8749341692243303, 0.8718128313337054, 0.8683782668340774, 0.8648589797247023, 0.8614483061290922, 0.858287121000744, 0.8554629952566964, 0.853019060407366, 0.8509666515531995, 0.8492981828962054, 0.8479968261718751, 0.8470425269717262, 0.8464148821149554, 0.8460951160249256, 0.8460650344122024, 0.846305919828869, 0.8467977469308036, 0.8475165376209078, 0.8484336053757441, 0.849513927641369, 0.8507149541945686, 0.8519864908854166, 0.8532713681175595, 0.8545059930710566, 0.855623546781994, 0.8565574428013393, 0.8572461518787202, 0.8576381138392857, 0.8576968529110863, 0.8574045817057292, 0.8567652820405506, 0.8558035714285714, 0.8545630464099702, 0.8531006150018601, 0.8514824858165922, 0.8497763206845238, 0.8480467587425595, 0.846350853329613, 0.8447356305803572, 0.843237769717262, 0.8418837193080356, 0.8406910923549106, 0.8396702648344494, 0.838825945172991, 0.8381590634300595, 0.8376669456845237, 0.8373447091238839, 0.83718505859375, 0.8371786063058035, 0.8373134649367561, 0.8375750151134672, 0.8379461669921876, 0.8384062558128721, 0.8389325241815476, 0.8394989304315477, 0.8400776890345982, 0.8406400262741816, 0.8411568196614582, 0.8416002255394345, 0.8419451613653274, 0.8421702067057292, 0.8422590855189732, 0.8422020031156995, 0.8419952392578125, 0.8416418166387648, 0.841151123046875, 0.8405378941127232, 0.8398211669921875, 0.8390229143415179, 0.8381666782924108, 0.8372765531994046, 0.8363751511346726, 0.8354838053385416, 0.8346211460658483, 0.833803216843378, 0.8330430675688244, 0.8323509288969494, 0.8317343284970238, 0.831198468889509, 0.8307461983816964, 0.8303786795479912, 0.8300948951357886, 0.8298925199962798, 0.8297676304408482, 0.829714849562872, 0.8297274344308035, 0.8297971307663691, 0.8299146379743303, 0.8300697253999257, 0.8302510288783482, 0.830446544828869, 0.8306437174479168, 0.8308305431547619, 0.8309947858537946, 0.8311253138950893, 0.831212419782366, 0.8312477039155506], "client_accs": {"T-shirt": [39.285714285714285, 79.71428571428571, 71.28571428571429, 75.42857142857143, 79.85714285714286, 73.57142857142857, 76.85714285714286, 76.0, 74.0, 75.28571428571429, 74.57142857142857, 73.85714285714286, 74.14285714285714, 73.71428571428571, 73.71428571428571, 74.14285714285714, 74.0, 73.85714285714286, 74.0, 74.0, 74.0, 74.0], "pullover": [20.0, 45.285714285714285, 64.85714285714286, 51.42857142857143, 62.42857142857143, 60.42857142857143, 62.285714285714285, 63.42857142857143, 63.714285714285715, 64.42857142857143, 64.85714285714286, 66.0, 66.0, 66.71428571428571, 66.71428571428571, 67.28571428571429, 67.71428571428571, 68.0, 68.71428571428571, 69.57142857142857, 69.85714285714286, 69.85714285714286], "shirt": [49.142857142857146, 32.714285714285715, 35.57142857142857, 57.285714285714285, 55.714285714285715, 62.57142857142857, 63.57142857142857, 66.14285714285714, 68.85714285714286, 68.0, 68.85714285714286, 70.14285714285714, 70.28571428571429, 70.42857142857143, 71.71428571428571, 71.85714285714286, 72.0, 72.14285714285714, 72.85714285714286, 73.14285714285714, 73.14285714285714, 73.14285714285714]}}