{"acc_dist": [78.28571428571429, 78.14285714285714, 77.0], "mean_curve": [27.76190476190476, 67.95238095238095, 71.52380952380952, 72.42857142857143, 73.57142857142857, 74.28571428571428, 74.95238095238095, 75.33333333333333, 75.6190476190476, 75.66666666666667, 76.23809523809523, 76.66666666666667, 76.71428571428571, 76.90476190476191, 76.95238095238095, 77.19047619047619, 77.33333333333333, 77.42857142857143, 77.66666666666667, 77.80952380952381, 77.71428571428571, 77.80952380952381], "var_curve": [18.10488464676211, 7.833586622044805, 7.400435116214249, 5.369351168697117, 4.125579736626759, 3.364480330029657, 2.9654090432267153, 2.609071910819563, 2.3799998094475794, 1.6916494922220566, 1.4253932901995967, 1.197124294283481, 0.9965928350693509, 0.8275308189039418, 0.8597842897746563, 0.8754655386119179, 0.8275308189039418, 0.7648751621051922, 0.5985621471417405, 0.5985621471417405, 0.6060915267313226, 0.5753831415997425], "train_loss": [1.1456990850539432, 1.031824195498512, 0.924347156343006, 0.9010252888997395, 0.8945935494559153, 0.9185531906854539, 0.9275244140625, 0.9564106096540179, 0.9948780750093006, 0.988800804501488, 0.9357363455636162, 0.8533682396298362, 0.8345280383882069, 0.8289691598074777, 0.8277812122163318, 0.8292720831008186, 0.8334828113374256, 0.8417095656622023, 0.8561493210565475, 0.8728556024460565, 0.8776347714378719, 0.8637474132719495, 0.8420161655970982, 0.8260240827287947, 0.8171673002697172, 0.8127696300688244, 0.8110779971168155, 0.8112581670851934, 0.8128596714564732, 0.8153893171037946, 0.8180784098307292, 0.8199548630487351, 0.8202386765252977, 0.8187564232235863, 0.8159781901041666, 0.812667992001488, 0.8094870140438989, 0.8068173363095238, 0.8047913760230655, 0.8033882940383185, 0.8025114222935268, 0.802029506138393, 0.801796409970238, 0.8016642252604167, 0.8015003022693453, 0.8012045142764137, 0.8007224527994792, 0.8000481305803572, 0.7992163667224702, 0.7982850283668155, 0.7973188127790177, 0.7963743663969494, 0.7954929896763393, 0.7946979631696429, 0.7939962623232887, 0.7933819870721726, 0.792840605236235, 0.7923526727585566, 0.7918976411365327, 0.7914565894717261, 0.7910150727771578, 0.790563005719866, 0.7900958542596727, 0.7896138799758184, 0.7891205415271577, 0.7886219714936756, 0.7881246512276786, 0.7876348876953125, 0.7871576799665179, 0.7866965157645089, 0.786253197079613, 0.7858275495256697, 0.7854185849144345, 0.785024210611979, 0.7846418108258929, 0.7842689441499257, 0.7839030238560268, 0.7835425967261904, 0.7831861223493304, 0.7828326706659227, 0.7824823869977678, 0.7821351260230655, 0.7817915562220982, 0.7814520844959078, 0.781117437453497, 0.7807881963820685, 0.7804646228608632, 0.7801470947265625, 0.7798354957217262, 0.7795298839750743, 0.7792298525855655, 0.7789352271670387, 0.7786455136253719, 0.7783603631882441, 0.7780795724051339, 0.7778027053106399, 0.7775294131324405, 0.7772596958705357, 0.7769934663318452, 0.7767304048084077, 0.7764707438151043, 0.7762142799014137, 0.7759611293247768, 0.7757113792782738, 0.7754648263113838, 0.7752215285528274, 0.7749814860026042, 0.7747446405319941, 0.7745109630766369, 0.7742802792503719, 0.7740526181175595, 0.7738277762276785, 0.7736056954520089, 0.7733863467261904, 0.7731695847284227, 0.7729554094587053, 0.772743617466518, 0.7725343540736608, 0.7723274158296132, 0.7721228317987351, 0.7719206019810269, 0.7717204938616072, 0.7715227108909971, 0.7713270786830358, 0.7711335681733632, 0.7709421793619792, 0.770752912248884, 0.7705655633835565, 0.7703803943452381, 0.7701971144903274, 0.7700157819475445, 0.7698363095238095, 0.7696586972191221, 0.7694828578404017, 0.7693089657738095, 0.7691366431826637, 0.768966035388765, 0.7687972005208333, 0.7686299932570685, 0.7684643845331101, 0.7683003743489584, 0.7681379917689733, 0.7679769752139137, 0.7678176734561012, 0.7676597086588542, 0.767503168015253, 0.7673481677827381, 0.7671945626395088, 0.7670422653924852, 0.7668913341703868, 0.7667417980375745, 0.7665934535435269, 0.7664464750744048, 0.7663006591796875, 0.7661560639880952, 0.7660127185639881, 0.7658704775855655, 0.7657293701171876, 0.7655893089657738, 0.765450439453125, 0.7653125871930803, 0.7651756068638393, 0.7650397891090029, 0.7649048432849703, 0.764770740327381, 0.7646375674293155, 0.7645052955264137, 0.764373779296875, 0.7642433093843005, 0.7641133626302082, 0.763984375, 0.7638561139787946, 0.7637288120814733, 0.7636022658575149, 0.7634766496930804, 0.7633520217168899, 0.7632283238002232, 0.7631055559430804, 0.7629838053385417, 0.762863275437128, 0.7627437046595982, 0.7626253545851934, 0.762508050827753, 0.7623919096447173, 0.7622769019717263, 0.7621630568731398, 0.7620503162202382, 0.7619384765624999, 0.7618279738653273, 0.7617182268415178, 0.7616097295851935, 0.7615021042596727, 0.7613953218005953, 0.7612894403366814, 0.7611844889322917, 0.7610802932012648, 0.760976824079241, 0.7608742850167411, 0.7607724144345238, 0.760671154203869, 0.7605707077752976], "client_accs": {"T-shirt": [2.2857142857142856, 77.14285714285714, 81.14285714285714, 79.14285714285714, 77.85714285714286, 77.71428571428571, 78.14285714285714, 78.14285714285714, 78.14285714285714, 77.71428571428571, 78.14285714285714, 78.28571428571429, 78.0, 78.0, 78.14285714285714, 78.42857142857143, 78.42857142857143, 78.28571428571429, 78.28571428571429, 78.42857142857143, 78.14285714285714, 78.28571428571429], "pullover": [38.285714285714285, 58.0, 63.142857142857146, 66.0, 68.0, 69.71428571428571, 71.0, 71.85714285714286, 72.42857142857143, 73.57142857142857, 74.71428571428571, 75.42857142857143, 75.57142857142857, 76.0, 76.14285714285714, 76.57142857142857, 77.14285714285714, 77.57142857142857, 77.85714285714286, 78.0, 78.14285714285714, 78.14285714285714], "shirt": [42.714285714285715, 68.71428571428571, 70.28571428571429, 72.14285714285714, 74.85714285714286, 75.42857142857143, 75.71428571428571, 76.0, 76.28571428571429, 75.71428571428571, 75.85714285714286, 76.28571428571429, 76.57142857142857, 76.71428571428571, 76.57142857142857, 76.57142857142857, 76.42857142857143, 76.42857142857143, 76.85714285714286, 77.0, 76.85714285714286, 77.0]}}