{"acc_dist": [83.57142857142857, 80.28571428571429, 72.42857142857143], "mean_curve": [27.76190476190476, 69.85714285714286, 73.14285714285715, 74.80952380952381, 75.95238095238095, 76.33333333333333, 76.90476190476191, 77.52380952380953, 77.76190476190477, 78.04761904761905, 77.99999999999999, 78.04761904761905, 78.23809523809524, 78.28571428571429, 78.42857142857143, 78.52380952380952, 78.66666666666667, 78.76190476190477, 78.71428571428571, 78.6190476190476, 78.57142857142857, 78.76190476190476], "var_curve": [18.10488464676211, 25.4673326835302, 20.656899162100718, 18.24039522983506, 15.757228481973174, 14.33198854631171, 13.229699290258173, 11.941657112946032, 10.590930103324956, 9.177266598624135, 8.785423920869599, 8.120129798008648, 7.521699523300627, 6.923292048521111, 6.61579227931116, 6.147100785944732, 5.83950111247788, 5.791541255432673, 5.548794071350867, 5.1762583777909335, 4.820590756130959, 4.674919815723763], "train_loss": [1.1456990850539432, 1.031824195498512, 0.9287203252883186, 0.900259748186384, 0.8852203805106026, 0.8737354532877605, 0.8644762456984747, 0.8568433198474702, 0.850409153529576, 0.8449092029389881, 0.8401501028878348, 0.8359841918945312, 0.8322980608258929, 0.8290049089704241, 0.8260377720424108, 0.8233445812406993, 0.820884254092262, 0.818623540969122, 0.8165359206426711, 0.8145991734095982, 0.8127952212379093, 0.8111085728236608, 0.809526614234561, 0.8080377487909226, 0.8066333589099702, 0.8053046090262277, 0.8040447416759674, 0.8028478277297246, 0.8017081851050967, 0.800621555873326, 0.7995835222516741, 0.7985907273065477, 0.7976397705078124, 0.7967279052734374, 0.7958527337937128, 0.7950119018554687, 0.7942032732282366, 0.7934250895182292, 0.7926756213960194, 0.7919532848539806, 0.7912565976097469, 0.7905843389601935, 0.7899352010091145, 0.7893079339890252, 0.7887016805013021, 0.7881154232933408, 0.7875480143229167, 0.7869987269810267, 0.7864666893368676, 0.7859511893136161, 0.7854512823195684, 0.7849664887927826, 0.7844961402529762, 0.7840394664946057, 0.7835960315522694, 0.7831651524135044, 0.782746305919829, 0.7823390561058408, 0.7819427780877977, 0.7815571957542783, 0.781181640625, 0.7808159528459822, 0.7804597109840029, 0.7801122174944197, 0.7797735450381325, 0.7794429524739583, 0.779120338076637, 0.7788054257347471, 0.7784978666759672, 0.7781972539992559, 0.7779034714471726, 0.7776161411830357, 0.7773351469494049, 0.7770601109095981, 0.7767909458705358, 0.7765274193173363, 0.7762690952845982, 0.7760160319010417, 0.775768054780506, 0.7755248442150299, 0.7752863130115326, 0.7750521123976934, 0.7748223586309524, 0.7745967610677083, 0.7743752034505208, 0.7741573951357887, 0.7739434814453126, 0.7737331426711309, 0.7735263206845238, 0.7733228410993304, 0.7731226457868304, 0.7729255022321428, 0.7727316138857887, 0.7725406029110863, 0.7723525274367561, 0.7721671258835565, 0.7719844563802084, 0.771804431733631, 0.7716268194289434, 0.7714516194661458, 0.7712790062313988, 0.7711085146949405, 0.7709403192429315, 0.7707742454892114, 0.7706104096912202, 0.7704485212053571, 0.7702885219029018, 0.7701306442987352, 0.7699745396205357, 0.7698202950613839, 0.76966793968564, 0.7695171537853422, 0.7693681117466519, 0.7692208426339285, 0.7690751429966518, 0.7689311290922619, 0.7687886555989584, 0.7686475771949405, 0.7685081263950893, 0.7683700416201636, 0.7682335844494048, 0.7680984351748511, 0.7679646809895834, 0.7678322347005208, 0.7677012416294643, 0.7675714401971726, 0.7674429757254465, 0.7673156447637649, 0.7671896507626488, 0.7670646740141369, 0.76694091796875, 0.7668184116908483, 0.7666967192150297, 0.7665763346354167, 0.7664569382440476, 0.7663385300409228, 0.7662210228329612, 0.7661045328776042, 0.765989031110491, 0.7658745175316221, 0.7657607886904761, 0.7656479899088543, 0.7655360049293155, 0.7654248628162201, 0.7653145345052085, 0.7652051362537202, 0.765096406482515, 0.7649884033203125, 0.7648811267671132, 0.7647745477585565, 0.7646686662946429, 0.7645635986328125, 0.7644591122581845, 0.7643552943638392, 0.7642520868210565, 0.764149402436756, 0.7640473284040179, 0.7639459519159226, 0.7638450404575892, 0.7637446230933781, 0.7636448451450892, 0.7635455322265625, 0.7634467134021578, 0.7633483886718749, 0.7632505580357143, 0.7631531633649553, 0.7630563499813988, 0.7629600016276042, 0.7628642345610119, 0.7627689034598214, 0.7626742408389138, 0.7625800432477678, 0.7624863397507441, 0.7623933047340029, 0.7623008510044643, 0.7622088041759673, 0.762117425827753, 0.7620266578311012, 0.7619363548642113, 0.7618465750558036, 0.7617573765345981, 0.7616686721075149, 0.7615805199032738, 0.7614928036644345, 0.7614055815197173, 0.7613189115978423, 0.761232648577009, 0.7611468796502976, 0.7610616629464285, 0.7609768822079613, 0.7608923630487352, 0.760808367047991, 0.7607247488839285, 0.7606417120070684, 0.7605589948381697, 0.7604766555059524, 0.7603947812034969, 0.7603133138020833, 0.7602322533017113, 0.7601515415736607, 0.7600713239397322], "client_accs": {"T-shirt": [2.2857142857142856, 94.71428571428571, 94.0, 94.0, 93.0, 91.85714285714286, 91.42857142857143, 90.57142857142857, 89.28571428571429, 88.0, 87.14285714285714, 86.28571428571429, 85.85714285714286, 85.28571428571429, 85.14285714285714, 84.71428571428571, 84.57142857142857, 84.57142857142857, 84.28571428571429, 83.85714285714286, 83.42857142857143, 83.57142857142857], "pullover": [38.285714285714285, 80.0, 80.42857142857143, 80.14285714285714, 79.85714285714286, 79.85714285714286, 79.85714285714286, 80.28571428571429, 80.28571428571429, 80.28571428571429, 80.71428571428571, 80.85714285714286, 80.85714285714286, 80.71428571428571, 80.71428571428571, 80.71428571428571, 80.71428571428571, 80.85714285714286, 80.71428571428571, 80.42857142857143, 80.28571428571429, 80.28571428571429], "shirt": [42.714285714285715, 34.857142857142854, 45.0, 50.285714285714285, 55.0, 57.285714285714285, 59.42857142857143, 61.714285714285715, 63.714285714285715, 65.85714285714286, 66.14285714285714, 67.0, 68.0, 68.85714285714286, 69.42857142857143, 70.14285714285714, 70.71428571428571, 70.85714285714286, 71.14285714285714, 71.57142857142857, 72.0, 72.42857142857143]}}