{"acc_dist": [82.71428571428571, 82.0, 69.71428571428571], "mean_curve": [25.19047619047619, 71.76190476190476, 73.47619047619048, 74.61904761904762, 75.57142857142857, 76.09523809523809, 76.61904761904762, 77.19047619047619, 77.61904761904762, 77.85714285714285, 77.90476190476191, 77.80952380952381, 77.76190476190477, 78.0952380952381, 78.04761904761905, 78.04761904761904, 77.90476190476191, 78.0, 77.90476190476191, 78.04761904761904, 78.09523809523809, 78.14285714285715], "var_curve": [8.84125559259061, 25.151062874535157, 22.408190112701742, 20.03885115358552, 17.525491637693282, 15.763702961733314, 14.311563914471563, 13.163717055300836, 12.152283922586216, 11.156280071511901, 10.781903037338813, 9.94155255079313, 9.302426962480824, 8.817371022364417, 7.936253964190349, 7.408703590297623, 7.209530100016126, 6.840256986857913, 6.649979114420001, 6.22299153002528, 5.936550377575141, 5.967029594100465], "train_loss": [1.123975859142485, 0.9483798072451637, 0.9044067382812501, 0.8876450602213541, 0.874853021530878, 0.8644328526088169, 0.8559442574637277, 0.8488897850399925, 0.8429254295712426, 0.8378058733258928, 0.8333508010137649, 0.8294258626302083, 0.825929928734189, 0.8227863711402529, 0.8199370465959821, 0.81733639671689, 0.8149485851469495, 0.8127454485212052, 0.8107035609654017, 0.8088038707914805, 0.8070306977771576, 0.8053703526088171, 0.8038114856538319, 0.8023443022228424, 0.8009603881835937, 0.799652099609375, 0.7984130859374999, 0.7972377813430059, 0.796121332077753, 0.7950588698614212, 0.7940465872628347, 0.7930810692196801, 0.7921588280087426, 0.7912770443870908, 0.7904331316266742, 0.7896245901925223, 0.7888491966610863, 0.788104945591518, 0.7873899042038689, 0.7867023577008929, 0.7860409691220238, 0.7854040091378348, 0.7847903151739212, 0.784198448544457, 0.7836275518508184, 0.783076389857701, 0.7825441632952009, 0.7820296659923734, 0.7815323021298363, 0.7810510835193453, 0.7805852690197171, 0.7801341901506696, 0.7796971348353795, 0.7792732892717633, 0.7788623918805803, 0.7784634690057665, 0.7780762590680803, 0.7777000645228794, 0.7773346237909227, 0.776979239327567, 0.7766336495535714, 0.7762973022460938, 0.7759699067615328, 0.7756510997953869, 0.7753405180431546, 0.7750377546037948, 0.774742678687686, 0.7744547526041666, 0.7741739763532366, 0.7738998703729538, 0.7736321585518974, 0.7733707972935268, 0.7731153361002604, 0.7728657895042783, 0.7726216634114582, 0.7723829578218006, 0.7721493675595238, 0.7719209071568081, 0.7716972133091518, 0.7714781552269345, 0.771263645717076, 0.7710533796037945, 0.7708473132905507, 0.7706453159877232, 0.7704471842447917, 0.770252947126116, 0.7700621977306548, 0.7698751104445684, 0.769691394624256, 0.7695110502697172, 0.7693337576729911, 0.7691596040271578, 0.7689885893322171, 0.7688204229445684, 0.7686548723493303, 0.7684921700613839, 0.7683321707589285, 0.7681747291201636, 0.7680195835658483, 0.7678669956752232, 0.7677167329334078, 0.7675686790829612, 0.7674228050595238, 0.767279081798735, 0.7671374511718749, 0.7669977969215029, 0.7668600609188988, 0.7667243012927827, 0.7665902564639137, 0.7664581008184523, 0.7663276309058781, 0.7661988467261905, 0.7660716610863094, 0.765946044921875, 0.7658221144903274, 0.7656995500837054, 0.7655784679594495, 0.7654588681175595, 0.7653406924293155, 0.7652237083798363, 0.7651082066127232, 0.7649938674200149, 0.7648808651878719, 0.7647689964657737, 0.7646582903180804, 0.7645488920665923, 0.7644405110677083, 0.7643332054501487, 0.7642270333426339, 0.7641218203590029, 0.7640177699497768, 0.7639145914713542, 0.7638124302455357, 0.763711199079241, 0.7636109270368303, 0.7635115269252232, 0.7634129696800596, 0.7633153134300595, 0.7632184709821429, 0.7631226167224702, 0.7630274309430803, 0.7629330299014137, 0.7628392682756697, 0.7627464948381696, 0.762654302687872, 0.7625629243396578, 0.7624720982142857, 0.7623821730840774, 0.7622927711123512, 0.7622039794921877, 0.7621159726097471, 0.7620285470145091, 0.7619417317708334, 0.7618554978143601, 0.7617698160807292, 0.7616848609561012, 0.761600341796875, 0.7615164620535714, 0.7614330473400298, 0.7613502139136905, 0.7612679908389137, 0.7611861165364583, 0.7611048816499256, 0.7610240536644346, 0.7609437488374255, 0.7608638799758185, 0.7607845633370536, 0.7607056826636905, 0.7606271507626489, 0.7605491420200893, 0.7604715692429315, 0.7603943452380952, 0.7603175571986607, 0.760241234188988, 0.7601653762090774, 0.760089808872768, 0.76001467750186, 0.7599398367745535, 0.7598654610770089, 0.7597913760230655, 0.7597177850632439, 0.7596444556826637, 0.7595714750744048, 0.7594988723028274, 0.7594265601748512, 0.7593547130766369, 0.7592830403645833, 0.759211658296131, 0.7591407703218006, 0.7590701439267113, 0.7589998372395833, 0.7589297630673363, 0.7588599795386904, 0.7587906319754465, 0.7587214006696428, 0.7586525472005209, 0.7585839262462798, 0.7585155959356399, 0.7584475853329614, 0.758379894438244, 0.758312290736607], "client_accs": {"T-shirt": [27.0, 96.14285714285714, 95.0, 93.42857142857143, 92.0, 91.0, 90.28571428571429, 89.71428571428571, 89.28571428571429, 88.42857142857143, 88.14285714285714, 87.0, 86.42857142857143, 86.28571428571429, 85.28571428571429, 84.71428571428571, 84.42857142857143, 84.0, 83.57142857142857, 83.14285714285714, 82.71428571428571, 82.71428571428571], "pullover": [13.571428571428571, 82.0, 82.85714285714286, 83.57142857142857, 83.42857142857143, 83.0, 82.71428571428571, 82.85714285714286, 82.71428571428571, 82.71428571428571, 82.57142857142857, 82.42857142857143, 82.0, 82.14285714285714, 81.85714285714286, 81.71428571428571, 81.42857142857143, 81.57142857142857, 81.57142857142857, 81.71428571428571, 81.85714285714286, 82.0], "shirt": [35.0, 37.142857142857146, 42.57142857142857, 46.857142857142854, 51.285714285714285, 54.285714285714285, 56.857142857142854, 59.0, 60.857142857142854, 62.42857142857143, 63.0, 64.0, 64.85714285714286, 65.85714285714286, 67.0, 67.71428571428571, 67.85714285714286, 68.42857142857143, 68.57142857142857, 69.28571428571429, 69.71428571428571, 69.71428571428571]}}