{"acc_dist": [94.14285714285714, 82.42857142857143, 49.42857142857143], "mean_curve": [27.76190476190476, 57.333333333333336, 64.57142857142857, 66.42857142857143, 67.99999999999999, 69.66666666666667, 70.85714285714286, 71.66666666666667, 72.28571428571429, 72.33333333333334, 73.0, 73.38095238095238, 73.71428571428571, 74.0, 74.09523809523809, 74.28571428571429, 74.3809523809524, 74.66666666666667, 74.85714285714286, 75.0, 75.33333333333333, 75.33333333333333], "var_curve": [18.10488464676211, 17.51436080669575, 28.483674761012782, 29.805035414413148, 29.2751432721591, 27.228519795417323, 25.3613343282952, 24.30456784517243, 23.33984360101258, 22.93627176239148, 21.910144266268706, 21.55497112142235, 21.265090680094758, 21.124509413455822, 20.881698960427595, 20.48028751924026, 20.26535978600518, 19.957210462214068, 19.695988748705048, 19.38791263809967, 18.931431350284146, 18.931431350284146], "train_loss": [0.00020458913275173734, 0.00020228561191331772, 0.00019999980216934567, 0.00019772814852850776, 0.00019544898399284906, 0.00019312659189814614, 0.00019072333262080236, 0.00018821640383629573, 0.00018561882632119314, 0.00018299378099895656, 0.0001804459733622415, 0.00017808387322085242, 0.00017597731380235583, 0.0001741433817715872, 0.00017256181864511397, 0.00017119675874710083, 0.00017001084983348847, 0.00016897154705865043, 0.00016805212057772136, 0.00016723131494862694, 0.000166492277667636, 0.0001658216260728382, 0.00016520857810974123, 0.00016464448755695708, 0.00016412230474608289, 0.00016363627499058132, 0.00016318151283831823, 0.00016275409431684584, 0.00016235058861119406, 0.00016196823191075098, 0.00016160465067341213, 0.00016125776583240147, 0.0001609258602062861, 0.00016060744722684223, 0.00016030130641801017, 0.0001600062989053272, 0.00015972147385279339, 0.00015944607910655794, 0.00015917937670435224, 0.00015892074221656436, 0.00015866966119834356, 0.0001584256901627495, 0.00015818838562284198, 0.00015795741762433734, 0.0001577324384734744, 0.00015751313595544723, 0.0001572993184838976, 0.00015709070932297482, 0.0001568870885031564, 0.00015668825734229316, 0.00015649403844560897, 0.00015630426860990977, 0.00015611874560515085, 0.00015593737718604862, 0.00015575996112255825, 0.00015558638033412754, 0.00015541650354862212, 0.0001552501923981167, 0.0001550873475415366, 0.00015492784480253857, 0.00015477157774425687, 0.0001546184186424528, 0.00015446825041657403, 0.00015432105177924746, 0.00015417666662307015, 0.0001540350310859226, 0.00015389603873093924, 0.00015375962924389611, 0.0001536257103795097, 0.00015349420763197398, 0.00015336506068706513, 0.0001532381914910816, 0.00015311353618190405, 0.00015299102734951748, 0.00015287060467969804, 0.0001527522114061174, 0.00015263580495402927, 0.00015252130726973217, 0.00015240867223058428, 0.00015229785726183936, 0.0001521888126929601, 0.00015208151368867784, 0.00015197588929108212, 0.00015187188273384458, 0.0001517694904690697, 0.00015166862379936946, 0.0001515693146558035, 0.00015147146369729725, 0.00015137506028016406, 0.00015128007602123987, 0.0001511864506063007, 0.00015109418758324215, 0.00015100323728152684, 0.00015091355003061746, 0.0001508251400220962, 0.00015073796113332111, 0.00015065197078954607, 0.0001505671228681292, 0.00015048345639592125, 0.00015040085784026556, 0.0001503194158985501, 0.0001502390063944317, 0.00015015965771107446, 0.00015008131308215006, 0.00015000400089082262, 0.0001499276501791818, 0.00014985228933039166, 0.00014977783319495975, 0.00014970433499131885, 0.00014963172376155853, 0.0001495599995056788, 0.00014948912674472443, 0.00014941912676606862, 0.00014934994280338287, 0.00014928159614404043, 0.0001492140300217129, 0.0001491472479842958, 0.00014908121455283393, 0.00014901599358944665, 0.0001489514715614773, 0.00014888768394788108, 0.00014882461300918035, 0.00014876223036221095, 0.00014870052181539082, 0.0001486395299434662, 0.00014857913766588482, 0.0001485194301321393, 0.00014846035767169226, 0.00014840190609296164, 0.00014834407539594742, 0.0001482868336495899, 0.00014823018440178462, 0.00014817412765253158, 0.0001481186385665621, 0.00014806371714387622, 0.00014800931371393658, 0.0001479554885909671, 0.00014790217791284835, 0.00014784938522747584, 0.0001477971211785362, 0.00014774537157444725, 0.00014769410448414939, 0.0001476433305513291, 0.00014759301429703123, 0.00014754319829600197, 0.00014749382932980855, 0.00014744494287740616, 0.00014739647152877989, 0.00014734846850236258, 0.00014730089831919898, 0.00014725374678770703, 0.00014720702455157323, 0.00014716072451500666, 0.00014711481829484305, 0.00014706934137003762, 0.00014702422278267997, 0.0001469794980117253, 0.0001469351847966512, 0.0001468912370148159, 0.00014684765111832392, 0.00014680443775086176, 0.0001467616040082205, 0.00014671908957617622, 0.000146676976056326, 0.0001466351676554907, 0.00014659371049631208, 0.0001465525903872081, 0.00014651179313659668, 0.00014647133293605987, 0.00014643117075874694, 0.00014639134917940412, 0.00014635185400644937, 0.0001463126391172409, 0.00014627372934704734, 0.00014623512469586871, 0.00014619680387633187, 0.00014615880236739206, 0.0001461210704985119, 0.00014608361536548253, 0.00014604642987251282, 0.00014600954595066253, 0.0001459729245730809, 0.0001459365657397679, 0.00014590046235493252, 0.0001458646428017389, 0.00014582907869702293, 0.0001457937629449935, 0.00014575868490196412, 0.0001457238623074123, 0.00014568925968238286, 0.0001456549515326818, 0.0001456208527088165, 0.00014558698449816023, 0.0001455533504486084, 0.00014551995410805657, 0.00014548675999754952, 0.00014545382133552005, 0.00014542108135563985, 0.00014538856134528206, 0.00014535626840023769, 0.00014532418832892465], "client_accs": {"T-shirt": [2.2857142857142856, 67.28571428571429, 91.42857142857143, 94.42857142857143, 95.42857142857143, 95.42857142857143, 95.14285714285714, 95.0, 94.85714285714286, 94.85714285714286, 94.71428571428571, 94.71428571428571, 94.71428571428571, 94.71428571428571, 94.57142857142857, 94.28571428571429, 94.28571428571429, 94.28571428571429, 94.28571428571429, 94.14285714285714, 94.14285714285714, 94.14285714285714], "pullover": [38.285714285714285, 72.0, 77.14285714285714, 79.71428571428571, 81.14285714285714, 81.57142857142857, 81.57142857142857, 81.85714285714286, 81.85714285714286, 81.28571428571429, 81.28571428571429, 81.57142857142857, 81.85714285714286, 82.28571428571429, 82.28571428571429, 82.42857142857143, 82.28571428571429, 82.42857142857143, 82.42857142857143, 82.42857142857143, 82.42857142857143, 82.42857142857143], "shirt": [42.714285714285715, 32.714285714285715, 25.142857142857142, 25.142857142857142, 27.428571428571427, 32.0, 35.857142857142854, 38.142857142857146, 40.142857142857146, 40.857142857142854, 43.0, 43.857142857142854, 44.57142857142857, 45.0, 45.42857142857143, 46.142857142857146, 46.57142857142857, 47.285714285714285, 47.857142857142854, 48.42857142857143, 49.42857142857143, 49.42857142857143]}}