{"acc_dist": [88.71428571428571, 86.85714285714286, 63.714285714285715], "mean_curve": [44.952380952380956, 73.14285714285714, 75.09523809523809, 75.85714285714285, 76.42857142857143, 76.66666666666667, 77.3809523809524, 78.09523809523809, 78.28571428571428, 78.57142857142857, 78.85714285714285, 79.0, 79.09523809523809, 79.19047619047619, 79.28571428571429, 79.42857142857143, 79.6190476190476, 79.61904761904763, 79.71428571428571, 79.76190476190476, 79.76190476190476, 79.76190476190476], "var_curve": [16.856470258306185, 21.21448613020611, 18.803073034893938, 16.797716074101338, 15.657473058735695, 14.855463885595624, 13.995302094832523, 13.486871083019118, 13.005493344846903, 12.591434298247158, 12.485093152251933, 11.97673481674986, 11.726087744292556, 11.793191471326372, 11.754865832849786, 11.544648611570029, 11.477474735491898, 11.469767022723502, 11.439875362053545, 11.372680795693054, 11.372680795693054, 11.372680795693054], "train_loss": [0.00018906496110416594, 0.00016756909234183175, 0.00016245834529399872, 0.00015940478160267785, 0.00015692398661658878, 0.0001548588772614797, 0.00015319518390155974, 0.0001518492648998896, 0.00015073510862532115, 0.00014979144292218347, 0.0001489770199571337, 0.000148263747493426, 0.00014763165442716508, 0.000147065988608769, 0.00014655551740101408, 0.00014609148459775105, 0.00014566700373377117, 0.00014527644429888044, 0.00014491527208260126, 0.00014457972986357551, 0.00014426675580796742, 0.00014397368544623966, 0.00014369836165791465, 0.00014343889696257455, 0.00014319367351986112, 0.00014296133248578935, 0.00014274062854903086, 0.0001425305682988394, 0.0001423302044471105, 0.00014213871033418748, 0.00014195536928517476, 0.0001417795568704605, 0.000141610691235179, 0.00014144825793447948, 0.00014129181348142172, 0.00014114091438906533, 0.00014099523779891786, 0.00014085437925088972, 0.00014071808684439885, 0.00014058607319990794, 0.00014045808641683486, 0.0001403338887861797, 0.0001402132709821065, 0.00014009608044510797, 0.000139982086561975, 0.00013987114741688685, 0.00013976313883350009, 0.0001396578834170387, 0.00013955528892221905, 0.00013945521343322026, 0.00013935755760896774, 0.00013926222210838683, 0.00013916911468619391, 0.00013907812890552338, 0.0001389891973563603, 0.00013890224553289867, 0.00013881717764195942, 0.00013873393691721418, 0.00013865246304443904, 0.0001385726850657236, 0.000138494549762635, 0.00013841799327305384, 0.00013834297302223387, 0.0001382694286959512, 0.00013819733191104163, 0.00013812660461380368, 0.0001380572361605508, 0.00013798914494968597, 0.00013792234517279124, 0.00013785675168037414, 0.000137792339637166, 0.00013772909130368915, 0.00013766694636571975, 0.0001376059190148399, 0.00013754589217049735, 0.00013748692614691597, 0.00013742894643828984, 0.00013737190692197706, 0.00013731585017272405, 0.00013726066975366501, 0.00013720640469165073, 0.0001371529840287708, 0.00013710042195660727, 0.00013704867590041386, 0.000136997728120713, 0.0001369475679738181, 0.0001368981422412963, 0.00013684946866262526, 0.00013680152595043181, 0.00013675426088628314, 0.0001367077018533434, 0.0001366617956331798, 0.00013661655641737438, 0.00013657196291855405, 0.00013652796546618142, 0.0001364845817997342, 0.00013644180127552578, 0.00013639959196249643, 0.00013635794321695965, 0.00013631687277839297, 0.0001362763061409905, 0.00013623630361897605, 0.00013619678361075267, 0.0001361577957868576, 0.00013611928338096255, 0.00013608124994096303, 0.0001360437238500232, 0.00013600661641075497, 0.0001359700056768599, 0.00013593381004674095, 0.00013589804371198018, 0.00013586271022047317, 0.00013582779538063778, 0.0001357932814529964, 0.00013575916488965353, 0.00013572544923850466, 0.0001356921096642812, 0.00013565913552329655, 0.0001356265161718641, 0.0001355942835410436, 0.00013556239505608877, 0.00013553084362120853, 0.00013549963633219402, 0.00013546877318904512, 0.0001354382187128067, 0.00013540799773874737, 0.00013537809252738952, 0.00013534848533925555, 0.00013531919036592754, 0.00013529021115530105, 0.00013526151932421183, 0.00013523309358528683, 0.0001352049658695857, 0.0001351771219855263, 0.00013514955128942217, 0.00013512227152075087, 0.00013509522946107957, 0.000135068464137259, 0.00013504197909718467, 0.00013501572467031932, 0.00013498971859614054, 0.0001349639750662304, 0.0001349384763411113, 0.00013491321177709671, 0.0001348881884699776, 0.00013486338868027643, 0.00013483883014747073, 0.00013481448803629194, 0.00013479037299042655, 0.00013476649210566568, 0.00013474281699884505, 0.0001347193405741737, 0.00013469606992744265, 0.00013467302989392054, 0.00013465017080307006, 0.0001346275174901599, 0.00013460505931150348, 0.00013458278917130971, 0.00013456071061747417, 0.00013453883074578785, 0.00013451712826887766, 0.000134495585447266, 0.00013447423775990802, 0.0001344530816589083, 0.00013443208166531153, 0.00013441125197069984, 0.00013439058902717772, 0.00013437009638264064, 0.0001343497633934021, 0.00013432958651156653, 0.00013430956928502945, 0.00013428971526168641, 0.00013427001024995532, 0.0001342504613456272, 0.00013423105790501548, 0.0001342117857365381, 0.00013419266967546373, 0.00013417370262600126, 0.00013415487394446418, 0.00013413617653506142, 0.00013411762104147956, 0.0001340991932721365, 0.00013408090741861436, 0.00013406274219353995, 0.00013404473662376404, 0.00013402680555979412, 0.00013400904124691372, 0.0001339913798230035, 0.00013397385676701865, 0.000133956443695795, 0.00013393915125301905, 0.00013392198653448196, 0.00013390493180070605, 0.0001338879693122137, 0.00013387114873954228, 0.00013385443815163204, 0.00013383783754848297, 0.00013382133628640856, 0.0001338049272696177, 0.00013378864952496121, 0.00013377248886085693], "client_accs": {"T-shirt": [65.42857142857143, 93.42857142857143, 92.57142857142857, 91.57142857142857, 90.42857142857143, 89.57142857142857, 89.14285714285714, 89.42857142857143, 89.14285714285714, 89.0, 89.14285714285714, 88.85714285714286, 88.57142857142857, 88.71428571428571, 88.71428571428571, 88.57142857142857, 88.71428571428571, 88.57142857142857, 88.71428571428571, 88.71428571428571, 88.71428571428571, 88.71428571428571], "pullover": [24.142857142857142, 82.14285714285714, 83.71428571428571, 83.42857142857143, 84.28571428571429, 84.57142857142857, 85.28571428571429, 85.71428571428571, 85.71428571428571, 85.85714285714286, 86.14285714285714, 86.0, 86.14285714285714, 86.28571428571429, 86.42857142857143, 86.57142857142857, 86.71428571428571, 86.85714285714286, 86.85714285714286, 86.85714285714286, 86.85714285714286, 86.85714285714286], "shirt": [45.285714285714285, 43.857142857142854, 49.0, 52.57142857142857, 54.57142857142857, 55.857142857142854, 57.714285714285715, 59.142857142857146, 60.0, 60.857142857142854, 61.285714285714285, 62.142857142857146, 62.57142857142857, 62.57142857142857, 62.714285714285715, 63.142857142857146, 63.42857142857143, 63.42857142857143, 63.57142857142857, 63.714285714285715, 63.714285714285715, 63.714285714285715]}}