{"acc_dist": [93.71428571428571, 85.57142857142857, 48.857142857142854], "mean_curve": [36.142857142857146, 57.0, 64.85714285714285, 66.14285714285714, 67.47619047619047, 68.95238095238095, 70.71428571428572, 71.66666666666667, 72.33333333333333, 73.33333333333333, 74.04761904761905, 74.23809523809523, 74.52380952380952, 74.80952380952381, 75.14285714285714, 75.33333333333334, 75.3809523809524, 75.57142857142857, 75.71428571428572, 76.0, 76.04761904761905, 76.04761904761905], "var_curve": [12.103296902842935, 26.093239409033576, 31.63331577098213, 32.25936556516056, 31.685171821826767, 29.985559638733985, 27.977639273529284, 26.62828871026428, 25.58760683578608, 24.5366124694083, 23.6874010925965, 22.89055098207639, 22.20263308933815, 21.984018107575213, 21.481205200610795, 21.124938782130304, 21.05849751193844, 20.574404546644352, 20.26591924865974, 19.758060440765746, 19.511843022651387, 19.511843022651387], "train_loss": [0.0001985748963696616, 0.00019600211864426024, 0.00019343934243633634, 0.00019097377856572468, 0.00018864746249857404, 0.00018645676118986948, 0.00018437181909879046, 0.00018235766816706884, 0.00018038902963910786, 0.00017845981887408666, 0.00017658648391564687, 0.00017480353514353434, 0.00017315033645856948, 0.00017165592383770715, 0.00017033062875270843, 0.0001691676640794391, 0.0001681498260725112, 0.00016725639502207436, 0.00016646704858257655, 0.00016576401179745084, 0.0001651324651071004, 0.00016456018955934618, 0.00016403743908518836, 0.00016355629478182114, 0.000163110416559946, 0.00016269455708208536, 0.00016230448016098568, 0.00016193669111955734, 0.00016158825230030787, 0.00016125676177796864, 0.00016094017951261431, 0.00016063679187070757, 0.0001603451158319201, 0.00016006394511177427, 0.0001597922011500313, 0.0001595289863291241, 0.0001592735165641421, 0.00015902512130283174, 0.000158783257717178, 0.00015854738652706145, 0.00015831713520345235, 0.00015809210638205212, 0.0001578719878480548, 0.0001576565418924604, 0.00015744548113573166, 0.00015723863173098792, 0.00015703580563976652, 0.00015683684675466447, 0.00015664167347408478, 0.00015645010130746026, 0.00015626203446161182, 0.00015607741617021108, 0.00015589611161322822, 0.00015571808885960352, 0.00015554323082878475, 0.00015537146301496595, 0.00015520276767866953, 0.00015503702419144766, 0.00015487423964909145, 0.00015471428277946653, 0.00015455715713046846, 0.00015440274207364945, 0.00015425104115690503, 0.00015410194794336955, 0.0001539554340498788, 0.0001538114356143134, 0.00015366992070561366, 0.00015353079707849593, 0.0001533940328019006, 0.00015325958884897687, 0.00015312737297444115, 0.00015299738163039798, 0.0001528695686942055, 0.00015274380998952047, 0.00015262014454319364, 0.00015249850139731453, 0.0001523788095939727, 0.0001522610265584219, 0.00015214513455118453, 0.00015203106971014112, 0.0001519188072000231, 0.0001518082938023976, 0.0001516994833946228, 0.00015159237242880322, 0.00015148685446807317, 0.0001513829685392834, 0.0001512806188492548, 0.00015117982668536048, 0.00015108051399389903, 0.00015098265593960173, 0.0001508862099477223, 0.0001507911937577384, 0.0001506975009327843, 0.0001506051811433974, 0.00015051413504850298, 0.00015042436264810108, 0.00015033587103798277, 0.00015024857861655098, 0.0001501624924795968, 0.0001500775452171053, 0.00014999375102065857, 0.0001499110815070924, 0.00014982950829324268, 0.00014974901363963173, 0.00014966956206730433, 0.00014959112519309634, 0.00014951368882542564, 0.00014943728844324746, 0.00014936180341811408, 0.0001492872763247717, 0.00014921366813636962, 0.00014914097885290783, 0.0001490691729954311, 0.00014899822572867077, 0.0001489281512442089, 0.00014885887503623962, 0.00014879046451477776, 0.00014872284162612188, 0.00014865598508289883, 0.00014858993391195932, 0.00014852462070328847, 0.0001484600419089908, 0.0001483962152685438, 0.0001483330982072013, 0.0001482706836291722, 0.00014820894669918786, 0.0001481478980609349, 0.0001480874986875625, 0.00014802774503117514, 0.00014796863354387736, 0.00014791016422566913, 0.0001478523157891773, 0.0001477950421117601, 0.00014773837867237274, 0.0001476823077315376, 0.00014762679381029946, 0.00014757184755234492, 0.00014751747605346496, 0.00014746361190364475, 0.00014741028348604838, 0.00014735750854015352, 0.00014730523029963174, 0.00014725348069554283, 0.00014720221360524496, 0.00014715142193294706, 0.00014710113760970888, 0.00014705130386920203, 0.00014700195619038174, 0.0001469530661900838, 0.00014690462322462173, 0.00014685662374609994, 0.00014680905711083185, 0.00014676191267513095, 0.00014671522237005686, 0.00014666893297717685, 0.00014662305868807295, 0.0001465775640237899, 0.00014653248801117853, 0.0001464878058149701, 0.00014644349969568707, 0.00014639955900964282, 0.00014635600859210605, 0.00014631283425149463, 0.00014627001115253993, 0.0001462275499389285, 0.00014618544351486932, 0.00014614367059298926, 0.00014610225600855694, 0.00014606116783051265, 0.0001460204025109609, 0.00014597998488517035, 0.00014593986528260367, 0.00014590008273011163, 0.00014586060529663447, 0.00014582144007796333, 0.00014578258707409814, 0.00014574403209345683, 0.00014570575384866623, 0.0001456677949144727, 0.00014563010562033878, 0.0001455927072536378, 0.00014555558917068298, 0.000145518747823579, 0.00014548218321232568, 0.0001454458882411321, 0.00014540984162262507, 0.00014537407528786433, 0.00014533857149737222, 0.0001453033231553577, 0.00014526830897444772, 0.0001452335537899108, 0.00014519904341016497, 0.0001451647813831057, 0.00014513074996925536, 0.00014509697400388262, 0.00014506341091224126, 0.00014503009262539093, 0.00014499699785595847, 0.00014496412660394397, 0.00014493146822566077, 0.00014489903691269104], "client_accs": {"T-shirt": [39.285714285714285, 93.71428571428571, 94.42857142857143, 95.14285714285714, 95.28571428571429, 95.28571428571429, 95.28571428571429, 95.14285714285714, 95.0, 94.85714285714286, 94.57142857142857, 94.71428571428571, 94.57142857142857, 94.57142857142857, 94.28571428571429, 94.28571428571429, 94.28571428571429, 94.0, 93.85714285714286, 93.71428571428571, 93.71428571428571, 93.71428571428571], "pullover": [20.0, 41.857142857142854, 79.14285714285714, 82.14285714285714, 84.0, 84.57142857142857, 85.28571428571429, 85.42857142857143, 85.42857142857143, 86.14285714285714, 86.71428571428571, 85.71428571428571, 85.42857142857143, 85.71428571428571, 86.0, 85.85714285714286, 85.85714285714286, 85.85714285714286, 85.85714285714286, 85.85714285714286, 85.57142857142857, 85.57142857142857], "shirt": [49.142857142857146, 35.42857142857143, 21.0, 21.142857142857142, 23.142857142857142, 27.0, 31.571428571428573, 34.42857142857143, 36.57142857142857, 39.0, 40.857142857142854, 42.285714285714285, 43.57142857142857, 44.142857142857146, 45.142857142857146, 45.857142857142854, 46.0, 46.857142857142854, 47.42857142857143, 48.42857142857143, 48.857142857142854, 48.857142857142854]}}