{"acc_dist": [94.42857142857143, 85.14285714285714, 47.42857142857143], "mean_curve": [38.476190476190474, 65.71428571428571, 67.38095238095238, 69.0, 70.09523809523809, 71.0, 72.0, 72.42857142857143, 72.80952380952381, 73.04761904761905, 73.19047619047619, 73.42857142857143, 73.66666666666667, 73.76190476190476, 74.28571428571429, 74.52380952380953, 74.90476190476191, 75.14285714285714, 75.23809523809524, 75.28571428571429, 75.61904761904763, 75.66666666666667], "var_curve": [12.896412691809314, 28.436825793757116, 28.982831730998825, 27.683586335244794, 26.57509788626185, 25.361334328295204, 24.41060324982585, 24.1021070578041, 23.55088089498364, 23.308149674949348, 22.82805689071883, 22.388347309216357, 22.31692970535873, 22.271464715854886, 21.893061057078782, 21.56380607467763, 21.162581961647465, 20.919996618149852, 20.78799147510795, 20.588617157608837, 20.301916176891154, 20.32401927860698], "train_loss": [0.00019400189320246378, 0.00019008322131066095, 0.00018644848040172033, 0.00018316698925835746, 0.00018027092019716899, 0.0001777562853835878, 0.00017559292060988292, 0.00017373734641642797, 0.00017214291507289527, 0.00017076582426116577, 0.00016956809021177746, 0.00016851785282293955, 0.00016758906699362256, 0.00016676067951179686, 0.00016601571724528358, 0.00016534051015263513, 0.00016472403492246357, 0.0001641572940917242, 0.00016363305350144703, 0.00016314526753766198, 0.00016268902946086155, 0.0001622602662869862, 0.0001618555507489613, 0.0001614720622698466, 0.00016110740956806, 0.00016075962001369114, 0.00016042691611108326, 0.00016010793546835582, 0.00015980134407679242, 0.0001595061698130199, 0.00015922146538893382, 0.0001589464218843551, 0.00015868036874703, 0.0001584226921910331, 0.00015817290970257351, 0.0001579305352199645, 0.00015769511816047488, 0.00015746629663876126, 0.00015724373005685354, 0.0001570271771578562, 0.00015681628315221698, 0.00015661079259145826, 0.00015641051034132638, 0.00015621517740544818, 0.00015602461993694306, 0.00015583860022681098, 0.00015565700829029083, 0.00015547960996627807, 0.0001553062420515787, 0.0001551367768219539, 0.00015497104752631416, 0.00015480893708410718, 0.00015465029648372106, 0.00015449504057566324, 0.00015434298132147107, 0.00015419407259850272, 0.0001540481760388329, 0.00015390517101401377, 0.00015376500075771696, 0.0001536275481893903, 0.0001534927352553322, 0.00015336046971025922, 0.00015323064866520108, 0.00015310325083278472, 0.00015297816622824895, 0.00015285529551051913, 0.00015273465641907284, 0.00015261606801123846, 0.0001524995586701802, 0.0001523850361506144, 0.00015227246142569044, 0.00015216175998960222, 0.00015205286088443935, 0.00015194577120599293, 0.00015184037742160613, 0.00015173669727075665, 0.0001516346030292057, 0.0001515341266280129, 0.00015143520420505887, 0.00015133777189822424, 0.0001512418119680314, 0.00015114729603131613, 0.00015105415667806353, 0.00015096237262090048, 0.00015087194740772246, 0.00015078278879324594, 0.00015069490387326195, 0.00015060822523775555, 0.00015052277417409987, 0.00015043848327228, 0.00015035534543650491, 0.00015027330744834174, 0.0001501923764035815, 0.00015011250972747802, 0.0001500336683931805, 0.00014995586304437545, 0.00014987906175000326, 0.00014980322193531762, 0.00014972832940873644, 0.00014965436997867765, 0.0001495813365493502, 0.00014950917235442572, 0.00014943790222917284, 0.00014936747650305432, 0.00014929785614921934, 0.00014922909083820525, 0.00014916111670789265, 0.0001490939266624905, 0.00014902749941462566, 0.00014896183496429806, 0.00014889688718886602, 0.00014883267027991157, 0.00014876915585427058, 0.0001487063474598385, 0.00014864420252186912, 0.00014858273877984, 0.00014852193494637809, 0.00014846174135094595, 0.00014840221475987206, 0.00014834327711945488, 0.0001482849603607541, 0.000148227225456919, 0.00014817007950374057, 0.00014811348347436813, 0.00014805746575196583, 0.00014800201924074262, 0.0001479470907222657, 0.00014789268374443054, 0.0001478388373340879, 0.00014778544860226766, 0.00014773259205477578, 0.00014768022156897044, 0.0001476283584322248, 0.00014757695297400156, 0.0001475260016464052, 0.00014747553992839086, 0.0001474255181494213, 0.00014737593276160105, 0.0001473267873128255, 0.00014727808180309474, 0.00014722979139714015, 0.00014718191964285715, 0.00014713444880076816, 0.0001470873859666643, 0.00014704072404475438, 0.00014699443110397883, 0.0001469485532669794, 0.00014690300893215906, 0.00014685786196163723, 0.0001468130839722497, 0.00014676865012872787, 0.00014672457107475824, 0.000146680861001923, 0.0001466374560481026, 0.0001465944200754166, 0.00014655170341332753, 0.00014650931315762656, 0.00014646722802094051, 0.0001464254799343291, 0.00014638403696673257, 0.00014634290976183755, 0.0001463020628406888, 0.0001462615245864505, 0.00014622128790333155, 0.00014618133505185445, 0.0001461416766757057, 0.00014610229503540765, 0.00014606317239148278, 0.00014602433003130412, 0.0001459857856943494, 0.00014594746132691702, 0.00014590944562639508, 0.00014587163925170897, 0.0001458341060649781, 0.00014579683187462033, 0.0001457597953932626, 0.00014572301790827797, 0.0001456864568449202, 0.00014565014058635347, 0.00014561407977626436, 0.00014557822829201108, 0.0001455426216125488, 0.0001455072242589224, 0.0001454720575185049, 0.0001454370894602367, 0.00014540235556307292, 0.00014536783808753604, 0.00014533352993783495, 0.0001452994311139697, 0.0001452655167806716, 0.00014523184015637354, 0.00014519833737895602, 0.0001451650368315833, 0.00014513194561004638, 0.00014509903887907662, 0.00014506633792604718, 0.00014503378598462968, 0.00014500143982115247, 0.00014496929588772003, 0.00014493731870537712, 0.00014490553665728794], "client_accs": {"T-shirt": [56.714285714285715, 94.85714285714286, 95.28571428571429, 95.71428571428571, 95.57142857142857, 95.28571428571429, 95.28571428571429, 95.42857142857143, 95.28571428571429, 95.28571428571429, 95.14285714285714, 95.0, 95.0, 95.0, 95.0, 95.0, 94.71428571428571, 94.71428571428571, 94.71428571428571, 94.42857142857143, 94.42857142857143, 94.42857142857143], "pullover": [29.285714285714285, 75.14285714285714, 79.42857142857143, 80.42857142857143, 81.28571428571429, 81.71428571428571, 82.42857142857143, 82.71428571428571, 82.85714285714286, 83.0, 82.71428571428571, 82.71428571428571, 83.14285714285714, 83.28571428571429, 83.85714285714286, 83.85714285714286, 84.42857142857143, 84.57142857142857, 84.57142857142857, 84.71428571428571, 85.0, 85.14285714285714], "shirt": [29.428571428571427, 27.142857142857142, 27.428571428571427, 30.857142857142858, 33.42857142857143, 36.0, 38.285714285714285, 39.142857142857146, 40.285714285714285, 40.857142857142854, 41.714285714285715, 42.57142857142857, 42.857142857142854, 43.0, 44.0, 44.714285714285715, 45.57142857142857, 46.142857142857146, 46.42857142857143, 46.714285714285715, 47.42857142857143, 47.42857142857143]}}