{"acc_dist": [92.57142857142857, 83.71428571428571, 49.142857142857146], "mean_curve": [44.952380952380956, 61.85714285714286, 64.23809523809523, 65.52380952380952, 67.47619047619048, 69.0, 70.57142857142857, 71.38095238095237, 72.47619047619047, 72.80952380952381, 73.23809523809524, 73.28571428571428, 73.57142857142857, 73.90476190476191, 74.0952380952381, 74.19047619047619, 74.57142857142857, 74.76190476190476, 74.71428571428571, 74.95238095238095, 75.14285714285714, 75.14285714285714], "var_curve": [16.856470258306185, 19.72704900853227, 23.177027487894197, 24.538275899642667, 23.80228461376066, 23.02291080138885, 22.11688184588944, 21.901863162236317, 21.39563606510415, 21.358722137287813, 21.25527812268196, 21.01732359641595, 20.769876145563337, 20.593022176413946, 20.392186489959087, 20.23680668166798, 19.685624438249594, 19.50905365729395, 19.35419938963132, 19.001372429248665, 18.736990951910414, 18.736990951910414], "train_loss": [0.00018906496110416594, 0.0001860389361778895, 0.0001833199958006541, 0.0001809063979557582, 0.00017877968294279919, 0.00017691201042561305, 0.00017527185380458832, 0.00017382780356066567, 0.00017255093370165144, 0.0001714156745445161, 0.00017040005752018517, 0.00016948557325771878, 0.00016865672454947518, 0.0001679006325347083, 0.00016720657902104512, 0.0001665656516949336, 0.0001659704212631498, 0.0001654147179353805, 0.00016489331566152117, 0.0001644018753653481, 0.00016393668240024931, 0.00016349462880974725, 0.00016307305012430465, 0.00016266968633447376, 0.00016228261093298595, 0.0001619102131752741, 0.0001615510100410098, 0.00016120388039520808, 0.00016086776341710772, 0.00016054175439335052, 0.00016022514729272753, 0.00015991728220667159, 0.0001596176198550633, 0.0001593256883677982, 0.00015904104780583154, 0.0001587634498164767, 0.00015849251122701736, 0.00015822804399899073, 0.0001579698104233969, 0.0001577175940786089, 0.00015747127788407462, 0.00015723063122658504, 0.0001569955547650655, 0.00015676594561054593, 0.00015654160508087704, 0.00015632243383498418, 0.00015610833253179278, 0.0001558991557075864, 0.00015569477563812619, 0.00015549509298233758, 0.00015529997646808623, 0.000155109323206402, 0.0001549229806377774, 0.0001547408387774513, 0.00015456279828434899, 0.0001543886959552765, 0.00015421847502390543, 0.00015405194745177314, 0.00015388905292465572, 0.00015372968145779202, 0.000153573676943779, 0.00015342097552049729, 0.0001532714565594991, 0.0001531250171718143, 0.0001529815722079504, 0.000152840983299982, 0.00015270323270843143, 0.00015256816432589575, 0.00015243571783815112, 0.00015230584002676466, 0.0001521783783322289, 0.00015205331856296177, 0.00015193057556947074, 0.00015181006775015875, 0.00015169172059921994, 0.0001515754738024303, 0.0001514612989766257, 0.0001513490719454629, 0.00015123878561315083, 0.00015113031580334617, 0.00015102371928237736, 0.000150918871873901, 0.0001508157097157978, 0.00015071423280806767, 0.00015061436664490474, 0.00015051608284314473, 0.00015041930334908622, 0.00015032405654589334, 0.00015023023244880492, 0.0001501378133183434, 0.00015004677786713554, 0.00014995708706833067, 0.00014986868770349592, 0.00014978156558104923, 0.00014969568876993088, 0.00014961103953066326, 0.00014952756109691803, 0.00014944523218132202, 0.00014936405633177077, 0.00014928395549456278, 0.00014920494031338467, 0.0001491269433782214, 0.0001490500072638194, 0.00014897407520385016, 0.00014889911526725407, 0.000148825113262449, 0.0001487520479020618, 0.00014867990499451046, 0.00014860864551294417, 0.0001485382801010495, 0.00014846877682776676, 0.0001484001037620363, 0.00014833226799964907, 0.000148265255349023, 0.0001481990090438298, 0.00014813352553617388, 0.00014806881546974184, 0.0001480048682008471, 0.00014794164115474338, 0.00014787914142722175, 0.0001478173193477449, 0.00014775620329947697, 0.00014769576489925384, 0.0001476359757639113, 0.00014757683944134484, 0.00014751835947945005, 0.0001474604933034806, 0.00014740325510501862, 0.00014734660940510886, 0.0001472905526558558, 0.0001472350848572595, 0.00014718017407826015, 0.00014712584160623098, 0.00014707206260590325, 0.00014701880869411285, 0.00014696609406244187, 0.00014691391516299476, 0.00014686224716050286, 0.00014681107231548856, 0.00014676039062795184, 0.00014671022693316143, 0.00014666051382110232, 0.00014661129741441636, 0.0001465625422341483, 0.00014651424828029814, 0.00014646639426549277, 0.00014641898373762767, 0.0001463720096009118, 0.00014632546475955418, 0.0001462793421177637, 0.0001462336452234359, 0.00014618833859761555, 0.0001461434435276758, 0.0001460989529178256, 0.0001460548277412142, 0.00014601111057258788, 0.00014596775883720035, 0.00014592479382242475, 0.0001458821835972014, 0.00014583994590100787, 0.00014579807009015765, 0.00014575651713779995, 0.00014571531897499449, 0.00014567447914963676, 0.000145633944443294, 0.00014559376452650343, 0.00014555391101610094, 0.00014551438036419098, 0.00014547515128340038, 0.00014543625925268443, 0.0001453976652451924, 0.00014535937635671526, 0.00014532136420408886, 0.00014528367136205946, 0.00014524626235167185, 0.0001452091442687171, 0.00014517231711319516, 0.00014513573476246424, 0.00014509945753074827, 0.00014506345348698753, 0.0001450277084395999, 0.00014499223303227198, 0.00014495702726500373, 0.00014492205211094449, 0.00014488734304904938, 0.0001448529071751095, 0.00014481871255806516, 0.00014478474500633423, 0.0001447510293551854, 0.000144717547865141, 0.00014468431117988767, 0.00014465131220363435, 0.0001446185331969034, 0.00014458597770759037, 0.0001445536350920087, 0.00014452154437700907, 0.00014448965234415873, 0.0001444579731850397, 0.0001444265139954431, 0.0001443952712274733, 0.00014436424842902593], "client_accs": {"T-shirt": [65.42857142857143, 87.71428571428571, 91.85714285714286, 93.0, 93.28571428571429, 93.71428571428571, 93.57142857142857, 93.57142857142857, 93.57142857142857, 93.57142857142857, 93.42857142857143, 93.42857142857143, 93.28571428571429, 93.42857142857143, 93.28571428571429, 93.14285714285714, 93.0, 93.0, 92.71428571428571, 92.57142857142857, 92.57142857142857, 92.57142857142857], "pullover": [24.142857142857142, 58.0, 65.71428571428571, 70.14285714285714, 73.28571428571429, 75.0, 77.42857142857143, 79.0, 80.71428571428571, 81.42857142857143, 82.42857142857143, 82.14285714285714, 82.57142857142857, 82.85714285714286, 83.14285714285714, 83.28571428571429, 83.42857142857143, 83.57142857142857, 83.57142857142857, 83.71428571428571, 83.71428571428571, 83.71428571428571], "shirt": [45.285714285714285, 39.857142857142854, 35.142857142857146, 33.42857142857143, 35.857142857142854, 38.285714285714285, 40.714285714285715, 41.57142857142857, 43.142857142857146, 43.42857142857143, 43.857142857142854, 44.285714285714285, 44.857142857142854, 45.42857142857143, 45.857142857142854, 46.142857142857146, 47.285714285714285, 47.714285714285715, 47.857142857142854, 48.57142857142857, 49.142857142857146, 49.142857142857146]}}