{"acc_dist": [89.14285714285714, 86.28571428571429, 63.57142857142857], "mean_curve": [25.19047619047619, 73.57142857142857, 75.14285714285714, 76.0, 76.85714285714285, 77.14285714285715, 77.61904761904762, 78.09523809523809, 78.0, 78.19047619047619, 78.85714285714286, 78.71428571428571, 78.85714285714285, 79.0, 79.14285714285715, 79.19047619047619, 79.28571428571428, 79.23809523809524, 79.33333333333333, 79.66666666666667, 79.66666666666667, 79.66666666666667], "var_curve": [8.84125559259061, 23.3660606246677, 20.037719532961642, 17.726953995517214, 16.038643809190827, 15.530527322392006, 14.706347064819658, 13.930992870512734, 13.756383799461807, 13.353046651430653, 12.804654765883749, 12.497074487587057, 12.390472530287514, 12.284053043831804, 12.177820811947068, 12.004723182348158, 11.87061770195007, 11.854752101680162, 11.815090853738118, 11.440668201153677, 11.440668201153677, 11.440668201153677], "train_loss": [0.0002007099702244713, 0.00016935354187375023, 0.00016150107341153283, 0.00015850867189112165, 0.0001562389483054479, 0.00015439465287185852, 0.00015289310543310075, 0.00015164730094728018, 0.00015059408332620348, 0.00014968952252751306, 0.00014890174780573165, 0.000148207222421964, 0.00014758822109018052, 0.00014703125116370975, 0.00014652585699444727, 0.00014606383584794542, 0.0001456387447459357, 0.00014524538956937338, 0.00014487959444522858, 0.0001445379498459044, 0.00014421764938604264, 0.00014391638693355378, 0.00014363219695431848, 0.00014336339419796353, 0.00014310857014996665, 0.00014286650078637259, 0.00014263606142430078, 0.00014241631541933334, 0.000142206358058112, 0.0001420055152404876, 0.00014181300997734067, 0.0001416283207280295, 0.0001414508478982108, 0.00014128013735725765, 0.00014111568530400593, 0.00014095714759258996, 0.00014080415169397988, 0.00014065632153125034, 0.00014051337327275956, 0.00014037505856582096, 0.0001402410829351062, 0.00014011122286319733, 0.00013998525128478096, 0.00013986297661349885, 0.0001397442179066794, 0.00013962878712585995, 0.00013951652816363743, 0.00013940728491260894, 0.0001393009331964311, 0.00013919732045559658, 0.00013909636508850824, 0.00013899792163144976, 0.000138901901387033, 0.0001388082369452431, 0.00013871681477342334, 0.00013862756391366324, 0.0001385403885727837, 0.00013845523908024744, 0.0001383720338344574, 0.00013829070187750317, 0.0001382111757993698, 0.00013813338464214688, 0.00013805727873529705, 0.0001379827835730144, 0.0001379098423889705, 0.0001378384197042102, 0.0001377684303692409, 0.00013769983180931636, 0.00013763261338075003, 0.00013756669348194485, 0.00013750204018184118, 0.0001374385931662151, 0.00013737634179138004, 0.00013731523638679867, 0.00013725524502141134, 0.0001371963286683673, 0.0001371384553966068, 0.00013708160391875674, 0.00013702569972901118, 0.00013697078540211635, 0.0001369167793364752, 0.00013686368153208777, 0.0001368114494142078, 0.00013676007588704427, 0.00013670952901953743, 0.00013665978042852312, 0.00013661080527873267, 0.0001365626071180616, 0.00013651513627597263, 0.00013646838210877918, 0.0001364223410685857, 0.000136376977676437, 0.0001363322812886465, 0.00013628825545310974, 0.00013624484340349835, 0.0001362020451398123, 0.00013615986420994713, 0.00013611826158705214, 0.0001360772301753362, 0.00013603675223532177, 0.00013599683841069538, 0.00013595744257881528, 0.0001359185895749501, 0.0001358802297285625, 0.00013584237368333908, 0.00013580500724769774, 0.0001357681304216385, 0.00013573166515145984, 0.0001356957249698185, 0.00013566018924826667, 0.00013562511120523727, 0.00013559043762229736, 0.00013555618623892465, 0.00013552235350722358, 0.0001354889039482389, 0.0001354558765888214, 0.0001354232146626427, 0.00013539094300497146, 0.0001353590154931659, 0.00013532746405828567, 0.0001352962709608532, 0.00013526541491349538, 0.00013523490301200323, 0.00013520472106479464, 0.00013517489035924277, 0.00013514535412901925, 0.00013511614075728824, 0.00013508724314825876, 0.00013505864356245313, 0.0001350303490956624, 0.00013500234200840907, 0.00013497462230069296, 0.0001349471757809321, 0.00013492004857176826, 0.00013489314133212683, 0.00013486651792412715, 0.00013484017125197818, 0.00013481406938462028, 0.00013478823006153108, 0.00013476262135165076, 0.0001347372858297257, 0.0001347121667294275, 0.000134687317269189, 0.00013466267713478633, 0.00013463828180517468, 0.00013461409225350333, 0.00013459013331504094, 0.00013456639434610094, 0.00013454286470299676, 0.00013451956212520602, 0.00013449645468166898, 0.00013447355301607222, 0.00013445086067631132, 0.00013442835282711756, 0.0001344060507558641, 0.00013438392607938675, 0.00013436201782453627, 0.00013434027277287982, 0.00013431872640337262, 0.0001342973503328505, 0.00013427616230079107, 0.00013425514456771667, 0.00013423430068152292, 0.0001342136235464187, 0.00013419313444977717, 0.00013417278372106095, 0.00013415262812659852, 0.00013413260735216595, 0.00013411275687671842, 0.00013409305186498733, 0.00013407350650855476, 0.0001340541279032117, 0.0001340348841178985, 0.0001340158035357793, 0.00013399684713000343, 0.0001339780290921529, 0.00013395938490118298, 0.00013394085779076532, 0.00013392246904827298, 0.00013390423641318366, 0.00013388612085864658, 0.0001338681330283483, 0.00013385028356597536, 0.00013383257601942334, 0.00013381497845763252, 0.00013379751926376706, 0.00013378018424624487, 0.0001337629592134839, 0.0001337458548091707, 0.00013372888167699178, 0.0001337120078858875, 0.00013369528310639518, 0.000133678661215873, 0.00013366214221432096, 0.0001336457473891122, 0.00013362946254866464, 0.00013361327350139618, 0.000133597208630471, 0.00013358123955272493, 0.00013356539465132213, 0.00013354960296835217], "client_accs": {"T-shirt": [27.0, 95.28571428571429, 93.57142857142857, 92.0, 91.0, 90.85714285714286, 90.28571428571429, 90.14285714285714, 89.85714285714286, 89.42857142857143, 89.57142857142857, 89.14285714285714, 89.14285714285714, 89.14285714285714, 89.14285714285714, 89.0, 89.0, 89.14285714285714, 89.14285714285714, 89.14285714285714, 89.14285714285714, 89.14285714285714], "pullover": [13.571428571428571, 84.28571428571429, 84.57142857142857, 84.71428571428571, 85.14285714285714, 85.14285714285714, 85.57142857142857, 85.57142857142857, 85.42857142857143, 85.71428571428571, 86.14285714285714, 85.85714285714286, 86.0, 86.14285714285714, 86.28571428571429, 86.28571428571429, 86.28571428571429, 86.0, 86.14285714285714, 86.28571428571429, 86.28571428571429, 86.28571428571429], "shirt": [35.0, 41.142857142857146, 47.285714285714285, 51.285714285714285, 54.42857142857143, 55.42857142857143, 57.0, 58.57142857142857, 58.714285714285715, 59.42857142857143, 60.857142857142854, 61.142857142857146, 61.42857142857143, 61.714285714285715, 62.0, 62.285714285714285, 62.57142857142857, 62.57142857142857, 62.714285714285715, 63.57142857142857, 63.57142857142857, 63.57142857142857]}}