{"acc_dist": [90.0, 86.57142857142857, 65.85714285714286], "mean_curve": [36.142857142857146, 73.80952380952381, 76.0, 77.0, 77.66666666666667, 78.47619047619047, 79.0, 79.33333333333333, 79.23809523809524, 79.52380952380952, 79.85714285714285, 80.04761904761905, 80.09523809523809, 80.14285714285715, 80.19047619047619, 80.23809523809523, 80.33333333333333, 80.42857142857143, 80.52380952380953, 80.61904761904763, 80.80952380952381, 80.80952380952381], "var_curve": [12.103296902842935, 23.779409527158524, 19.57820529182845, 17.59058189567848, 16.43140072255605, 15.322533907662722, 14.249955245185717, 13.689627302874607, 13.393232798964414, 12.88480269889955, 12.416797926530789, 12.257072556870954, 12.005856469621857, 11.739230119966292, 11.56427370412232, 11.481622899185158, 11.440668201153672, 10.922734202065874, 10.973272001217252, 10.839793991900772, 10.6651784676128, 10.6651784676128], "train_loss": [0.0001985748963696616, 0.00017762231684866403, 0.00016467937756152378, 0.00016052014061382838, 0.00015811190363906676, 0.00015613762040932972, 0.00015444472432136537, 0.00015301193509783062, 0.00015180089998812903, 0.0001507687746059327, 0.00014987955135958535, 0.00014910460937590827, 0.0001484218133347375, 0.00014781404109228224, 0.00014726814769563221, 0.00014677384779566809, 0.0001463230379990169, 0.00014590936402479807, 0.000145527564343952, 0.00014517353758925484, 0.00014484375005676634, 0.00014453537762165072, 0.0001442460006191617, 0.00014397356126989638, 0.0001437163388445264, 0.0001434728219395592, 0.00014324170847733814, 0.00014302187022708713, 0.0001428122889427912, 0.0001426121237732115, 0.00014242053386710938, 0.00014223688415118628, 0.00014206053600424813, 0.0001418909714335487, 0.00014172766535055072, 0.00014157022393885112, 0.0001414182001636142, 0.00014127126761845178, 0.00014112909280118488, 0.00014099140961964924, 0.00014085791295483, 0.00014072838993299576, 0.00014060260639304207, 0.0001404803530091331, 0.0001403614240033286, 0.00014024571293876285, 0.00014013299629801794, 0.00014002313926106408, 0.00013991602474734897, 0.0001398115179368428, 0.00013970949465320223, 0.00013960982717218853, 0.00013951246582326435, 0.00013941727578639984, 0.000139324175459998, 0.00013923309033825286, 0.00013914393881956735, 0.00013905663930234455, 0.00013897112437656948, 0.00013888735856328692, 0.00013880524606931776, 0.00013872474077202023, 0.00013864580364454358, 0.000138568381468455, 0.00013849239973794846, 0.00013841782652196431, 0.00013834466891629355, 0.000138272809840384, 0.0001382022492942356, 0.00013813295889468418, 0.00013806487832750594, 0.00013799798985322318, 0.00013793225444498516, 0.0001378676401717322, 0.00013780412574609122, 0.00013774168278489794, 0.00013768025097392854, 0.0001376198622442427, 0.00013756042789845238, 0.00013750196922393074, 0.00013744444364593143, 0.0001373878334249769, 0.00013733211372579846, 0.00013727726326102303, 0.00013722325364748635, 0.00013717005650202432, 0.00013711770375569662, 0.00013706610316321962, 0.00013701527601196653, 0.00013696519746666863, 0.00013691587107522146, 0.00013686723297550566, 0.00013681930090699877, 0.0001367720535823277, 0.00013672547680991035, 0.00013667953511079152, 0.0001366342497723443, 0.00013658957112403143, 0.00013654549561795733, 0.00013650201970622652, 0.0001364591256493614, 0.00013641681699525743, 0.0001363750511691684, 0.00013633382817109427, 0.00013629313026155743, 0.00013625296098845345, 0.00013621328132493158, 0.00013617412320205143, 0.00013613545468875337, 0.00013609724740187327, 0.00013605953327247076, 0.00013602226617790404, 0.00013598543192659104, 0.00013594906244959151, 0.00013591310807636807, 0.00013587756880692074, 0.00013584246592862267, 0.00013580776041462308, 0.0001357734664565041, 0.0001357395343837284, 0.00013570599612735567, 0.00013567285168738594, 0.00013564006913275946, 0.0001356076342718942, 0.00013557555420058115, 0.00013554383601461137, 0.0001355124477829252, 0.00013548141079289573, 0.0001354506824697767, 0.00013542029474462782, 0.00013539022987797147, 0.00013536046303453902, 0.00013533101195380802, 0.0001353018588963009, 0.00013527300386201768, 0.0001352444220156897, 0.00013521614174048107, 0.00013518813465322765, 0.0001351604184934071, 0.00013513297197364626, 0.00013510577380657196, 0.000135078863019035, 0.0001350521934883935, 0.0001350257865020207, 0.00013499961367675236, 0.00013497367856048402, 0.0001349480343716485, 0.00013492257822127568, 0.00013489737397148497, 0.00013487239678700765, 0.00013484764666784376, 0.00013482312361399332, 0.00013479881698176974, 0.00013477471967538197, 0.00013475085298220318, 0.00013472719561486018, 0.00013470371209439779, 0.0001346804449955622, 0.00013465740141414462, 0.0001346345352275031, 0.00013461186062721977, 0.00013458939180487677, 0.00013456708618572779, 0.00013454499344031016, 0.00013452307454177312, 0.0001345013188464301, 0.00013447975118954976, 0.00013445836447534105, 0.00013443714806011744, 0.00013441609484808785, 0.00013439519774346124, 0.0001343744851294018, 0.00013435393571853638, 0.00013433353177138736, 0.00013431329457532792, 0.00013429322413035803, 0.00013427326721804483, 0.0001342534983441943, 0.00013423387493406022, 0.00013421438989185154, 0.00013419505386125474, 0.00013417585974647884, 0.00013415680754752385, 0.00013413789371649425, 0.00013411910760970344, 0.00013410047051452454, 0.00013408197178727105, 0.00013406359723636084, 0.00013404536460127146, 0.00013402722775936125, 0.00013400923638116747, 0.00013399137627510797, 0.00013397364744118282, 0.00013395602504412334, 0.00013393853391919816, 0.00013392115987482525, 0.00013390391710258666, 0.0001338867594798406, 0.00013386974377291544, 0.00013385283805075147, 0.00013383603521755763], "client_accs": {"T-shirt": [39.285714285714285, 94.85714285714286, 93.71428571428571, 93.28571428571429, 92.28571428571429, 91.71428571428571, 91.14285714285714, 91.14285714285714, 90.57142857142857, 90.42857142857143, 90.42857142857143, 90.57142857142857, 90.57142857142857, 90.42857142857143, 90.28571428571429, 90.14285714285714, 90.14285714285714, 90.0, 90.0, 90.0, 90.0, 90.0], "pullover": [20.0, 86.0, 85.57142857142857, 85.14285714285714, 86.0, 86.71428571428571, 86.85714285714286, 86.71428571428571, 86.71428571428571, 86.71428571428571, 86.71428571428571, 86.71428571428571, 86.42857142857143, 86.28571428571429, 86.28571428571429, 86.42857142857143, 86.57142857142857, 86.14285714285714, 86.42857142857143, 86.42857142857143, 86.57142857142857, 86.57142857142857], "shirt": [49.142857142857146, 40.57142857142857, 48.714285714285715, 52.57142857142857, 54.714285714285715, 57.0, 59.0, 60.142857142857146, 60.42857142857143, 61.42857142857143, 62.42857142857143, 62.857142857142854, 63.285714285714285, 63.714285714285715, 64.0, 64.14285714285714, 64.28571428571429, 65.14285714285714, 65.14285714285714, 65.42857142857143, 65.85714285714286, 65.85714285714286]}}