{"acc_dist": [93.57142857142857, 84.57142857142857, 47.142857142857146], "mean_curve": [25.19047619047619, 65.04761904761905, 66.52380952380953, 68.57142857142857, 70.66666666666667, 71.52380952380953, 72.38095238095237, 72.80952380952381, 73.04761904761904, 73.47619047619048, 73.52380952380953, 73.76190476190476, 74.0, 74.09523809523809, 74.09523809523809, 74.23809523809524, 74.42857142857143, 74.61904761904762, 74.80952380952381, 75.0, 75.09523809523809, 75.09523809523809], "var_curve": [8.84125559259061, 27.25748560564511, 30.242631830668298, 28.72979917340561, 27.117615665192236, 26.453227452059334, 25.155390094245227, 24.62517193788749, 24.336175400144036, 23.80685699350708, 23.54250269420344, 23.146188276820695, 22.61659134532949, 22.46276838946662, 22.243040135447313, 21.93445192855057, 21.44983072416279, 21.184750430289487, 20.721126401937692, 20.346321267385076, 20.103925001191055, 20.103925001191055], "train_loss": [0.0002007099702244713, 0.00019664905610538663, 0.00019271490829331534, 0.0001889912322873161, 0.0001855500645580746, 0.00018244220742157528, 0.0001796896294468925, 0.000177285930230504, 0.0001752040960959026, 0.0001734062639020738, 0.00017185175347895847, 0.00017050193888800484, 0.00016932269647007897, 0.00016828499379612153, 0.000167364776134491, 0.00016654223558448607, 0.00016580132856255483, 0.00016512892430736907, 0.0001645143755844661, 0.00016394889780453275, 0.0001634253774370466, 0.00016293786466121672, 0.00016248148821649096, 0.00016205219285828727, 0.00016164658679848626, 0.00016126176431065513, 0.0001608953731400626, 0.00016054539453415643, 0.00016021014679045903, 0.00015988811140968688, 0.00015957809275104885, 0.00015927904418536594, 0.0001589900077808471, 0.00015871029169786544, 0.00015843917571362994, 0.00015817612764381227, 0.00015792061175618852, 0.000157672195207505, 0.0001574305303040005, 0.00015719527289980933, 0.0001569660788490659, 0.0001567427104427701, 0.00015652492287613096, 0.00015631248908383507, 0.000156105196192151, 0.00015590283487524305, 0.00015570523128623055, 0.00015551222931771053, 0.00015532366221859343, 0.00015513934195041657, 0.00015495917272000085, 0.0001547829664888836, 0.0001546106381075723, 0.00015444199244181315, 0.00015427693724632264, 0.0001541153731800261, 0.0001539571654228937, 0.0001538022252775374, 0.00015365039308865865, 0.0001535015943504515, 0.00015335575455711003, 0.00015321275308018638, 0.0001530725047701881, 0.00015293495995657785, 0.0001527999731756392, 0.00015266749830473037, 0.000152537478577523, 0.0001524098040092559, 0.00015228438590254102, 0.00015216123844896041, 0.00015204023392427534, 0.00015192130846636637, 0.0001518044407878603, 0.00015168952090399606, 0.00015157654881477355, 0.00015146545001438688, 0.0001513561535449255, 0.00015124862037953877, 0.0001511428150392714, 0.00015103867720989955, 0.00015093618560405004, 0.00015083526216802144, 0.00015073591754550026, 0.0001506380523954119, 0.0001505416560740698, 0.0001504467072941008, 0.00015035316702865416, 0.00015026095367613293, 0.0001501700956197012, 0.00015008053254513516, 0.00014999222542558396, 0.00014990513523419698, 0.0001498193045457204, 0.00014973461273170652, 0.0001496510881753195, 0.0001495686847539175, 0.0001494873740843364, 0.00014940714197499413, 0.00014932793520745777, 0.00014924979990436918, 0.00014917264027254924, 0.00014909646340778896, 0.00014902124447481972, 0.00014894698347364153, 0.00014887361654213497, 0.00014880116496767315, 0.0001487295613402412, 0.00014865884468668984, 0.0001485889901717504, 0.00014851993748119899, 0.0001484516937108267, 0.0001483842446690514, 0.00014831757971218654, 0.00014825165626548584, 0.00014818647432894932, 0.00014812206938153222, 0.00014805834917795091, 0.00014799533855347407, 0.00014793299493335544, 0.0001478713360570726, 0.00014781034063725244, 0.00014775000157810393, 0.00014769029404435838, 0.00014763123932338894, 0.0001475727487178076, 0.0001475148931855247, 0.000147457615960212, 0.0001474009170418694, 0.00014734479643049696, 0.00014728923638661703, 0.00014723420497916994, 0.00014717974123500642, 0.00014712579548358917, 0.00014707236062912714, 0.00014701946150688896, 0.00014696704489844186, 0.0001469151320911589, 0.00014686369470187597, 0.00014681273627848853, 0.00014676226391678764, 0.00014671223504202706, 0.00014666267094157992, 0.00014661355032807304, 0.00014656486610571543, 0.00014651658279555185, 0.00014646879619076137, 0.0001464213679234187, 0.0001463743724993297, 0.00014632777798743473, 0.00014628159148352487, 0.00014623576686495827, 0.0001461903750896454, 0.00014614530617282505, 0.00014610063816819873, 0.00014605635333628882, 0.00014601241974603564, 0.00014596885868481226, 0.00014592562402997698, 0.00014588272997311183, 0.00014584021554106758, 0.00014579800268014272, 0.0001457561481566656, 0.00014571458456062137, 0.0001456733722062338, 0.0001456324649708612, 0.00014559187704608553, 0.0001455515906924293, 0.00014551162719726564, 0.00014547195108163924, 0.00014543256234555017, 0.00014539348227637154, 0.00014535467184725263, 0.00014531615234556652, 0.00014527790957973117, 0.0001452399541934331, 0.00014520227554298584, 0.000145164831053643, 0.00014512770232700165, 0.00014509079356988272, 0.00014505415445282348, 0.0001450177707842418, 0.00014498163546834673, 0.00014494577334040685, 0.00014491013472988493, 0.0001448747551157361, 0.00014483960611479625, 0.0001448047019186474, 0.00014477001414412544, 0.0001447355534349169, 0.00014470134462629046, 0.00014466734159560433, 0.0001446335691781271, 0.00014460000963438126, 0.00014456667006015777, 0.00014453354335966563, 0.00014450064017659141, 0.00014446794986724853, 0.0001444354227610997, 0.00014440317948659261, 0.00014437107812790642, 0.0001443392038345337], "client_accs": {"T-shirt": [27.0, 93.14285714285714, 95.71428571428571, 95.85714285714286, 96.28571428571429, 96.28571428571429, 96.14285714285714, 96.0, 95.71428571428571, 95.57142857142857, 95.42857142857143, 95.0, 94.85714285714286, 94.71428571428571, 94.42857142857143, 94.28571428571429, 94.0, 94.0, 93.85714285714286, 93.71428571428571, 93.57142857142857, 93.57142857142857], "pullover": [13.571428571428571, 73.85714285714286, 79.0, 81.0, 82.57142857142857, 83.42857142857143, 83.42857142857143, 83.71428571428571, 84.14285714285714, 84.42857142857143, 84.28571428571429, 84.71428571428571, 84.57142857142857, 84.71428571428571, 84.71428571428571, 84.71428571428571, 84.71428571428571, 84.71428571428571, 84.57142857142857, 84.57142857142857, 84.57142857142857, 84.57142857142857], "shirt": [35.0, 28.142857142857142, 24.857142857142858, 28.857142857142858, 33.142857142857146, 34.857142857142854, 37.57142857142857, 38.714285714285715, 39.285714285714285, 40.42857142857143, 40.857142857142854, 41.57142857142857, 42.57142857142857, 42.857142857142854, 43.142857142857146, 43.714285714285715, 44.57142857142857, 45.142857142857146, 46.0, 46.714285714285715, 47.142857142857146, 47.142857142857146]}}