{"acc_dist": [89.57142857142857, 85.71428571428571, 65.14285714285714], "mean_curve": [27.76190476190476, 72.85714285714285, 75.28571428571428, 76.80952380952381, 78.0, 78.47619047619047, 78.76190476190476, 79.19047619047619, 79.42857142857143, 79.52380952380952, 79.66666666666667, 79.76190476190476, 80.04761904761905, 80.09523809523809, 80.0, 80.09523809523809, 80.09523809523809, 79.95238095238095, 80.0, 80.0, 80.09523809523809, 80.14285714285714], "var_curve": [18.10488464676211, 21.856987238786193, 18.801143401327458, 16.791775332610356, 15.47611721594382, 14.814193108648121, 14.108102237821868, 13.271284192834699, 12.57305184325036, 12.205905414352799, 12.022842959735739, 11.764314385909685, 11.381649709658907, 11.243945208638973, 11.26731471790776, 11.224568130009072, 11.115554667022044, 11.025223605694155, 10.831423170163577, 10.922734202065874, 10.78947164659597, 10.722853717025831], "train_loss": [0.00020458913275173734, 0.00018425431989488146, 0.00016586736554191224, 0.00016077093780040742, 0.00015808126401333582, 0.00015604040452412197, 0.00015439727476664953, 0.00015304440543765114, 0.00015190523649965013, 0.00015093057638122922, 0.00015008588277158283, 0.00014934537311395008, 0.00014868947366873423, 0.00014810301008678616, 0.00014757424238182246, 0.00014709397086075374, 0.00014665479461352032, 0.00014625085961251033, 0.0001458773087887537, 0.00014553025364875795, 0.000145206352074941, 0.00014490290411881037, 0.00014461759655248554, 0.00014434848867711568, 0.00014409388105074566, 0.0001438523687067486, 0.00014362271342958723, 0.00014340380118006753, 0.0001431947166011447, 0.00014299461884158, 0.00014280276284331364, 0.0001426185348204204, 0.00014244129260381063, 0.00014227056077548435, 0.00014210584972585948, 0.0001419467549948465, 0.0001417929076013111, 0.00014164392082464125, 0.00014149952147688184, 0.0001413594363700776, 0.00014122340295995986, 0.00014109118353752864, 0.00014096256522905256, 0.00014083739192712874, 0.00014071543301854813, 0.00014059655013538543, 0.00014048064748446148, 0.0001403675050962539, 0.00014025703072547912, 0.00014014913922264462, 0.00014004371705509367, 0.00013994062940279642, 0.0001398398194994245, 0.0001397411667165302, 0.0001396446604104269, 0.00013955016221318926, 0.00013945762600217547, 0.00013936699146316163, 0.00013927819118613287, 0.0001391911542131787, 0.0001391058415174484, 0.0001390222069763002, 0.00013894018672761465, 0.00013885975593612307, 0.00013878083654812406, 0.00013870342146782646, 0.00013862743618942442, 0.00013855287006923133, 0.00013847966279302324, 0.00013840778242974055, 0.00013833722188359213, 0.0001382679101966676, 0.00013819981543790726, 0.00013813292341572898, 0.00013806721993855068, 0.00013800265178793954, 0.00013793914091019403, 0.00013787676890691122, 0.0001378153974101657, 0.0001377550796383903, 0.00013769574818157015, 0.00013763738175233205, 0.0001375799874464671, 0.00013752348721027374, 0.0001374678881395431, 0.00013741318313848405, 0.00013735932963235037, 0.00013730628859429136, 0.00013725408131168, 0.0001372026652097702, 0.00013715202964487532, 0.00013710213559014456, 0.00013705299368926458, 0.00013700454362801143, 0.0001369567960500717, 0.00013690975095544542, 0.00013686336222149076, 0.00013681764758768537, 0.00013677253609611876, 0.0001367280880610148, 0.0001366842289765676, 0.00013664095529488155, 0.00013659824927647908, 0.00013655613930452438, 0.00013651456861268907, 0.0001364735478446597, 0.00013643305216516768, 0.00013639308512210845, 0.0001363536041407358, 0.00013631463405631836, 0.00013627615712937855, 0.0001362381485246477, 0.00013620059405054365, 0.00013616350080285753, 0.0001361268758773804, 0.00013609067315147036, 0.00013605489617302303, 0.00013601953784624736, 0.0001359845981711433, 0.0001359500771477109, 0.00013591594284489042, 0.00013588219171478634, 0.00013584881666160766, 0.00013581582123324985, 0.00013578320188181744, 0.00013575093022414619, 0.00013571901335602716, 0.00013568745127746036, 0.00013565622979686375, 0.00013562533827055068, 0.00013559479089010328, 0.0001355645592723574, 0.00013553462212993986, 0.00013550502558549245, 0.00013547573416006, 0.0001354467301141648, 0.0001354180347351801, 0.0001353896302836282, 0.00013536150256792705, 0.0001353336657796587, 0.00013530609153565907, 0.00013527881531488328, 0.00013525177325521197, 0.0001352250363145556, 0.00013519852998710813, 0.00013517230039551144, 0.00013514630496501924, 0.00013512056853090014, 0.00013509505561419894, 0.0001350698016938709, 0.00013504476774306524, 0.0001350199750491551, 0.00013499541651634944, 0.0001349710708572751, 0.0001349469664550963, 0.00013492306073506672, 0.00013489937143666404, 0.0001348759127514703, 0.00013485263146105267, 0.0001348295665922619, 0.00013480672524088905, 0.0001347840612842923, 0.0001347616102014269, 0.0001347393471570242, 0.00013471725441160657, 0.0001346953816357113, 0.000134673657871428, 0.00013465213633718945, 0.00013463079574562253, 0.00013460962545304073, 0.00013458861126786187, 0.0001345677709295636, 0.00013454712927341462, 0.00013452663308098203, 0.000134506303639639, 0.00013448611966201235, 0.00013446612372284842, 0.0001344462484121323, 0.00013442651856513253, 0.00013440696256501335, 0.00013438756267229716, 0.00013436828340802876, 0.0001343491425116857, 0.0001343301577227456, 0.0001343112935622533, 0.00013429258550916401, 0.00013427399808452244, 0.00013425552419253758, 0.00013423719576426916, 0.0001342189773207619, 0.00013420088660149348, 0.0001341828987711952, 0.00013416503156934466, 0.0001341472672564643, 0.00013412961292834507, 0.00013411208632446473, 0.00013409464841797239, 0.00013407730630465915, 0.0001340600706282116, 0.00013404295558021182, 0.00013402591858591352], "client_accs": {"T-shirt": [2.2857142857142856, 94.71428571428571, 94.0, 93.14285714285714, 92.57142857142857, 92.0, 91.71428571428571, 91.28571428571429, 90.57142857142857, 90.14285714285714, 90.28571428571429, 90.0, 90.14285714285714, 90.28571428571429, 90.14285714285714, 90.14285714285714, 90.0, 89.85714285714286, 89.57142857142857, 89.57142857142857, 89.57142857142857, 89.57142857142857], "pullover": [38.285714285714285, 80.85714285714286, 82.28571428571429, 83.57142857142857, 84.85714285714286, 85.57142857142857, 85.42857142857143, 85.57142857142857, 85.85714285714286, 86.0, 85.85714285714286, 86.0, 85.85714285714286, 85.57142857142857, 85.57142857142857, 85.71428571428571, 85.71428571428571, 85.42857142857143, 85.57142857142857, 85.71428571428571, 85.71428571428571, 85.71428571428571], "shirt": [42.714285714285715, 43.0, 49.57142857142857, 53.714285714285715, 56.57142857142857, 57.857142857142854, 59.142857142857146, 60.714285714285715, 61.857142857142854, 62.42857142857143, 62.857142857142854, 63.285714285714285, 64.14285714285714, 64.42857142857143, 64.28571428571429, 64.42857142857143, 64.57142857142857, 64.57142857142857, 64.85714285714286, 64.71428571428571, 65.0, 65.14285714285714]}}