{"acc_dist": [92.42857142857143, 89.71428571428571, 63.0], "mean_curve": [38.476190476190474, 73.09523809523809, 75.42857142857143, 77.52380952380952, 78.76190476190476, 79.42857142857143, 79.80952380952381, 80.09523809523809, 80.33333333333333, 80.47619047619047, 80.90476190476191, 81.04761904761905, 81.14285714285715, 81.38095238095237, 81.38095238095237, 81.47619047619048, 81.57142857142857, 81.47619047619048, 81.42857142857143, 81.57142857142857, 81.71428571428571, 81.71428571428571], "var_curve": [12.896412691809314, 22.788687172335063, 20.368042194996132, 18.28211770185279, 16.86332950772675, 16.190616245892826, 15.734762992810195, 15.319869865583476, 14.677639680001809, 14.476973663024644, 14.144219911896865, 13.931969467474095, 14.010200365651956, 13.580865557726874, 13.580865557726874, 13.54123625689617, 13.407277950457217, 13.434817865001358, 13.395602893141778, 13.289553976637412, 13.279312333642197, 13.279312333642197], "train_loss": [0.00019400189320246378, 0.00016613601928665525, 0.00016090565494128635, 0.00015814834052608128, 0.00015605066858586812, 0.00015437710143270946, 0.00015301088846865157, 0.00015186893088476997, 0.00015089633209364756, 0.00015005492028735934, 0.00014931705026399524, 0.00014866227195376442, 0.00014807518749009995, 0.00014754392561458406, 0.00014705927599044074, 0.000146613944144476, 0.0001462021115280333, 0.00014581906653585888, 0.00014546088519550506, 0.00014512440987995694, 0.00014480701869442348, 0.00014450656871000926, 0.00014422127178737097, 0.00014394975843883695, 0.00014369089333784015, 0.00014344373629206702, 0.00014320740032763707, 0.0001429812077965055, 0.00014276446331114995, 0.00014255657437301818, 0.0001423571152346475, 0.00014216582335176923, 0.00014198241844063714, 0.00014180671601068406, 0.00014163837546393983, 0.00014147696040925527, 0.0001413219989765258, 0.00014117302639143808, 0.00014102949982597714, 0.00014089106449059077, 0.00014075729463781627, 0.0001406278745049522, 0.0001405024989729836, 0.00014038094807238805, 0.00014026294861521038, 0.0001401483409461521, 0.0001400368909041087, 0.00013992847076484135, 0.00013982290313357398, 0.00013972008866923195, 0.00013961983933335258, 0.00013952207707223436, 0.00013942670609269823, 0.00013933358447892324, 0.0001392426448208945, 0.00013915379487332844, 0.00013906696013041904, 0.0001389820625384649, 0.00013889903113955542, 0.0001388177807841982, 0.00013873826180185592, 0.00013866044226146877, 0.00013858418734300705, 0.00013850951478594826, 0.00013843634298869542, 0.0001383646364722933, 0.00013829432427883148, 0.00013822540995620547, 0.0001381577941633406, 0.00013809147335234142, 0.00013802637656529744, 0.0001379624931585221, 0.00013789977700937362, 0.0001378381997346878, 0.00013777774004709154, 0.00013771830924919675, 0.00013765993217627206, 0.0001376025839930489, 0.00013754618664582572, 0.0001374907578740801, 0.00013743626929464797, 0.0001373826605933053, 0.00013732992467426118, 0.00013727804379803793, 0.00013722700022515797, 0.00013717673364139736, 0.00013712728662150246, 0.00013707859530335382, 0.00013703064904326486, 0.00013698341236228033, 0.00013693691719146, 0.00013689109612078894, 0.00013684594205447603, 0.00013680144080093927, 0.00013675758171649208, 0.00013671432932217917, 0.0001366717155490603, 0.0001366296729871205, 0.0001365882335674195, 0.0001365473298799424, 0.00013650700095153989, 0.0001364671935637792, 0.00013642793609982447, 0.00013638917534124283, 0.00013635092902751196, 0.00013631317232336317, 0.0001362758945851099, 0.0001362390887169611, 0.0001362027440752302, 0.00013616684292043957, 0.00013613139589627583, 0.00013609637107167926, 0.0001360617826382319, 0.00013602759866487412, 0.0001359938085079193, 0.0001359604299068451, 0.0001359274380263828, 0.00013589482577074143, 0.0001358625931399209, 0.00013583071529865264, 0.00013579919934272766, 0.00013576803462845937, 0.00013573722825163887, 0.00013570673763751984, 0.00013567661245663962, 0.00013564677820319222, 0.00013561727390402838, 0.00013558809955914813, 0.00013555920549801416, 0.00013553062719958168, 0.00013550234337647755, 0.0001354743575765973, 0.0001354466343209857, 0.00013541922328018006, 0.00013539206768785203, 0.00013536520657085236, 0.0001353385831628527, 0.00013531223294280823, 0.00013528613817124138, 0.00013526031658762979, 0.00013523472206933157, 0.00013520936171213785, 0.00013518426035131725, 0.00013515939315160116, 0.000135134756565094, 0.00013511036478337787, 0.00013508615394433338, 0.00013506220564955755, 0.000135038456036931, 0.00013501494058540888, 0.00013499160607655843, 0.00013496850927670798, 0.00013494558277584256, 0.00013492288688818615, 0.00013490037903899236, 0.00013487806277615684, 0.00013485595229126158, 0.00013483401565324695, 0.00013481227769738152, 0.00013479072423208327, 0.0001347693552573522, 0.00013474814593791962, 0.00013472711756115866, 0.0001347062736749649, 0.00013468559299196516, 0.0001346650826079505, 0.0001346447318792343, 0.00013462456564108534, 0.00013460453422296616, 0.00013458467310383207, 0.00013456497873578753, 0.00013454541563987733, 0.0001345260405824298, 0.00013450677905763899, 0.00013448768428393773, 0.00013446873497395287, 0.0001344499382234755, 0.00013443126919723692, 0.00013441274563471477, 0.00013439434270064035, 0.0001343761242571331, 0.00013435801225049156, 0.0001343400315159843, 0.0001343221856015069, 0.00013430447095916383, 0.00013428688049316406, 0.00013426943903877624, 0.00013425208982967195, 0.00013423488963217964, 0.00013421780296734402, 0.00013420084402674718, 0.00013418398797512054, 0.00013416725609983717, 0.00013415064130510603, 0.00013413412939934503, 0.00013411775940940494, 0.0001341014781168529, 0.00013408530680906206, 0.00013406926677340554, 0.00013405331898303259, 0.00013403747053373428], "client_accs": {"T-shirt": [56.714285714285715, 95.14285714285714, 94.28571428571429, 93.85714285714286, 93.42857142857143, 93.28571428571429, 93.14285714285714, 93.0, 92.71428571428571, 92.71428571428571, 92.57142857142857, 92.42857142857143, 92.71428571428571, 92.71428571428571, 92.71428571428571, 92.71428571428571, 92.71428571428571, 92.57142857142857, 92.42857142857143, 92.42857142857143, 92.42857142857143, 92.42857142857143], "pullover": [29.285714285714285, 82.42857142857143, 84.85714285714286, 86.71428571428571, 87.71428571428571, 88.28571428571429, 88.57142857142857, 88.71428571428571, 88.57142857142857, 88.57142857142857, 89.14285714285714, 89.28571428571429, 89.28571428571429, 89.14285714285714, 89.14285714285714, 89.28571428571429, 89.28571428571429, 89.28571428571429, 89.28571428571429, 89.42857142857143, 89.71428571428571, 89.71428571428571], "shirt": [29.428571428571427, 41.714285714285715, 47.142857142857146, 52.0, 55.142857142857146, 56.714285714285715, 57.714285714285715, 58.57142857142857, 59.714285714285715, 60.142857142857146, 61.0, 61.42857142857143, 61.42857142857143, 62.285714285714285, 62.285714285714285, 62.42857142857143, 62.714285714285715, 62.57142857142857, 62.57142857142857, 62.857142857142854, 63.0, 63.0]}}