{"acc_dist": [87.14285714285714, 78.14285714285714, 63.714285714285715], "mean_curve": [44.952380952380956, 61.76190476190476, 65.47619047619048, 67.80952380952381, 69.19047619047619, 70.04761904761904, 71.6190476190476, 72.14285714285715, 72.57142857142857, 73.33333333333333, 73.66666666666667, 73.76190476190476, 74.52380952380952, 75.0952380952381, 75.42857142857143, 75.61904761904762, 75.80952380952381, 75.80952380952381, 75.90476190476191, 76.28571428571429, 76.33333333333333, 76.33333333333333], "var_curve": [16.856470258306185, 16.110727964792765, 16.305056739657385, 14.78477491073157, 13.207570151131215, 12.503242209908482, 11.58954098821262, 11.04536101718726, 10.789891969222076, 10.410835102351047, 10.15815970620565, 10.278657191033934, 10.090969447931798, 9.972979367286264, 9.916659520948663, 10.053823406016495, 9.929228024423535, 9.877021593352703, 9.821075029711821, 9.733873808496178, 9.649879864842653, 9.649879864842653], "train_loss": [1.0587636893136159, 1.0424288213820685, 1.027957327706473, 1.0151699974423363, 1.0038335890997026, 0.9937282017299106, 0.9846676781063989, 0.9770312209356399, 0.9701101248604912, 0.9637919108072918, 0.9579858107793898, 0.952618379138765, 0.9476293364025299, 0.9429695928664436, 0.938598371233259, 0.9344815499441964, 0.930591052827381, 0.9269027855282738, 0.923396490187872, 0.9200546119326637, 0.9168624441964286, 0.9138072858537947, 0.9108776274181548, 0.908064226422991, 0.9053580147879465, 0.902751958937872, 0.9002393740699405, 0.8978141276041667, 0.8954710460844494, 0.8932054792131696, 0.8910130964006697, 0.8888902646019345, 0.886833263578869, 0.8848388671875002, 0.8829042561848958, 0.8810266985212053, 0.8792032586960565, 0.8774318440755208, 0.8757100423177083, 0.8740361676897321, 0.8724080984933035, 0.8708240618024554, 0.869282459077381, 0.8677817208426339, 0.8663202485584076, 0.864896472749256, 0.8635091436476934, 0.8621570696149554, 0.8608387683686756, 0.8595529320126488, 0.8582987758091517, 0.8570747884114583, 0.8558803304036458, 0.8547141810825893, 0.853575236002604, 0.852462623232887, 0.851375499906994, 0.8503131394159226, 0.8492745535714286, 0.8482588413783482, 0.8472655087425597, 0.8462935384114584, 0.845342523484003, 0.8444116501581101, 0.843500249953497, 0.842607654389881, 0.8417334565662203, 0.8408768426804315, 0.8400374930245537, 0.8392147827148438, 0.8384079996744792, 0.8376170712425596, 0.8368411545526414, 0.8360799734933035, 0.8353330920991443, 0.8346000598725819, 0.8338805135091145, 0.833174031575521, 0.8324801781063988, 0.8317987351190476, 0.8311292666480655, 0.8304714529854911, 0.8298250616164434, 0.8291897437686012, 0.8285650344122025, 0.827950933547247, 0.8273470052083334, 0.8267529006231399, 0.8261684744698661, 0.8255936104910714, 0.825027858189174, 0.8244710867745537, 0.8239230492001489, 0.8233834402901786, 0.8228522455124628, 0.8223290434337797, 0.82181393577939, 0.8213064575195314, 0.820806623186384, 0.8203140694754464, 0.8198288254510789, 0.8193506004696801, 0.8188791765485491, 0.8184145391555059, 0.8179564557756697, 0.8175049845377605, 0.817059558686756, 0.8166204252697172, 0.8161873517717634, 0.8157600184849331, 0.8153387160528274, 0.8149229213169642, 0.8145126488095237, 0.8141079421270461, 0.8137083507719494, 0.8133141363234747, 0.8129249500093007, 0.8125408063616071, 0.8121614002046131, 0.81178709484282, 0.8114172217959449, 0.8110520862397693, 0.8106915573846726, 0.8103353155226936, 0.8099836948939733, 0.8096360851469493, 0.8092928205217635, 0.808953610374814, 0.808618411109561, 0.8082872953869048, 0.8079600306919642, 0.807636471702939, 0.8073168654668899, 0.8070008341471354, 0.8066884504045758, 0.8063796851748511, 0.8060743350074405, 0.805772487095424, 0.8054739525204613, 0.8051787748790923, 0.804886954171317, 0.8045982433500743, 0.804312744140625, 0.8040303693498885, 0.803750959123884, 0.8034744989304317, 0.8032010759626115, 0.8029305303664435, 0.8026629348028274, 0.8023980422247025, 0.8021360124860492, 0.8018765404110862, 0.8016197713216145, 0.8013656906854538, 0.8011142985026042, 0.8008653331938245, 0.8006188092912946, 0.8003749302455357, 0.8001334490094866, 0.7998942638578869, 0.7996574910481771, 0.7994230724516368, 0.7991908918108259, 0.7989609781901041, 0.7987333461216517, 0.7985077921549478, 0.7982843308221726, 0.7980631510416667, 0.7978439767020089, 0.7976270112537204, 0.7974119349888392, 0.7971989804222469, 0.7969878423781623, 0.7967785789853051, 0.7965715244838171, 0.7963661847795759, 0.7961626470656622, 0.7959611438569568, 0.7957611519949777, 0.7955631946382068, 0.7953670102074032, 0.7951724388485862, 0.7949795241582961, 0.7947884550548735, 0.7945989699590773, 0.7944111705961682, 0.7942249988374256, 0.7940403238932291, 0.7938572765531994, 0.7936757841564361, 0.7934959193638393, 0.7933174496605283, 0.7931405349004836, 0.7929650733584449, 0.7927911376953124, 0.7926185680571057, 0.7924474225725446, 0.7922777157738095, 0.79210940406436, 0.7919424147832962, 0.7917767769949776], "client_accs": {"T-shirt": [65.42857142857143, 84.42857142857143, 88.28571428571429, 88.57142857142857, 87.85714285714286, 87.71428571428571, 87.85714285714286, 87.42857142857143, 87.28571428571429, 87.28571428571429, 86.85714285714286, 86.71428571428571, 87.0, 87.28571428571429, 87.42857142857143, 87.42857142857143, 87.57142857142857, 87.42857142857143, 87.42857142857143, 87.42857142857143, 87.14285714285714, 87.14285714285714], "pullover": [24.142857142857142, 48.42857142857143, 51.142857142857146, 55.285714285714285, 59.285714285714285, 61.857142857142854, 65.42857142857143, 67.28571428571429, 68.71428571428571, 70.42857142857143, 72.0, 73.0, 74.28571428571429, 75.14285714285714, 75.71428571428571, 76.57142857142857, 76.57142857142857, 76.71428571428571, 76.85714285714286, 77.71428571428571, 78.14285714285714, 78.14285714285714], "shirt": [45.285714285714285, 52.42857142857143, 57.0, 59.57142857142857, 60.42857142857143, 60.57142857142857, 61.57142857142857, 61.714285714285715, 61.714285714285715, 62.285714285714285, 62.142857142857146, 61.57142857142857, 62.285714285714285, 62.857142857142854, 63.142857142857146, 62.857142857142854, 63.285714285714285, 63.285714285714285, 63.42857142857143, 63.714285714285715, 63.714285714285715, 63.714285714285715]}}