{"acc_dist": [81.28571428571429, 73.0, 70.57142857142857], "mean_curve": [25.19047619047619, 64.9047619047619, 66.80952380952381, 68.80952380952381, 69.80952380952381, 71.09523809523809, 71.61904761904762, 71.95238095238095, 72.47619047619048, 72.85714285714285, 73.0, 73.52380952380953, 73.85714285714285, 73.85714285714285, 73.9047619047619, 74.19047619047619, 74.3809523809524, 74.14285714285715, 74.57142857142857, 74.76190476190476, 74.90476190476191, 74.95238095238095], "var_curve": [8.84125559259061, 16.14994927787714, 16.33881623924369, 14.277299108769483, 13.678690579281293, 12.2059054143528, 10.977610692128614, 10.24684011909544, 9.63365227916327, 8.486083044737244, 8.291459420375153, 7.925961246309785, 6.640424541792345, 6.7016091072107695, 5.753831415997417, 5.709918966428034, 5.791541255432677, 5.20726859865164, 5.158705738647938, 5.224658089693049, 5.1114561650261825, 4.586779780285347], "train_loss": [1.123975859142485, 1.1016229829334077, 1.080223417736235, 1.0608598981584823, 1.0438081577845981, 1.0290701729910714, 1.0164896647135417, 1.005836675734747, 0.9968629964192709, 0.989334251767113, 0.9772014799572174, 0.9717419724237352, 0.9672047642299108, 0.9568909563337055, 0.9536277553013394, 0.950981939406622, 0.9418880789620537, 0.940021275111607, 0.9321379162016368, 0.930808337983631, 0.9298717099144346, 0.9225515020461309, 0.9219469342912947, 0.921686285109747, 0.9147269694010416, 0.9146678524925594, 0.9085136195591518, 0.9085862513950893, 0.908965831938244, 0.9029136730375744, 0.9033607410249256, 0.8979426792689732, 0.8984278215680804, 0.8992082868303571, 0.8937470935639881, 0.8945277041480654, 0.8895898146856398, 0.8903600202287946, 0.8858531842912947, 0.8866090029761905, 0.8876505243210565, 0.8829773530505952, 0.8839793178013394, 0.8796911039806546, 0.8806554303850446, 0.8818995593843005, 0.8774083600725446, 0.878594244094122, 0.8744553920200894, 0.875588117327009, 0.8717447335379465, 0.8728296479724703, 0.8741839599609375, 0.8700998942057292, 0.8713883754185267, 0.8675909133184524, 0.8688207717168899, 0.8652668108258927, 0.8664446440197172, 0.8631005568731398, 0.8642325265066964, 0.8656246221633185, 0.8620217459542411, 0.8633495512462798, 0.8599645705450149, 0.8612357003348214, 0.8580387660435268, 0.8592596726190477, 0.8562274751209077, 0.8574039132254464, 0.8588309151785714, 0.8555388532366072, 0.8569035121372769, 0.8537894112723214, 0.8550991385323661, 0.8521403285435268, 0.8534010242280506, 0.8505795433407739, 0.8517965262276785, 0.8532557605561756, 0.8501783970424107, 0.8515772646949404, 0.8486519077845983, 0.8499970354352678, 0.8472054327101933, 0.8485025169735861, 0.8458297874813988, 0.8470839727492558, 0.844518083844866, 0.8457332356770833, 0.8471780831473215, 0.8443661353701638, 0.8457561674572173, 0.8430669875372024, 0.8444079008556548, 0.8418280901227679, 0.8431251453218006, 0.8406432233537947, 0.841900402250744, 0.8395074462890625, 0.8407283819289434, 0.8421682593936012, 0.8395396786644346, 0.840928693498884, 0.838404570079985, 0.8397477504185268, 0.8373170689174106, 0.8386189778645834, 0.8362725539434525, 0.837536853608631, 0.8352673630487352, 0.8364973958333334, 0.8379377964564733, 0.8354420398530505, 0.8368345424107142, 0.8344303966703869, 0.8357798258463541, 0.8334577287946429, 0.8347677757626487, 0.832520286923363, 0.8337946137927826, 0.831615484328497, 0.8328569684709821, 0.8307406761532738, 0.8319519333612352, 0.8333623395647322, 0.8310321335565476, 0.8323996117001489, 0.8301461356026785, 0.8314746675037202, 0.8292907714843749, 0.830583757672991, 0.8284633382161458, 0.8297237141927084, 0.8276617431640624, 0.8288921247209822, 0.8268844168526787, 0.8280868384951635, 0.8294793701171875, 0.827268327985491, 0.8286212739490327, 0.826477312360491, 0.8277942185174852, 0.825711146763393, 0.8269950358072916, 0.8249678548177083, 0.8262213425409226, 0.8242460123697918, 0.8254713657924108, 0.8235441080729168, 0.8247432745070684, 0.8228610956101191, 0.824035877046131, 0.8253896949404762, 0.8233165050688244, 0.8246351841517857, 0.8226188732328868, 0.8239053490048364, 0.8219410632905505, 0.8231976899646577, 0.8212813895089286, 0.8225106084914434, 0.8206388927641369, 0.8218425351097469, 0.8200125558035714, 0.8211923363095238, 0.8194015648251488, 0.8205589948381696, 0.8218868582589286, 0.8199153645833334, 0.8212108503069196, 0.8192894926525298, 0.8205552746000744, 0.8186796351841519, 0.8199180675688243, 0.8180848911830356, 0.8192979213169643, 0.8175045049758185, 0.8186936151413691, 0.8169374302455358, 0.8181043061755952, 0.8163832019624255, 0.8175292096819197, 0.8158414132254465, 0.8169675699869791, 0.818254627046131, 0.8163970075334821, 0.817655261811756, 0.8158406866164434, 0.8170721435546874, 0.8152973284040178, 0.8165040225074405, 0.8147660319010416, 0.8159498523530506, 0.8142464192708333, 0.8154085867745535, 0.8137378220331102, 0.8148797607421875, 0.81323974609375, 0.8143624732607887, 0.8127519008091518], "client_accs": {"T-shirt": [27.0, 87.57142857142857, 89.85714285714286, 89.0, 89.14285714285714, 88.28571428571429, 87.14285714285714, 86.42857142857143, 86.0, 84.85714285714286, 84.57142857142857, 84.28571428571429, 83.14285714285714, 83.14285714285714, 82.0, 82.14285714285714, 82.28571428571429, 81.42857142857143, 81.71428571428571, 81.85714285714286, 81.85714285714286, 81.28571428571429], "pullover": [13.571428571428571, 56.0, 53.857142857142854, 58.57142857142857, 59.57142857142857, 63.857142857142854, 64.0, 64.14285714285714, 67.14285714285714, 67.0, 68.85714285714286, 70.85714285714286, 70.42857142857143, 70.85714285714286, 70.57142857142857, 71.42857142857143, 72.28571428571429, 71.42857142857143, 72.28571428571429, 73.0, 73.14285714285714, 73.0], "shirt": [35.0, 51.142857142857146, 56.714285714285715, 58.857142857142854, 60.714285714285715, 61.142857142857146, 63.714285714285715, 65.28571428571429, 64.28571428571429, 66.71428571428571, 65.57142857142857, 65.42857142857143, 68.0, 67.57142857142857, 69.14285714285714, 69.0, 68.57142857142857, 69.57142857142857, 69.71428571428571, 69.42857142857143, 69.71428571428571, 70.57142857142857]}}