{"acc_dist": [97.85714285714286, 84.85714285714286, 44.857142857142854], "mean_curve": [27.76190476190476, 72.47619047619047, 74.23809523809524, 74.71428571428571, 75.14285714285712, 75.47619047619048, 75.61904761904763, 75.90476190476191, 75.80952380952381, 75.47619047619047, 75.38095238095237, 75.38095238095237, 75.52380952380952, 75.6190476190476, 75.52380952380952, 75.61904761904763, 75.66666666666667, 75.85714285714286, 75.71428571428572, 75.80952380952381, 75.85714285714286, 75.85714285714286], "var_curve": [18.10488464676211, 25.26494528625503, 25.19511164479433, 24.077256606895347, 23.432345805146625, 22.92677884502349, 23.03748301318455, 22.666266503070343, 22.73668656818256, 22.939534045447004, 23.070826568390498, 23.070826568390498, 22.90035597659729, 22.796447191067898, 22.758816287778718, 22.544388062366565, 22.479116032361503, 22.385308593278907, 22.413856258594873, 22.45065134983273, 22.553639765383032, 22.553639765383032], "train_loss": [1.1456990850539432, 1.0435309128534227, 0.9412728155226935, 0.8865829322451638, 0.8692712983630951, 0.8593663824172246, 0.8525584338960194, 0.8473020281110492, 0.8429533749534971, 0.839200701032366, 0.8358748517717635, 0.832875744047619, 0.8301397559756324, 0.8276243663969495, 0.8252996680850074, 0.8231441824776785, 0.8211415172758555, 0.8192790004185269, 0.817546139671689, 0.8159337361653646, 0.8144338407970609, 0.813038344610305, 0.8117399088541667, 0.8105316452752976, 0.8094067092168898, 0.8083585757300966, 0.8073812575567336, 0.8064687674386161, 0.805615960984003, 0.8048179263160343, 0.8040697224934896, 0.8033672805059524, 0.8027069527762277, 0.8020852225167411, 0.8014988781156994, 0.8009453328450521, 0.8004216512044272, 0.7999259730747768, 0.7994558425176711, 0.7990093267531622, 0.7985849289667039, 0.798180672781808, 0.7977950613839285, 0.7974268014090402, 0.7970742943173362, 0.7967365955171131, 0.7964122808547248, 0.7961004057384672, 0.7958000110444569, 0.7955101521809896, 0.7952304949079241, 0.7949602108909971, 0.7946990240187871, 0.7944462512788318, 0.7942016456240699, 0.7939650181361607, 0.7937359037853423, 0.7935142444428944, 0.793299546014695, 0.7930915033249629, 0.7928897966657367, 0.7926938883463542, 0.7925034295944942, 0.7923180135091146, 0.7921371023995536, 0.7919604782831101, 0.7917871820359004, 0.7916168939499628, 0.7914485822405134, 0.7912814476376488, 0.7911151268368676, 0.7909504045758928, 0.7907887486049107, 0.790631568545387, 0.790478995186942, 0.7903299386160715, 0.7901831926618303, 0.7900377546037946, 0.789891604468936, 0.7897423299153646, 0.7895866466703869, 0.7894213431222098, 0.7892416091192337, 0.7890353974841889, 0.7888101922898066, 0.7886459059942336, 0.7885101173037574, 0.7883805629185269, 0.7882530575706846, 0.7881257411411831, 0.7879970005580358, 0.7878656151181175, 0.7877311488560269, 0.7875952875046502, 0.7874600365048363, 0.7873280552455357, 0.7872015962146577, 0.7870811244419643, 0.786966349283854, 0.7868566167922246, 0.7867508370535714, 0.786648719424293, 0.7865497843424479, 0.7864537411644346, 0.786360124860491, 0.7862683832077754, 0.7861781383696056, 0.7860890415736607, 0.7860009910946801, 0.7859140886579241, 0.7858285377139138, 0.7857445562453497, 0.785662129720052, 0.7855811418805804, 0.7855016363234747, 0.7854231916155134, 0.7853456624348958, 0.7852689034598214, 0.7851927403041294, 0.78511720203218, 0.7850423177083333, 0.7849682035900297, 0.7848948742094494, 0.7848225330171131, 0.7847511364164806, 0.7846806844075521, 0.7846110171363466, 0.7845420764741444, 0.784473862420945, 0.784405997140067, 0.7843384079706102, 0.7842711821056548, 0.7842040724981398, 0.7841369628906251, 0.7840700131370907, 0.7840029616582962, 0.7839357793898808, 0.7838688296363467, 0.7838016909644718, 0.7837344650995163, 0.7836670793805803, 0.7835998244512649, 0.783532453264509, 0.7834649948846727, 0.7833976818266368, 0.7833301507859002, 0.7832626342773438, 0.7831952485584077, 0.7831278483072915, 0.7830604625883556, 0.78299314953032, 0.7829258655366443, 0.7828587123325893, 0.782791777111235, 0.7827248564220611, 0.7826580665225075, 0.7825915236700149, 0.782525155203683, 0.7824589901878721, 0.7823929704938616, 0.7823272705078125, 0.7822618030366444, 0.782196756998698, 0.7821319144112723, 0.782067406063988, 0.782003435407366, 0.7819397553943452, 0.7818764386858259, 0.7818137032645089, 0.7817514328729539, 0.7816896275111608, 0.7816283453078497, 0.7815675717308408, 0.7815073649088542, 0.7814476521809895, 0.7813885062081473, 0.7813298833937873, 0.781271711077009, 0.7812140183221726, 0.7811568487258184, 0.7811002168201265, 0.7810439482189361, 0.780988028390067, 0.7809325445265998, 0.7808774966285341, 0.78082276843843, 0.7807682582310268, 0.7807140531994047, 0.7806601533435641, 0.7806063988095238, 0.7805528913225447, 0.7804995872860863, 0.7804464431036086, 0.7803934733072917, 0.7803406052362352, 0.7802879987444197, 0.7802354794456846, 0.7801832943870908, 0.7801311674572172, 0.7800794328962053, 0.7800277273995535], "client_accs": {"T-shirt": [2.2857142857142856, 95.42857142857143, 96.42857142857143, 96.42857142857143, 96.71428571428571, 97.0, 97.28571428571429, 97.42857142857143, 97.57142857142857, 97.57142857142857, 97.57142857142857, 97.57142857142857, 97.71428571428571, 97.85714285714286, 97.85714285714286, 97.85714285714286, 97.85714285714286, 97.85714285714286, 97.85714285714286, 97.85714285714286, 97.85714285714286, 97.85714285714286], "pullover": [38.285714285714285, 84.71428571428571, 87.28571428571429, 86.57142857142857, 86.14285714285714, 85.71428571428571, 85.85714285714286, 85.71428571428571, 85.42857142857143, 85.0, 85.0, 85.0, 84.85714285714286, 84.71428571428571, 84.42857142857143, 84.28571428571429, 84.28571428571429, 84.57142857142857, 84.28571428571429, 84.57142857142857, 84.85714285714286, 84.85714285714286], "shirt": [42.714285714285715, 37.285714285714285, 39.0, 41.142857142857146, 42.57142857142857, 43.714285714285715, 43.714285714285715, 44.57142857142857, 44.42857142857143, 43.857142857142854, 43.57142857142857, 43.57142857142857, 44.0, 44.285714285714285, 44.285714285714285, 44.714285714285715, 44.857142857142854, 45.142857142857146, 45.0, 45.0, 44.857142857142854, 44.857142857142854]}}