{"acc_dist": [98.71428571428571, 86.14285714285714, 45.714285714285715], "mean_curve": [38.476190476190474, 73.0, 74.80952380952381, 75.28571428571429, 75.52380952380953, 75.85714285714285, 75.90476190476191, 75.95238095238095, 76.19047619047619, 76.28571428571428, 76.23809523809524, 76.52380952380952, 76.52380952380953, 76.57142857142857, 76.52380952380953, 76.61904761904763, 76.6190476190476, 76.66666666666667, 76.66666666666667, 76.76190476190476, 76.80952380952381, 76.85714285714285], "var_curve": [12.896412691809314, 26.053581627988475, 25.716754731553948, 25.07892304211608, 24.414318686297594, 23.918512455736835, 23.69658930460673, 23.56531907355699, 23.654639082289517, 23.609925273676144, 23.50172474010444, 23.193164995194834, 23.020054354721474, 22.696758736499298, 22.762402863647416, 22.631124595422, 22.742669696922363, 22.788687172335067, 22.788687172335067, 22.74266969692236, 22.59201392020024, 22.611477429938667], "train_loss": [1.0864107549758184, 0.9319446382068453, 0.8972393217540923, 0.8816099766322546, 0.8710762968517486, 0.8630525134858632, 0.8565688069661458, 0.8511329142252603, 0.8464567202613468, 0.8423591686430432, 0.8387206449962797, 0.8354592023577009, 0.8325151861281622, 0.8298439970470609, 0.8274104963030133, 0.825185808454241, 0.8231461879185268, 0.8212710280645461, 0.819542701357887, 0.8179461524600073, 0.8164676339285714, 0.8150956362769718, 0.8138195946103051, 0.8126306733630951, 0.8115203712100074, 0.8104818725585937, 0.8095084635416668, 0.8085943894159225, 0.8077343168712797, 0.8069235520135788, 0.8061579241071429, 0.8054336547851563, 0.8047474743071056, 0.8040967087518602, 0.8034787132626487, 0.8028912062872023, 0.8023316882905506, 0.801797354561942, 0.8012860398065476, 0.8007954479399183, 0.8003237043108259, 0.7998684692382813, 0.7994270978655132, 0.7989942714146205, 0.7985659935360863, 0.798158191499256, 0.7977859206426712, 0.7974354625883556, 0.7970997111002603, 0.7967762974330358, 0.7964645821707589, 0.7961638387044271, 0.7958732386997768, 0.7955926368350074, 0.7953210885184152, 0.7950579979306176, 0.7948029000418527, 0.7945551554361979, 0.7943142845517114, 0.7940796043759301, 0.793850809733073, 0.7936273629324777, 0.7934092058454242, 0.7931960332961309, 0.7929880777994791, 0.7927852666945684, 0.7925881086077009, 0.7923968360537574, 0.7922110711960566, 0.7920312064034598, 0.7918566458565849, 0.7916871570405505, 0.7915223766508556, 0.7913619123186385, 0.7912054443359375, 0.7910528128487723, 0.7909033639090403, 0.7907571265811012, 0.7906137520926338, 0.7904732840401786, 0.7903353300548736, 0.7901996866861979, 0.790066441127232, 0.7899353608630952, 0.7898065621512277, 0.7896798560732886, 0.7895551554361978, 0.7894325474330358, 0.7893119448707218, 0.789193347749256, 0.7890767124720982, 0.7889621843610491, 0.7888494727725074, 0.7887388247535343, 0.7886298334030878, 0.788522731236049, 0.7884172130766368, 0.7883133661179316, 0.7882111467633929, 0.7881103079659598, 0.7880109223865327, 0.7879127139136903, 0.7878157697405133, 0.7877200753348216, 0.787625238327753, 0.7875316365559896, 0.7874388195219494, 0.787346903483073, 0.7872559029715402, 0.7871656871977306, 0.787076430547805, 0.7869879586356028, 0.7869004313151041, 0.7868137904575893, 0.7867281232561384, 0.7866434733072918, 0.7865597970145091, 0.7864772542317708, 0.7863958158947172, 0.786315409342448, 0.7862359619140625, 0.7861577351888022, 0.786080307733445, 0.7860040283203125, 0.7859285917736235, 0.7858539835611978, 0.7857803199404761, 0.7857073974609374, 0.7856352161225818, 0.7855638049897694, 0.7854930914015997, 0.7854232352120536, 0.7853540765671503, 0.78528564453125, 0.7852178955078125, 0.7851509602864585, 0.7850847371419271, 0.7850191679454985, 0.784954383486793, 0.7848901803152902, 0.7848264421735491, 0.784763430640811, 0.7847008841378349, 0.7846389334542411, 0.7845773751395089, 0.7845162527901786, 0.7844556245349702, 0.7843953450520834, 0.7843354288736979, 0.7842759631928944, 0.7842168898809524, 0.7841580781482514, 0.7840996733165922, 0.7840417916434151, 0.7839842151460193, 0.7839269728887649, 0.7838702247256325, 0.7838138543991816, 0.7837580072312128, 0.7837023635137649, 0.783647213890439, 0.7835925147646949, 0.7835380917503719, 0.7834841192336309, 0.7834302193777902, 0.7833768426804316, 0.7833234659830728, 0.783270263671875, 0.783217264811198, 0.7831641496930803, 0.7831107875279018, 0.7830572800409227, 0.7830033801850819, 0.7829488263811384, 0.7828936912899925, 0.7828377133324033, 0.78278076171875, 0.7827229817708333, 0.782664533342634, 0.7826058523995535, 0.7825474039713541, 0.7824897548130582, 0.7824332536969866, 0.7823783656529019, 0.782324945359003, 0.78227294921875, 0.7822223336356027, 0.7821729242234005, 0.7821245465959822, 0.7820768810453869, 0.7820299566359749, 0.7819835844494047, 0.7819378080822172, 0.7818922787620908, 0.7818471272786458, 0.7818019757952009, 0.7817570132300967, 0.7817119489397321, 0.7816667683919271, 0.7816213989257813, 0.7815756080264137], "client_accs": {"T-shirt": [56.714285714285715, 96.0, 96.71428571428571, 97.0, 97.28571428571429, 97.71428571428571, 97.85714285714286, 98.0, 98.42857142857143, 98.42857142857143, 98.42857142857143, 98.42857142857143, 98.42857142857143, 98.42857142857143, 98.42857142857143, 98.42857142857143, 98.57142857142857, 98.71428571428571, 98.71428571428571, 98.71428571428571, 98.71428571428571, 98.71428571428571], "pullover": [29.285714285714285, 86.42857142857143, 89.0, 88.71428571428571, 87.85714285714286, 87.28571428571429, 86.85714285714286, 86.57142857142857, 86.71428571428571, 86.85714285714286, 86.57142857142857, 86.71428571428571, 86.42857142857143, 86.0, 86.0, 86.0, 86.0, 86.0, 86.0, 86.14285714285714, 86.0, 86.14285714285714], "shirt": [29.428571428571427, 36.57142857142857, 38.714285714285715, 40.142857142857146, 41.42857142857143, 42.57142857142857, 43.0, 43.285714285714285, 43.42857142857143, 43.57142857142857, 43.714285714285715, 44.42857142857143, 44.714285714285715, 45.285714285714285, 45.142857142857146, 45.42857142857143, 45.285714285714285, 45.285714285714285, 45.285714285714285, 45.42857142857143, 45.714285714285715, 45.714285714285715]}}