{"acc_dist": [80.57142857142857, 72.14285714285714, 74.42857142857143], "mean_curve": [27.76190476190476, 55.952380952380956, 66.61904761904762, 69.04761904761905, 70.90476190476191, 71.57142857142857, 72.52380952380952, 73.14285714285714, 73.19047619047619, 73.57142857142857, 74.09523809523809, 74.71428571428572, 74.95238095238096, 75.0, 74.85714285714285, 75.23809523809524, 75.42857142857143, 75.52380952380952, 75.71428571428571, 75.71428571428571, 75.71428571428571, 75.71428571428572], "var_curve": [18.10488464676211, 1.4584183648679567, 15.893494725930307, 16.51646605038895, 15.94733395641605, 15.769168230019826, 14.903012220441559, 14.165686240583849, 13.121272821396355, 12.29788986932698, 10.861110386183434, 9.581728644118648, 8.43085790885869, 7.276838664721173, 6.3663657014734865, 5.757377205833353, 5.002040400003313, 4.448241008821616, 3.9244567196260007, 3.8136882000335106, 3.727084177018955, 3.5590260840104375], "train_loss": [1.1456990850539432, 1.1329865083240327, 1.1219060698009673, 1.110956798735119, 1.099866216750372, 1.0883680071149555, 1.074330560593378, 1.0618956066313243, 1.0486720493861608, 1.0348820277622768, 1.0210005696614584, 1.008618396577381, 0.9956571161179314, 0.9840025983537947, 0.9736207507905507, 0.9643966820126488, 0.9561875988188243, 0.9488520449683779, 0.9422642589750744, 0.9363159760974703, 0.930916748046875, 0.925990978422619, 0.9214755103701636, 0.9173176211402531, 0.9134731910342261, 0.9099047560918899, 0.9065806070963541, 0.9034735979352679, 0.9005607096354167, 0.8978220331101191, 0.8952401006789433, 0.8927999441964286, 0.8904885428292411, 0.8882942708333333, 0.8862071300688243, 0.8842181977771576, 0.8823191615513393, 0.8805035109747023, 0.8787645612444196, 0.8770968773251488, 0.8754952566964285, 0.8739551943824404, 0.8724724179222471, 0.8710433814639137, 0.8696646844773065, 0.8683330136253721, 0.8670456077938988, 0.8657999383835566, 0.864593505859375, 0.8634242466517857, 0.8622900826590402, 0.8611891537620907, 0.8601197451636905, 0.8590802147274926, 0.858069094703311, 0.8570849318731399, 0.856126694452195, 0.8551929873511904, 0.8542831130254837, 0.8533956473214285, 0.8525297037760416, 0.85168458484468, 0.8508593750000001, 0.850052969796317, 0.8492650059291295, 0.8484946114676339, 0.8477411760602678, 0.8470039295014882, 0.8462823486328125, 0.8455757795061384, 0.844883800688244, 0.8442057872953869, 0.8435414050874256, 0.8428901309058779, 0.8422513108026415, 0.8416249302455358, 0.8410104079473587, 0.8404071771530878, 0.839815194266183, 0.8392338779994418, 0.8386631120954241, 0.8381024169921876, 0.8375516619001117, 0.8370103527250744, 0.836478286016555, 0.8359554327101936, 0.8354412405831474, 0.8349356369745163, 0.8344383021763392, 0.8339491344633556, 0.8334678286597842, 0.8329941958472843, 0.8325281488327754, 0.8320693969726562, 0.8316178094773066, 0.8311730811709449, 0.8307352265857514, 0.8303039550781249, 0.8298793829055059, 0.829460914248512, 0.8290487816220239, 0.8286426798502604, 0.8282422456287203, 0.8278478713262648, 0.8274590483165923, 0.827075660342262, 0.8266977074032739, 0.8263250151134672, 0.8259573509579613, 0.8255947440011161, 0.8252370198567709, 0.8248840913318451, 0.824535667782738, 0.8241917782738094, 0.8238523356119791, 0.823517078218006, 0.8231861223493303, 0.8228591192336309, 0.8225360107421875, 0.8222166224888392, 0.8219011579241071, 0.8215890066964286, 0.8212803722563243, 0.8209748767671131, 0.8206727527436756, 0.8203736223493303, 0.8200773402622769, 0.8197840227399554, 0.8194932047526041, 0.8192051478794643, 0.8189193289620537, 0.8186358933221727, 0.8183544921875, 0.8180752999441964, 0.8177978806268601, 0.817522466750372, 0.8172484479631695, 0.8169760277157737, 0.816705089750744, 0.8164353724888392, 0.8161668468656994, 0.8158993675595237, 0.8156326729910713, 0.8153669956752232, 0.8151019287109375, 0.8148374720982142, 0.8145733933221727, 0.8143098377046131, 0.8140464564732143, 0.813783453078497, 0.8135204206194196, 0.8132573881603422, 0.8129943266369047, 0.8127311779203868, 0.8124678257533482, 0.8122042120070684, 0.8119402494884672, 0.8116759381975447, 0.8114112200055804, 0.8111459786551339, 0.810880388532366, 0.8106141589936756, 0.8103474644252232, 0.8100801595052083, 0.8098123023623511, 0.8095437767392113, 0.8092747570219494, 0.8090051560174851, 0.8087348865327382, 0.8076883661179316, 0.8075338599795386, 0.8073611886160714, 0.8071728806268602, 0.8069716099330356, 0.8067595854259673, 0.8057537260509674, 0.8056399972098215, 0.8055048188709076, 0.8053504871186755, 0.8051800827752976, 0.8042070370628721, 0.8041232154482887, 0.8040159970238094, 0.8038877650669644, 0.8037411353701637, 0.8027909923735118, 0.8027261788504464, 0.8026371547154018, 0.8025260997953869, 0.8023956298828124, 0.8014638846261161, 0.8014126732235863, 0.801336640857515, 0.8012379964192707, 0.8003345017206102, 0.8003048270089286, 0.800249750046503, 0.8001708403087798, 0.7992880394345239, 0.7992732456752232, 0.7992326136997767], "client_accs": {"T-shirt": [2.2857142857142856, 58.0, 88.71428571428571, 91.57142857142857, 92.28571428571429, 92.71428571428571, 92.42857142857143, 92.14285714285714, 90.71428571428571, 90.14285714285714, 89.0, 88.14285714285714, 86.85714285714286, 85.28571428571429, 83.85714285714286, 83.28571428571429, 82.14285714285714, 81.57142857142857, 81.14285714285714, 81.0, 80.85714285714286, 80.57142857142857], "pullover": [38.285714285714285, 55.142857142857146, 59.142857142857146, 63.142857142857146, 66.42857142857143, 67.14285714285714, 68.57142857142857, 69.14285714285714, 69.71428571428571, 69.85714285714286, 69.85714285714286, 69.57142857142857, 69.57142857142857, 70.14285714285714, 70.14285714285714, 70.14285714285714, 70.14285714285714, 71.0, 72.0, 72.14285714285714, 72.14285714285714, 72.14285714285714], "shirt": [42.714285714285715, 54.714285714285715, 52.0, 52.42857142857143, 54.0, 54.857142857142854, 56.57142857142857, 58.142857142857146, 59.142857142857146, 60.714285714285715, 63.42857142857143, 66.42857142857143, 68.42857142857143, 69.57142857142857, 70.57142857142857, 72.28571428571429, 74.0, 74.0, 74.0, 74.0, 74.14285714285714, 74.42857142857143]}}