{"acc_dist": [80.42857142857143, 78.0, 78.0], "mean_curve": [36.142857142857146, 73.66666666666667, 75.33333333333333, 75.28571428571428, 77.28571428571428, 77.80952380952381, 76.33333333333333, 77.23809523809524, 77.61904761904763, 78.14285714285715, 78.33333333333333, 78.23809523809523, 78.42857142857143, 78.28571428571428, 78.38095238095237, 78.28571428571429, 78.33333333333333, 78.0, 79.71428571428571, 79.47619047619047, 79.42857142857143, 78.80952380952381], "var_curve": [12.103296902842935, 14.990851329486475, 7.003724308895325, 3.466064835252919, 4.20560041253707, 4.57787244249698, 1.675486865310399, 1.1507662831994838, 1.5836465855538961, 1.6822401650148284, 1.7076591501943896, 1.815778663327393, 1.4615246907831292, 1.3451854182690974, 1.1448395504925064, 1.0367400503370061, 0.7126966450998021, 0.8081220356417658, 2.93466265488202, 2.5617100297738578, 2.02366946294055, 1.1448395504925064], "train_loss": [1.112019537062872, 0.9806888543991815, 0.9534147716703868, 0.8924736095610118, 0.8832510085332962, 0.8820616222563245, 0.8923747035435268, 0.8572696358816964, 0.8538692365373883, 0.8602054850260417, 0.8410427565801711, 0.8409800356910342, 0.8481472051711308, 0.831159929547991, 0.8320791335332961, 0.8393810453869047, 0.858569568452381, 0.8259193638392857, 0.827602044968378, 0.8417363048735119, 0.8173995826357888, 0.8204979015531993, 0.8337773495628721, 0.8119441731770833, 0.8156151181175595, 0.8288357979910715, 0.8078420584542411, 0.8119697788783483, 0.8255974760509672, 0.8046070207868303, 0.8091756475539436, 0.8235050165085566, 0.8020183454241071, 0.8070412772042411, 0.7963134474981399, 0.7998568289620535, 0.8095151483444941, 0.7949662272135415, 0.7992466517857143, 0.8106308128720238, 0.7939903331938245, 0.7988840448288691, 0.7897120303199404, 0.7931168329148065, 0.8017736235119047, 0.7890947905040923, 0.7933287702287947, 0.8038986642020091, 0.7888335600353423, 0.7937769135974703, 0.7850767008463541, 0.7885377429780506, 0.7970037260509674, 0.784918474469866, 0.7892676362537202, 0.7997516741071428, 0.7851379103887649, 0.7902675083705356, 0.7815799095517114, 0.7851978410993303, 0.7938352748325892, 0.7817740013485862, 0.7863393729073659, 0.7788800920758928, 0.7821435546875, 0.7897204008556548, 0.7791777983165923, 0.7833798363095239, 0.7930123174758185, 0.7798913864862351, 0.7849576532273067, 0.7768106805710566, 0.7804354713076637, 0.7887840343656994, 0.7773910667782737, 0.7820238385881696, 0.7747462100074406, 0.7781019810267858, 0.7856756591796875, 0.7753733898344494, 0.779723161969866, 0.7730148751395088, 0.776194806780134, 0.7832552664620535, 0.773688470749628, 0.7778476388113841, 0.7715258498418899, 0.7745892043340774, 0.7813008916945684, 0.7722444661458333, 0.7762753441220238, 0.7702205694289436, 0.7732076590401785, 0.7796805536179315, 0.7709831891741071, 0.7749304489862352, 0.7833907354445685, 0.7722179594494047, 0.7771111769903274, 0.7697484770275298, 0.7733380417596726, 0.781182599748884, 0.7708017403738839, 0.7754743303571429, 0.7685125732421875, 0.7719715227399554, 0.7794486200241816, 0.7695808047340029, 0.774116472516741, 0.7674250139508928, 0.7708022925967262, 0.7780322265624999, 0.7685198974609375, 0.7729691569010417, 0.7664596412295387, 0.7697882661365328, 0.776855207170759, 0.7675863502139139, 0.7719861130487352, 0.765594220842634, 0.76889892578125, 0.7758648972284226, 0.7667570277622767, 0.7711355736142113, 0.7648128255208334, 0.7681127348400297, 0.7750258963448661, 0.7660154796781994, 0.7703957693917411, 0.7641040910993304, 0.7674147542317709, 0.7743136451357887, 0.7653503708612351, 0.7697508312406994, 0.7634597051711309, 0.766793939499628, 0.761941150483631, 0.7646105375744048, 0.7700772821335566, 0.762943609328497, 0.7665965053013393, 0.7614610072544643, 0.7642771693638393, 0.7699838983444941, 0.7625823393322172, 0.7663793364025299, 0.7610618373325894, 0.7639832996186756, 0.769893566313244, 0.7622562372116816, 0.7661849248976935, 0.7606939406622023, 0.7637153843470982, 0.7698203822544643, 0.7619564383370535, 0.766012689499628, 0.760352318173363, 0.7634712437220982, 0.7697660319010416, 0.7616813441685268, 0.7658627464657739, 0.7600355457124257, 0.7632506742931547, 0.7586796061197916, 0.7612839762369793, 0.7664874848865327, 0.7597795177641369, 0.7633589680989582, 0.7584278796968006, 0.761219714936756, 0.7667479015531994, 0.7596605282738095, 0.7634353783017113, 0.758245820545015, 0.7611803327287947, 0.7669927978515624, 0.7595643252418155, 0.763519054594494, 0.7580834670293899, 0.7611532738095238, 0.7568446277436754, 0.7593499174572172, 0.7642813546316964, 0.7579581124441965, 0.7614115106491816, 0.7567059907459077, 0.7594201078869047, 0.7647201392764137, 0.7579604666573662, 0.7616378638857887, 0.7566336204892113, 0.7595115734281994, 0.7651394217354911, 0.7579826136997768, 0.7618673560732887, 0.7565777587890624, 0.7596114095052083, 0.7553918747674851, 0.7578792608351934, 0.7627247256324404, 0.7565437534877232], "client_accs": {"T-shirt": [39.285714285714285, 91.0, 83.71428571428571, 80.14285714285714, 81.57142857142857, 82.42857142857143, 77.85714285714286, 78.85714285714286, 79.85714285714286, 80.42857142857143, 80.57142857142857, 80.57142857142857, 80.28571428571429, 80.14285714285714, 80.0, 79.71428571428571, 79.28571428571429, 78.57142857142857, 82.0, 81.14285714285714, 81.0, 80.42857142857143], "pullover": [20.0, 75.57142857142857, 75.71428571428571, 73.42857142857143, 78.71428571428571, 79.42857142857143, 74.0, 76.28571428571429, 76.57142857142857, 77.57142857142857, 78.0, 78.0, 78.28571428571429, 77.71428571428571, 77.57142857142857, 77.28571428571429, 77.57142857142857, 76.85714285714286, 81.57142857142857, 81.42857142857143, 80.71428571428571, 78.0], "shirt": [49.142857142857146, 54.42857142857143, 66.57142857142857, 72.28571428571429, 71.57142857142857, 71.57142857142857, 77.14285714285714, 76.57142857142857, 76.42857142857143, 76.42857142857143, 76.42857142857143, 76.14285714285714, 76.71428571428571, 77.0, 77.57142857142857, 77.85714285714286, 78.14285714285714, 78.57142857142857, 75.57142857142857, 75.85714285714286, 76.57142857142857, 78.0]}}