{"acc_dist": [81.85714285714286, 76.0, 71.85714285714286], "mean_curve": [25.19047619047619, 66.33333333333333, 69.42857142857143, 70.95238095238095, 71.52380952380952, 72.09523809523809, 73.14285714285715, 73.28571428571428, 73.76190476190476, 73.76190476190476, 74.0, 74.66666666666667, 75.19047619047619, 75.28571428571428, 75.47619047619047, 75.33333333333333, 75.47619047619048, 75.61904761904763, 76.14285714285715, 76.47619047619048, 76.52380952380953, 76.57142857142857], "var_curve": [8.84125559259061, 20.936032583024424, 22.050344375424842, 21.319191741431858, 20.225374153206367, 19.460874173139462, 18.331416102596403, 17.63692786427942, 15.749023653285496, 15.15109090315135, 13.866712454136858, 12.800049603078488, 11.08429871505343, 9.623525596056735, 8.881175791904582, 7.833586622044811, 6.969645881881006, 5.950285345393947, 4.966554808583779, 4.613398607536332, 4.109609335312651, 4.102430008274256], "train_loss": [1.123975859142485, 1.1017783319382441, 1.0804954892113094, 1.0605306570870534, 1.0420670572916666, 1.0252003406343004, 1.0099891880580356, 0.996433337983631, 0.9844580659412202, 0.973925548735119, 0.9646639288039435, 0.9564954485212054, 0.9492547316778275, 0.9427966599237352, 0.9369986688523064, 0.9317585972377231, 0.9269927397228424, 0.9226322428385417, 0.9186204892113095, 0.9149107142857144, 0.9114644368489583, 0.9082492792038691, 0.9052383858816965, 0.902408941359747, 0.8997414143880209, 0.8972194998604911, 0.8948287818545387, 0.8925572567894345, 0.8903938802083333, 0.8883295840308779, 0.8863562302362351, 0.8844664074125745, 0.8826536923363095, 0.8809125191824777, 0.879237816220238, 0.8776246425083706, 0.8760694231305802, 0.8745682779947916, 0.8731176467168899, 0.8717144775390624, 0.8703562709263393, 0.8690401931036087, 0.8677638753255207, 0.8665253702799479, 0.8653226579938617, 0.864153820219494, 0.8630171712239584, 0.8619110688709077, 0.8608341761997768, 0.8597851853143602, 0.8587625412713913, 0.8577654012044271, 0.8567923845563615, 0.8558425467354911, 0.8549149286179315, 0.854008556547619, 0.8531226893833704, 0.8522563534691221, 0.851408923921131, 0.8505793834867932, 0.8497672962007069, 0.8489719790504093, 0.848192879813058, 0.8474292282831101, 0.8466804867699033, 0.8459464082263765, 0.845226077125186, 0.8445193045479912, 0.8438255964006697, 0.8431443713960194, 0.8424754115513394, 0.8418182082403275, 0.8411723836263021, 0.8405375017438615, 0.8399134172712054, 0.8392996942429315, 0.8386959257579986, 0.8381019228980655, 0.8375174676804317, 0.8369420805431548, 0.8363758050827753, 0.8358180164155508, 0.8352685692196801, 0.8347271001906621, 0.8341935802641368, 0.8336678931826637, 0.8331497628348213, 0.8326389712379093, 0.8321354166666666, 0.8316389973958334, 0.8311494954427084, 0.830666750953311, 0.8301906767345609, 0.8297210838681176, 0.8292577834356399, 0.8288007027762276, 0.8283495657784599, 0.8279044741675966, 0.8274649919782368, 0.8270311773390997, 0.8266028849283854, 0.8261799839564731, 0.825762169247582, 0.8253495134626117, 0.8249418712797619, 0.8245389665876116, 0.8241410900297619, 0.8237476893833705, 0.8233586338588169, 0.8229742140997024, 0.8225940232049851, 0.8222178286597842, 0.8218458193824404, 0.8214778791155134, 0.8211137462797619, 0.8207533772786458, 0.8203966849190848, 0.8200433930896577, 0.8196937343052455, 0.8193473307291667, 0.8190041678292411, 0.8186642456054688, 0.8183273751395088, 0.8179934837704613, 0.8176624407087054, 0.8173341732933408, 0.8170086524600074, 0.8166856602260045, 0.8163651239304316, 0.816047130766369, 0.8157314918154762, 0.8154179164341518, 0.8151066662016367, 0.8147974795386905, 0.8144902983165924, 0.8141849481491814, 0.8138814581008185, 0.8135797119140625, 0.8132796514601934, 0.8129812476748511, 0.8126842971075149, 0.8123887416294643, 0.8120946684337799, 0.8118019321986608, 0.8115103294735864, 0.8112200637090773, 0.8109308733258928, 0.810642583937872, 0.8103554861886161, 0.8100692603701637, 0.8097840808686755, 0.8094996570405506, 0.8092160470145089, 0.8089333089192708, 0.8086512683686756, 0.8083699834914434, 0.8080892508370535, 0.8078093029203869, 0.8075299072265625, 0.8072510637555803, 0.8069729468936012, 0.8066952078683035, 0.8064181373232886, 0.8061415027436757, 0.8058653913225445, 0.8055898902529762, 0.8053147960844494, 0.8050401669456845, 0.8047661772228424, 0.8044926525297619, 0.8042195347377232, 0.8039469401041667, 0.8036749558221725, 0.8034035237630208, 0.8031326439267112, 0.8028621419270833, 0.8025923374720981, 0.8023231433686755, 0.8020545305524553, 0.8017865862165179, 0.8015191069103423, 0.8012524414062501, 0.8009864734468005, 0.8007209995814732, 0.8004563976469493, 0.8001925804501488, 0.7999294607979911, 0.7996670677548363, 0.7994056338355655, 0.799144984654018, 0.7988850330171132, 0.7986260405040922, 0.7983680071149554, 0.7981107293991815, 0.7978545561290923, 0.7975992547898065, 0.7973449416387649, 0.7970916166759673, 0.7968392508370535, 0.7965880185081845, 0.7963377453031993], "client_accs": {"T-shirt": [27.0, 88.85714285714286, 93.85714285714286, 94.71428571428571, 94.71428571428571, 94.42857142857143, 93.85714285714286, 93.14285714285714, 92.0, 91.42857142857143, 90.14285714285714, 89.71428571428571, 88.57142857142857, 87.14285714285714, 86.71428571428571, 85.28571428571429, 84.42857142857143, 83.0, 82.42857142857143, 82.28571428571429, 81.85714285714286, 81.85714285714286], "pullover": [13.571428571428571, 71.71428571428571, 74.0, 75.14285714285714, 74.42857142857143, 74.85714285714286, 76.28571428571429, 76.42857142857143, 75.71428571428571, 75.42857142857143, 75.57142857142857, 75.85714285714286, 75.57142857142857, 75.14285714285714, 74.71428571428571, 74.57142857142857, 74.57142857142857, 75.42857142857143, 75.71428571428571, 76.14285714285714, 75.85714285714286, 76.0], "shirt": [35.0, 38.42857142857143, 40.42857142857143, 43.0, 45.42857142857143, 47.0, 49.285714285714285, 50.285714285714285, 53.57142857142857, 54.42857142857143, 56.285714285714285, 58.42857142857143, 61.42857142857143, 63.57142857142857, 65.0, 66.14285714285714, 67.42857142857143, 68.42857142857143, 70.28571428571429, 71.0, 71.85714285714286, 71.85714285714286]}}