{"acc_dist": [82.0, 82.42857142857143, 79.28571428571429], "mean_curve": [38.476190476190474, 73.85714285714286, 76.04761904761905, 77.61904761904763, 77.85714285714285, 78.23809523809524, 78.80952380952381, 79.14285714285715, 79.33333333333333, 79.57142857142857, 79.85714285714285, 80.19047619047619, 80.19047619047619, 80.57142857142857, 80.33333333333334, 80.47619047619047, 80.80952380952381, 80.90476190476191, 81.28571428571429, 81.14285714285715, 81.28571428571428, 81.23809523809524], "var_curve": [12.896412691809314, 12.637811745483695, 6.483189495282859, 7.014400477514595, 2.733018067101284, 3.4153183003887793, 3.8638976714477713, 4.011887099014395, 4.167142829935084, 4.174754056057847, 4.174754056057845, 3.988646017404177, 3.7874359666948907, 3.559026084010437, 3.1737300386574545, 2.5617100297738578, 1.6835875742536837, 0.7499055118106472, 4.145319465299116, 3.442432299414822, 2.8499910490371394, 1.3915846853526128], "train_loss": [1.0864107549758184, 0.9393786039806548, 0.9342008754185267, 0.8820751517159598, 0.8739901588076636, 0.8763647751581102, 0.8907786051432293, 0.853593488420759, 0.8514142426990327, 0.861173095703125, 0.838094947451637, 0.8392451695033483, 0.8492901901971726, 0.8287368629092263, 0.8306528727213541, 0.8410054524739583, 0.8217350551060267, 0.8242589169456845, 0.8351073928106398, 0.8162886846633185, 0.8193594215029761, 0.8308523995535714, 0.8119235956101191, 0.8155079578218006, 0.8278121221633183, 0.8083689662388392, 0.8124577113560267, 0.8257223074776786, 0.8054686337425595, 0.8100700160435267, 0.7997496396019345, 0.8030790201822917, 0.8122703624906994, 0.7982039097377233, 0.8022743152436757, 0.8132409377325148, 0.797031482514881, 0.8017336890811011, 0.8144703892299107, 0.7961273193359375, 0.8014518229166666, 0.7912218656994048, 0.7949967157273066, 0.8045945812406994, 0.7907525634765625, 0.7954005068824405, 0.7871540178571429, 0.7904530261811756, 0.7984570893787203, 0.7869701276506696, 0.7911706542968749, 0.8012055024646577, 0.7871875871930804, 0.7921893891834078, 0.7836704217819941, 0.7872398739769345, 0.7956864129929316, 0.7838880557105655, 0.7884186372302827, 0.7809849911644345, 0.7842551385788691, 0.7917768205915179, 0.7813237072172617, 0.785551292782738, 0.7951489839099702, 0.7821084740048363, 0.7872230166480655, 0.7789737955729166, 0.7826726713634672, 0.7910997081938245, 0.779643060593378, 0.7843780808221726, 0.7769310360863094, 0.7803946649460566, 0.7881173851376487, 0.777661626906622, 0.7821552385602678, 0.7752274286179316, 0.778543672107515, 0.7858090645926339, 0.7760191708519345, 0.780357433500744, 0.7737731642950149, 0.7769985816592263, 0.7839644659133184, 0.7746241978236608, 0.7788669840494792, 0.7725091843377977, 0.775683128720238, 0.7824566941034226, 0.7734189278738839, 0.7776093110584078, 0.7713962518601191, 0.7745475260416667, 0.7812049502418156, 0.7723646182105655, 0.7765351213727678, 0.7704065522693453, 0.7735568091982886, 0.7801551164899553, 0.7714337739490328, 0.775609392438616, 0.7695201183500743, 0.7726861572265626, 0.7792687406994047, 0.770606689453125, 0.7748072160993305, 0.7687214878627232, 0.7719167073567709, 0.7785178048270089, 0.7698677571614584, 0.7741093226841519, 0.7679986572265625, 0.7712340146019345, 0.7778816150483632, 0.7692054094587052, 0.7735015869140626, 0.7673424130394345, 0.7706271216982886, 0.7773449125744047, 0.7686111014229912, 0.7729738653273809, 0.7667465064639137, 0.7700890531994048, 0.7768975248790921, 0.7680798049200148, 0.7725194440569196, 0.766207042875744, 0.7696144903273808, 0.7646878197079614, 0.7674419584728422, 0.7729604085286459, 0.7657906668526785, 0.769549793061756, 0.7642925153459821, 0.7672252255394345, 0.7730447533017113, 0.7655325462704613, 0.7694768996465774, 0.7639789399646578, 0.7670495605468751, 0.7731366257440476, 0.7653113374255952, 0.7694277808779763, 0.7636985851469493, 0.7669004313151041, 0.7623580206008184, 0.7649745977492559, 0.7701103864397322, 0.7634910946800595, 0.7670804559616816, 0.7621411423456101, 0.7649710809616815, 0.7704812186104911, 0.7634228806268601, 0.7672428094773065, 0.7619968087332589, 0.7649974423363095, 0.7708447846912203, 0.7633822486514137, 0.7674171084449405, 0.7618767438616071, 0.7650393822079612, 0.7606088402157738, 0.7632097807384673, 0.7682464890252976, 0.7618035598028273, 0.7653759765625, 0.7605141775948661, 0.7633484468005952, 0.7687979271298363, 0.7618662225632441, 0.7656957426525297, 0.7604901704334077, 0.7635146077473959, 0.7593174235026042, 0.7618194870721725, 0.7666108921595982, 0.760504906063988, 0.7639503696986608, 0.7592997523716519, 0.7620496768043155, 0.7672813488188245, 0.7606507800874257, 0.7643736049107143, 0.7593525041852679, 0.7623080299014138, 0.7582368977864583, 0.7606920805431548, 0.7653532191685267, 0.7594352794828869, 0.7628197370256696, 0.758280988420759, 0.7609938557942707, 0.7661126999627976, 0.7596475655691964, 0.7633231608072917, 0.7583958798363094, 0.7613250732421876, 0.7573140752883184, 0.7597545514787947], "client_accs": {"T-shirt": [56.714285714285715, 90.0, 85.0, 85.85714285714286, 81.71428571428571, 82.71428571428571, 83.28571428571429, 83.28571428571429, 83.28571428571429, 83.14285714285714, 83.42857142857143, 83.42857142857143, 83.28571428571429, 83.57142857142857, 82.85714285714286, 82.42857142857143, 82.0, 81.57142857142857, 84.42857142857143, 83.85714285714286, 83.71428571428571, 82.0], "pullover": [29.285714285714285, 72.42857142857143, 73.28571428571429, 78.28571428571429, 75.71428571428571, 77.57142857142857, 79.28571428571429, 80.42857142857143, 81.14285714285714, 81.85714285714286, 82.14285714285714, 82.57142857142857, 82.42857142857143, 82.57142857142857, 82.28571428571429, 82.14285714285714, 82.0, 81.28571428571429, 84.0, 83.28571428571429, 82.85714285714286, 82.42857142857143], "shirt": [29.428571428571427, 59.142857142857146, 69.85714285714286, 68.71428571428571, 76.14285714285714, 74.42857142857143, 73.85714285714286, 73.71428571428571, 73.57142857142857, 73.71428571428571, 74.0, 74.57142857142857, 74.85714285714286, 75.57142857142857, 75.85714285714286, 76.85714285714286, 78.42857142857143, 79.85714285714286, 75.42857142857143, 76.28571428571429, 77.28571428571429, 79.28571428571429]}}