{"acc_dist": [78.57142857142857, 68.57142857142857, 75.0], "mean_curve": [27.76190476190476, 56.0, 65.61904761904762, 67.28571428571428, 69.3809523809524, 70.04761904761904, 70.57142857142857, 71.3809523809524, 71.28571428571429, 72.0, 71.85714285714285, 72.52380952380952, 72.9047619047619, 72.9047619047619, 72.95238095238095, 73.19047619047619, 73.42857142857143, 74.04761904761905, 74.28571428571429, 73.95238095238096, 74.33333333333333, 74.04761904761905], "var_curve": [18.10488464676211, 4.750939756661685, 10.77306627270527, 12.71722812394519, 12.27814458569047, 11.440668201153674, 10.309496315810696, 9.675928005439062, 9.038090220280608, 8.43784800239757, 7.941966376910242, 7.0530866821578, 6.592443967173131, 5.890535858341982, 5.605310083642726, 5.407645549172724, 5.0318712117021125, 4.666180732717652, 4.500944723206512, 4.349264279535404, 4.144225280387543, 4.137654094519706], "train_loss": [1.1456990850539432, 1.1331869070870537, 1.1207960146949405, 1.1083892240978424, 1.0957967994326638, 1.082837175641741, 1.0693495396205357, 1.0552540225074405, 1.0406339808872769, 1.025806855701265, 1.016820068359375, 1.0089264497302828, 1.0021238490513393, 0.9963749476841518, 0.9824974714006697, 0.9782584635416667, 0.9749017333984376, 0.9627170817057292, 0.9604334949311756, 0.950073503766741, 0.9485471888950894, 0.9476157342819941, 0.938148949032738, 0.9376690092540922, 0.9294554792131696, 0.9292801339285713, 0.9220547049386161, 0.9220891462053572, 0.922528570265997, 0.9154600016276042, 0.9160081554594495, 0.909689708891369, 0.9103066871279761, 0.904596441359747, 0.9052572486514138, 0.9062611025855656, 0.9004489571707589, 0.9014481026785713, 0.8961545526413689, 0.8971415492466518, 0.8922787039620536, 0.8932502673921131, 0.8945368884858631, 0.8894752720424107, 0.8907145763578869, 0.886048322405134, 0.8872438557942708, 0.8829108247302827, 0.8840661621093749, 0.8855189732142857, 0.8809472946893601, 0.8823354957217262, 0.878084745861235, 0.8794154866536458, 0.875437999906994, 0.8767176455543155, 0.8729763648623511, 0.8742104085286458, 0.8757213774181548, 0.8717209879557292, 0.8731652541387649, 0.8694067673456102, 0.8707921491350445, 0.8672429838634673, 0.8685763113839285, 0.8652105131603424, 0.8664974248976934, 0.8680452183314732, 0.8644187418619792, 0.8659012567429315, 0.8624700055803571, 0.8638947695777531, 0.8606338646298363, 0.8620073881603423, 0.858897443498884, 0.8602249872116815, 0.8618017578125, 0.8584345935639881, 0.8599483235677083, 0.8567459251767113, 0.8582036190941221, 0.8551459612165179, 0.856553460984003, 0.8536247326078868, 0.854987327938988, 0.8521746535528273, 0.8534964134579613, 0.8550527518136161, 0.8519921293712799, 0.853491705031622, 0.8505624825613839, 0.8520113118489583, 0.8491991606212798, 0.8506023297991071, 0.8478953624906994, 0.8492571149553573, 0.8466457403273809, 0.8479698253813245, 0.8495166887555804, 0.8466674514043898, 0.8481619989304315, 0.8454233514694941, 0.8468707275390625, 0.844231189546131, 0.845636015392485, 0.8430862281436012, 0.8444523111979167, 0.8419844273158482, 0.8433148774646577, 0.844859357561384, 0.8421624174572173, 0.8436578369140625, 0.8410571579706101, 0.8425082252139138, 0.8399942161923363, 0.8414048258463542, 0.8389696974981399, 0.8403436569940476, 0.8379807535807292, 0.839320794968378, 0.8370247395833333, 0.8383333623976935, 0.8398450869605654, 0.8373314267113096, 0.838799060639881, 0.8363659667968749, 0.8377935500372024, 0.8354336111886161, 0.8368246605282739, 0.8345316278366814, 0.8358890497116814, 0.8336577497209822, 0.8349842761811757, 0.8328103492373512, 0.834107869466146, 0.8355998011997768, 0.8332182384672618, 0.8346693347749256, 0.8323581077938988, 0.8337721761067708, 0.8315248616536458, 0.8329048665364583, 0.8307163492838541, 0.8320651390438988, 0.8299310302734374, 0.8312507847377232, 0.8291675385974703, 0.830460205078125, 0.8284247116815476, 0.8296918596540178, 0.8311429559616815, 0.828911597842262, 0.8303262765066964, 0.8281545293898809, 0.8295358421688989, 0.8274186488560268, 0.8287693859281994, 0.8267026192801339, 0.8280249604724702, 0.8260051908947172, 0.8273010544549851, 0.8253254045758928, 0.8265965343656995, 0.8246623011997768, 0.8259100632440477, 0.827333228701637, 0.8252131870814733, 0.8266028994605654, 0.8245352027529762, 0.8258943103608631, 0.8238746861049107, 0.8252052525111607, 0.8232304454985119, 0.8245347086588541, 0.8226016090029762, 0.8238812546502977, 0.8219873918805803, 0.8232439604259673, 0.8213872709728424, 0.8226219831194196, 0.8208003452845981, 0.822014654250372, 0.8233946591331845, 0.8213981410435268, 0.8227480352492561, 0.8207966831752231, 0.8221191696893602, 0.8202094087146578, 0.8215061732700892, 0.8196353004092262, 0.8209080578031994, 0.8190736897786458, 0.8203239222935267, 0.8185240246000743, 0.8197531854538691, 0.8179857235863096, 0.8191949462890625, 0.8174585542224703, 0.8186489722842262, 0.8169422258649552, 0.8181143624441964], "client_accs": {"T-shirt": [2.2857142857142856, 56.714285714285715, 80.28571428571429, 84.14285714285714, 86.42857142857143, 85.71428571428571, 84.28571428571429, 84.42857142857143, 83.0, 83.28571428571429, 81.85714285714286, 81.71428571428571, 81.71428571428571, 80.14285714285714, 80.0, 79.28571428571429, 79.28571428571429, 79.71428571428571, 80.0, 78.85714285714286, 79.28571428571429, 78.57142857142857], "pullover": [38.285714285714285, 61.42857142857143, 54.714285714285715, 53.42857142857143, 58.0, 58.714285714285715, 59.42857142857143, 61.285714285714285, 61.0, 63.0, 62.42857142857143, 64.57142857142857, 65.85714285714286, 65.71428571428571, 66.28571428571429, 66.14285714285714, 67.0, 68.28571428571429, 69.0, 68.28571428571429, 69.14285714285714, 68.57142857142857], "shirt": [42.714285714285715, 49.857142857142854, 61.857142857142854, 64.28571428571429, 63.714285714285715, 65.71428571428571, 68.0, 68.42857142857143, 69.85714285714286, 69.71428571428571, 71.28571428571429, 71.28571428571429, 71.14285714285714, 72.85714285714286, 72.57142857142857, 74.14285714285714, 74.0, 74.14285714285714, 73.85714285714286, 74.71428571428571, 74.57142857142857, 75.0]}}