{"acc_dist": [94.14285714285714, 82.57142857142857, 49.42857142857143], "mean_curve": [27.76190476190476, 57.238095238095234, 64.47619047619047, 66.47619047619047, 67.95238095238095, 69.57142857142857, 70.76190476190476, 71.66666666666667, 72.28571428571429, 72.33333333333334, 72.90476190476191, 73.38095238095238, 73.6190476190476, 74.0, 74.04761904761905, 74.28571428571429, 74.33333333333333, 74.52380952380953, 74.80952380952381, 74.9047619047619, 75.3809523809524, 75.3809523809524], "var_curve": [18.10488464676211, 17.181438067256096, 28.394052585395805, 29.739076959661986, 29.253834758413507, 27.36028205288837, 25.518389616446807, 24.30456784517243, 23.33984360101258, 22.93627176239148, 22.06987460497601, 21.55497112142235, 21.229017919208108, 21.124509413455822, 20.947077250811724, 20.48028751924026, 20.330712444002685, 20.06938079143136, 19.76127365601561, 19.518466167758934, 18.94938957009869, 18.94938957009869], "train_loss": [1.06474118187314, 1.0496522449311756, 1.0351668584914435, 1.0208102271670387, 1.0061380440848213, 0.9909343610491071, 0.9753899274553571, 0.960172613234747, 0.9462510753813245, 0.9344727725074403, 0.9251671200706845, 0.9180898030598957, 0.9126909819103423, 0.9084207007998512, 0.9048742094494048, 0.9017971656436012, 0.8990401495070683, 0.8965144275483632, 0.894166724795387, 0.8919614955357144, 0.8898747035435268, 0.887887922014509, 0.8859875488281249, 0.8841621180943081, 0.8824024309430804, 0.8807012067522321, 0.8790516299293154, 0.8774487595331101, 0.8758881777808779, 0.8743660917736236, 0.872879653204055, 0.8714263916015624, 0.8700044323149182, 0.8686122349330357, 0.8672488112676712, 0.8659129260835193, 0.864604259672619, 0.8633222888764882, 0.8620668683733258, 0.8608375912620909, 0.8596347045898437, 0.8584578886486236, 0.8573073178245908, 0.8561828758603051, 0.855084475562686, 0.8540120588030135, 0.8529654947916666, 0.851944536481585, 0.8509490676153275, 0.8499785795665923, 0.8490328688848586, 0.8481114414760045, 0.8472136143275669, 0.8463390386672248, 0.845487322126116, 0.8446574619838169, 0.8438491240001861, 0.8430616251627604, 0.842294195265997, 0.8415460495721727, 0.8408167957124255, 0.8401056489490327, 0.8394120425269717, 0.8387350173223586, 0.8380742826915922, 0.8374290538969493, 0.8367988804408483, 0.8361828177315848, 0.8355806187220982, 0.8349917457217262, 0.8344155302501859, 0.8338517107282367, 0.8332995024181548, 0.8327586292085193, 0.8322286696661086, 0.8317092750186011, 0.8311997767857143, 0.8307001023065478, 0.8302096266973585, 0.829728480747768, 0.8292559233165923, 0.8287916928245909, 0.8283355131603423, 0.8278872535342262, 0.8274464779808408, 0.8270131138392859, 0.8265868559337797, 0.8261674136207219, 0.8257547287713914, 0.8253483944847471, 0.8249483380998884, 0.8245543416341145, 0.8241660999116444, 0.8237838309151786, 0.8234069533575149, 0.8230354963030134, 0.8226693289620535, 0.8223081897553944, 0.821952136811756, 0.8216007486979167, 0.8212541998000372, 0.8209122866675967, 0.8205748494466146, 0.8202417718796503, 0.8199129086449033, 0.8195882016136533, 0.8192675199962798, 0.8189509073893229, 0.8186381312779017, 0.8183291625976562, 0.8180237978980655, 0.81772215343657, 0.8174240112304686, 0.817129167829241, 0.8168380010695685, 0.8165498570033481, 0.8162651279994421, 0.8159835088820685, 0.8157050432477678, 0.8154296293712798, 0.8151571073986235, 0.814887462797619, 0.8146207972935269, 0.814356921968006, 0.8140957205636162, 0.8138372221447172, 0.8135814267113096, 0.8133281744094122, 0.8130774507068453, 0.8128292846679687, 0.8125834873744419, 0.8123402622767858, 0.812099144345238, 0.8118605404808408, 0.8116240728469122, 0.8113898431687128, 0.8111578514462425, 0.8109280250186012, 0.8107003202892485, 0.8104746500651041, 0.8102510870070686, 0.8100294421968006, 0.8098099190848215, 0.8095922270275299, 0.8093764386858259, 0.8091625104631697, 0.8089504859561011, 0.8087403070359004, 0.808531784784226, 0.8083250935872396, 0.8081202189127604, 0.8079169427780878, 0.8077152942475818, 0.8075154622395834, 0.8073170979817709, 0.8071204339890253, 0.8069253104073661, 0.8067316109793526, 0.8065396844773066, 0.8063490658714657, 0.8061599150158111, 0.8059723626999628, 0.8057861037481399, 0.805601312546503, 0.8054178728376117, 0.8052360026041668, 0.8050552658807663, 0.8048759533110119, 0.8046979050409226, 0.8045212809244792, 0.8043457467215402, 0.8041716948009673, 0.8039986891973587, 0.8038270060221354, 0.8036563836960565, 0.8034871709914434, 0.8033189464750744, 0.8031520879836309, 0.8029861450195312, 0.8028214663550967, 0.8026579212007068, 0.8024954368954612, 0.8023340134393601, 0.8021736508324032, 0.802014392671131, 0.8018561372302827, 0.801698957170759, 0.801542721702939, 0.8013875761486234, 0.8012333897181919, 0.8010801624116444, 0.8009278796968006, 0.8007765851702008, 0.8006262788318453, 0.8004768444242932, 0.8003282238188243, 0.8001806640624999, 0.8000340634300596, 0.799888189406622, 0.7997432018461682, 0.799599144345238], "client_accs": {"T-shirt": [2.2857142857142856, 66.57142857142857, 91.14285714285714, 94.42857142857143, 95.42857142857143, 95.42857142857143, 95.28571428571429, 95.0, 94.85714285714286, 94.85714285714286, 94.85714285714286, 94.71428571428571, 94.71428571428571, 94.71428571428571, 94.57142857142857, 94.28571428571429, 94.28571428571429, 94.28571428571429, 94.28571428571429, 94.14285714285714, 94.14285714285714, 94.14285714285714], "pullover": [38.285714285714285, 72.0, 77.14285714285714, 79.71428571428571, 81.0, 81.57142857142857, 81.42857142857143, 81.85714285714286, 81.85714285714286, 81.28571428571429, 81.14285714285714, 81.57142857142857, 81.57142857142857, 82.28571428571429, 82.28571428571429, 82.42857142857143, 82.28571428571429, 82.28571428571429, 82.42857142857143, 82.42857142857143, 82.57142857142857, 82.57142857142857], "shirt": [42.714285714285715, 33.142857142857146, 25.142857142857142, 25.285714285714285, 27.428571428571427, 31.714285714285715, 35.57142857142857, 38.142857142857146, 40.142857142857146, 40.857142857142854, 42.714285714285715, 43.857142857142854, 44.57142857142857, 45.0, 45.285714285714285, 46.142857142857146, 46.42857142857143, 47.0, 47.714285714285715, 48.142857142857146, 49.42857142857143, 49.42857142857143]}}