{"acc_dist": [84.0, 76.42857142857143, 73.42857142857143], "mean_curve": [38.476190476190474, 68.38095238095238, 70.19047619047619, 70.80952380952381, 71.3809523809524, 72.23809523809523, 72.76190476190477, 73.42857142857143, 74.28571428571429, 74.80952380952381, 75.33333333333333, 76.04761904761905, 76.19047619047619, 76.09523809523809, 76.47619047619048, 76.42857142857143, 77.04761904761905, 77.33333333333333, 77.61904761904762, 77.95238095238095, 78.0, 77.95238095238096], "var_curve": [12.896412691809314, 20.419522915576977, 19.479391982763232, 19.074623714277298, 18.202314771439063, 17.32535138037652, 16.400735562288876, 15.301504972445313, 13.904924982735803, 12.62237152988886, 11.407321514141003, 9.918260033199768, 8.815827860256686, 7.668588933814854, 6.436855332844116, 6.0418044788410885, 5.401351976552091, 5.08075377841872, 4.82951995943166, 4.586779780285347, 4.4000618424843845, 4.448241008821616], "train_loss": [1.0864107549758184, 1.0653719947451636, 1.0461315046037947, 1.0287770298549106, 1.0132550920758927, 0.9994608561197916, 0.9872644624255953, 0.9765146600632439, 0.9670455496651785, 0.9586880929129463, 0.9512829008556548, 0.9446870640345981, 0.9387775530133929, 0.9334506080264138, 0.9286194428943452, 0.9242124720982142, 0.9201703462146577, 0.9164444405691965, 0.9129933675130207, 0.9097834123883929, 0.9067858014787946, 0.9039764113653274, 0.9013346644810268, 0.898843035016741, 0.8964866129557292, 0.8942520577566965, 0.8921283540271577, 0.8901053873697918, 0.888174816313244, 0.8863287353515625, 0.8845606050037201, 0.8828644089471727, 0.8812347121465774, 0.8796669514973958, 0.8781566220238095, 0.8767000325520833, 0.8752936081659226, 0.8739340500604539, 0.872618873232887, 0.8713449242001489, 0.8701102701822917, 0.8689123389834449, 0.867749502999442, 0.8666196986607143, 0.865520964122954, 0.8644520205543156, 0.8634112984793526, 0.8623975626627605, 0.8614092726934524, 0.8604453822544643, 0.8595047723679315, 0.8585864839099703, 0.8576895286923363, 0.8568128458658855, 0.8559557814825149, 0.8551173328218006, 0.8542968604678199, 0.8534938412620908, 0.8527070980980284, 0.8519364856538317, 0.8511811029343378, 0.8504405866350447, 0.8497142537434895, 0.8490016537620907, 0.8483023216610862, 0.8476157197498139, 0.8469412812732515, 0.8462786865234375, 0.8456276012602307, 0.8449876476469494, 0.8443586077008929, 0.8437401035853794, 0.8431319463820685, 0.842533685593378, 0.841945306687128, 0.8413661847795759, 0.8407964506603424, 0.8402353777204241, 0.839683111281622, 0.8391393316359747, 0.83860350109282, 0.8380759538922992, 0.8375560215541294, 0.8370436314174107, 0.8365387108212426, 0.8360408383324033, 0.8355501302083334, 0.8350661068870907, 0.8345888119652157, 0.8341180274600074, 0.8336536516462054, 0.8331954084123884, 0.832743181501116, 0.8322968255905878, 0.831856442406064, 0.8314216250465031, 0.8309923735119048, 0.8305685570126489, 0.8301499430338541, 0.8297366768973214, 0.8293283226376488, 0.8289250255766368, 0.8285264660063243, 0.8281326729910714, 0.827743384951637, 0.8273585146949404, 0.8269778006417411, 0.8266012427920386, 0.8262285505022321, 0.8258596947079613, 0.8254943557012648, 0.8251324462890626, 0.8247737920851935, 0.8244181605747768, 0.8240653773716518, 0.8237152971540179, 0.8233678327287947, 0.82302249000186, 0.8226795596168155, 0.8223384602864584, 0.821999279203869, 0.8216619001116072, 0.8213259451729912, 0.8209915597098214, 0.8206583949497768, 0.8203263927641369, 0.8199954078311013, 0.8196653820219494, 0.8193362281436012, 0.8190080043247768, 0.8186801292782738, 0.8183528936476935, 0.8180262683686755, 0.8177000499906995, 0.8173741513206845, 0.8170485723586309, 0.8167233131045387, 0.8163983444940476, 0.8160735502697173, 0.8157487560453869, 0.8154243105933779, 0.8150998942057291, 0.8147755650111607, 0.8144515264601934, 0.8141275460379465, 0.8138036528087799, 0.8134799630301339, 0.8131564476376488, 0.8128330775669642, 0.8125099109468006, 0.8121869477771577, 0.8118642461867559, 0.8115418643043154, 0.8112198021298362, 0.8108981177920387, 0.8105768403552828, 0.8102559698195685, 0.8099357096354166, 0.8096157110305059, 0.8092964390345982, 0.808977806454613, 0.8086597260974703, 0.808342517671131, 0.8080259486607142, 0.8077102225167412, 0.807395252046131, 0.8063854108537947, 0.8061813499813989, 0.8059617106119793, 0.8057289050874257, 0.8054851713634673, 0.8052330089750744, 0.8049741036551339, 0.8047099086216517, 0.8044415573846727, 0.8034839739118304, 0.8033167085193452, 0.8031316848028274, 0.8029316638764881, 0.802719232468378, 0.8024968610491071, 0.8022662062872024, 0.802029273623512, 0.8011124383835565, 0.8009705752418155, 0.8008100237165179, 0.8006336611793156, 0.8004440743582588, 0.8002436465308781, 0.8000344122023809, 0.7998179989769345, 0.7989349365234375, 0.7988108898344494, 0.7986680094401041, 0.7985088239397321, 0.7983360944475445, 0.7981523786272321, 0.7979596237909226, 0.7971087065197172, 0.7970032610212053, 0.7968784295944941], "client_accs": {"T-shirt": [56.714285714285715, 93.0, 94.0, 94.42857142857143, 94.0, 93.71428571428571, 93.28571428571429, 92.71428571428571, 92.28571428571429, 91.42857142857143, 90.42857142857143, 89.42857142857143, 88.14285714285714, 86.57142857142857, 85.42857142857143, 84.85714285714286, 84.57142857142857, 84.28571428571429, 84.28571428571429, 84.28571428571429, 84.0, 84.0], "pullover": [29.285714285714285, 69.14285714285714, 70.28571428571429, 70.28571428571429, 70.71428571428571, 71.71428571428571, 71.85714285714286, 72.28571428571429, 72.14285714285714, 72.14285714285714, 72.71428571428571, 73.0, 73.28571428571429, 73.28571428571429, 73.42857142857143, 73.42857142857143, 74.42857142857143, 75.42857142857143, 75.57142857142857, 76.0, 76.42857142857143, 76.42857142857143], "shirt": [29.428571428571427, 43.0, 46.285714285714285, 47.714285714285715, 49.42857142857143, 51.285714285714285, 53.142857142857146, 55.285714285714285, 58.42857142857143, 60.857142857142854, 62.857142857142854, 65.71428571428571, 67.14285714285714, 68.42857142857143, 70.57142857142857, 71.0, 72.14285714285714, 72.28571428571429, 73.0, 73.57142857142857, 73.57142857142857, 73.42857142857143]}}