{"acc_dist": [93.57142857142857, 84.57142857142857, 47.0], "mean_curve": [25.19047619047619, 64.9047619047619, 66.52380952380953, 68.52380952380953, 70.61904761904762, 71.33333333333333, 72.38095238095237, 72.85714285714286, 73.09523809523809, 73.42857142857143, 73.52380952380953, 73.76190476190476, 73.95238095238096, 74.09523809523809, 74.04761904761905, 74.23809523809524, 74.38095238095238, 74.61904761904762, 74.76190476190477, 75.04761904761905, 75.04761904761905, 75.04761904761905], "var_curve": [8.84125559259061, 27.17775534306556, 30.242631830668298, 28.709270666845967, 27.096786297721714, 26.455541793922446, 25.155390094245227, 24.646342058625013, 24.35796907782691, 23.87296310362287, 23.54250269420344, 23.146188276820695, 22.68276739086165, 22.46276838946662, 22.30930782026868, 21.93445192855057, 21.605407906208363, 21.184750430289487, 20.787336979151693, 20.39018482476823, 20.170138004490237, 20.170138004490237], "train_loss": [1.0156466820126488, 0.992146257672991, 0.9718734886532738, 0.9549875023251487, 0.941310541062128, 0.9304192824590775, 0.9217861793154762, 0.9148962402343751, 0.9093119012741816, 0.9046914818173363, 0.9007808140345982, 0.8973959786551339, 0.8944054013206845, 0.8917147681826637, 0.8892563011532738, 0.8869804309663318, 0.884850565592448, 0.8828394135974702, 0.8809258451915923, 0.8790940348307291, 0.8773312959216891, 0.8756278628394719, 0.873976338704427, 0.8723701404389882, 0.8708047630673362, 0.8692766026088169, 0.867782709030878, 0.8663206699916294, 0.8648891630626859, 0.8634867786225818, 0.8621128627232143, 0.8607667614164806, 0.8594481404622396, 0.8581571742466517, 0.856893281482515, 0.8556569126674107, 0.854448024204799, 0.8532664853050594, 0.8521124848865327, 0.8509859357561385, 0.8498868524460566, 0.848814915248326, 0.8477699643089657, 0.8467518252418156, 0.8457600911458333, 0.8447941516694568, 0.8438535708472842, 0.8429379563104539, 0.8420465669177828, 0.8411787632533483, 0.8403339349655878, 0.8395111374627975, 0.838709949311756, 0.8379295567103795, 0.8371691022600446, 0.8364281790597099, 0.8357056390671502, 0.8350010899135044, 0.8343136887323289, 0.833642854236421, 0.8329879034133185, 0.8323481968470983, 0.8317232113792782, 0.8311121768043156, 0.8305148024786085, 0.8299302600678944, 0.8293582589285714, 0.8287981887090773, 0.8282495262509301, 0.8277120535714286, 0.8271852039155506, 0.8266685849144345, 0.8261618332635788, 0.8256644839332217, 0.8251763625372024, 0.824697047642299, 0.8242262195405505, 0.8237636893136161, 0.823308832077753, 0.8228618658156622, 0.8224222819010416, 0.8219897896902902, 0.8215643165225074, 0.821145528157552, 0.8207332211449033, 0.8203271048409598, 0.8199272955031622, 0.8195332409086683, 0.8191449555896577, 0.8187623814174106, 0.8183851986839658, 0.8180131167457216, 0.8176463971819197, 0.8172844877697173, 0.8169276210239955, 0.8165752447219123, 0.8162275768461682, 0.8158844720749627, 0.815545654296875, 0.8152110508510045, 0.814880603608631, 0.8145541963123141, 0.8142317417689732, 0.8139132109142485, 0.8135984148297991, 0.813287353515625, 0.8129797944568452, 0.8126757376534598, 0.8123751104445684, 0.8120779564267112, 0.8117839122953869, 0.8114932396298363, 0.8112056041899182, 0.8109210931687129, 0.8106394885835194, 0.8103609212239583, 0.8100852457682292, 0.8098122878301711, 0.8095421781994047, 0.8092748587472097, 0.809010024297805, 0.8087479945591518, 0.8084883916945685, 0.8082312883649553, 0.8079767572312129, 0.80772456577846, 0.807474626813616, 0.8072271873837426, 0.806981927780878, 0.8067389206659227, 0.8064982241675968, 0.8062595767066592, 0.8060231236049108, 0.8057887195405508, 0.8055563645135789, 0.8053259713309151, 0.8050976562500001, 0.8048712158203125, 0.8046466500418527, 0.8044240315755209, 0.8042033313569568, 0.8039843895321801, 0.8037671915690104, 0.8035517955961682, 0.803338128952753, 0.8031262933640253, 0.802916012718564, 0.8027073160807291, 0.8025003487723215, 0.8022949509393601, 0.8020912097749257, 0.801888936360677, 0.801688232421875, 0.8014891560872396, 0.8012913731166295, 0.801095217750186, 0.8009004720052083, 0.8007070632207962, 0.80051515125093, 0.8003245617094494, 0.8001354544503347, 0.7999476114908854, 0.7997610182989211, 0.7995759364536831, 0.7993920026506697, 0.7992093331473215, 0.7990279860723586, 0.798847888764881, 0.798668954031808, 0.7984913126627604, 0.7983148484002976, 0.7981395903087799, 0.7979654221307664, 0.7977925037202381, 0.7976206606910342, 0.7974499221075148, 0.7972804914202009, 0.7971119326636904, 0.7969443911597843, 0.7967781720842634, 0.7966129411969867, 0.7964486258370536, 0.7962854585193452, 0.7961233375186012, 0.7959621756417411, 0.795801987420945, 0.7956428019205729, 0.7954846627371651, 0.795327395484561, 0.7951711454845611, 0.795015854608445, 0.7948615664527531, 0.794708019438244, 0.7945554460797991, 0.7944038609095981, 0.7942532203311011, 0.7941033063616071, 0.7939542788550967, 0.7938062686011905, 0.7936591157459078, 0.7935126749674479], "client_accs": {"T-shirt": [27.0, 93.0, 95.71428571428571, 95.85714285714286, 96.28571428571429, 96.28571428571429, 96.14285714285714, 96.0, 95.71428571428571, 95.57142857142857, 95.42857142857143, 95.0, 94.85714285714286, 94.71428571428571, 94.42857142857143, 94.28571428571429, 94.0, 94.0, 93.85714285714286, 93.85714285714286, 93.57142857142857, 93.57142857142857], "pullover": [13.571428571428571, 73.57142857142857, 79.0, 80.85714285714286, 82.42857142857143, 83.0, 83.42857142857143, 83.85714285714286, 84.28571428571429, 84.42857142857143, 84.28571428571429, 84.71428571428571, 84.57142857142857, 84.71428571428571, 84.71428571428571, 84.71428571428571, 84.85714285714286, 84.71428571428571, 84.57142857142857, 84.57142857142857, 84.57142857142857, 84.57142857142857], "shirt": [35.0, 28.142857142857142, 24.857142857142858, 28.857142857142858, 33.142857142857146, 34.714285714285715, 37.57142857142857, 38.714285714285715, 39.285714285714285, 40.285714285714285, 40.857142857142854, 41.57142857142857, 42.42857142857143, 42.857142857142854, 43.0, 43.714285714285715, 44.285714285714285, 45.142857142857146, 45.857142857142854, 46.714285714285715, 47.0, 47.0]}}