{"acc_dist": [81.14285714285714, 80.57142857142857, 76.28571428571429], "mean_curve": [44.952380952380956, 71.0, 73.80952380952381, 73.47619047619047, 76.23809523809524, 76.71428571428572, 77.66666666666667, 75.57142857142857, 76.04761904761905, 76.42857142857143, 76.76190476190476, 77.04761904761905, 77.23809523809524, 77.28571428571429, 77.28571428571428, 79.09523809523809, 79.19047619047619, 79.04761904761904, 79.09523809523809, 78.95238095238095, 78.66666666666667, 79.33333333333333], "var_curve": [16.856470258306185, 13.071753834100448, 7.120281785042824, 4.7614285476166645, 2.458729646366775, 2.2946254863155775, 3.3509737306207956, 3.3258419219493742, 2.0011334656619724, 1.5779087167410386, 1.311038085517732, 1.2795265564327991, 1.2901159222994334, 1.632993161855452, 1.810776508745862, 2.391405624664711, 1.9564417699213443, 1.7664035229515629, 1.3006190746426325, 0.9428090415820658, 0.5387480237611771, 2.1675822241411464], "train_loss": [1.0587636893136159, 0.9434383428664433, 0.922955089750744, 0.9289749000186012, 0.8813762846447174, 0.8746348353794643, 0.8806231689453125, 0.8554329136439732, 0.8537545195079984, 0.8615603783017113, 0.840441400437128, 0.8407395717075893, 0.8488790166945684, 0.8303868175688245, 0.831754382905506, 0.8403472028459822, 0.8229640125093006, 0.8250013950892857, 0.8341514950706844, 0.8171148972284227, 0.8196691022600446, 0.829480939592634, 0.8123393031529017, 0.8153497023809524, 0.8259186372302828, 0.8083717854817708, 0.8118176850818454, 0.8232366071428571, 0.8050557163783482, 0.8089342389787947, 0.8212966773623512, 0.8022891671316964, 0.8066060674758185, 0.8200074404761906, 0.8000032261439732, 0.8047694033668155, 0.7945542980375744, 0.7979234967912946, 0.8071490769159225, 0.7933253987630208, 0.7974058024088541, 0.8083578345889136, 0.7924533517020089, 0.7971338762555803, 0.7882994442894345, 0.7915675862630208, 0.7999634370349703, 0.787756841750372, 0.791824457077753, 0.8021101597377233, 0.787575218563988, 0.792328839983259, 0.7839017159598214, 0.7872437686011905, 0.7955260358537947, 0.783805454799107, 0.7880073765345982, 0.7982894170851934, 0.7841007486979167, 0.7890548270089286, 0.780595935639881, 0.7841082473028274, 0.7926171003069196, 0.7808511207217261, 0.7852846563430059, 0.7779999069940476, 0.7811821637834822, 0.7886704799107142, 0.7783509172712053, 0.7824513753255209, 0.7919867815290179, 0.7791408575148809, 0.7840787760416666, 0.7760806419735863, 0.7796328590029762, 0.7879330589657737, 0.7767259288969495, 0.7812684849330357, 0.7740947033110119, 0.7774008033389137, 0.7849596586681548, 0.77478515625, 0.7790738641648066, 0.7724342854817708, 0.7755832054501489, 0.7826576741536458, 0.7731725783575149, 0.7772949218749999, 0.7710111490885416, 0.7740600876581101, 0.7808128720238096, 0.7717975725446428, 0.775813714890253, 0.7697682117280505, 0.7727566964285714, 0.7792973981584822, 0.770603521437872, 0.7745563906715031, 0.7686675444103424, 0.7716239129929315, 0.7780308314732144, 0.7695524379185268, 0.7734747605096727, 0.7676829310825891, 0.7706288946242559, 0.776959461030506, 0.7686185418991816, 0.7725352841331845, 0.7667952473958334, 0.7697478666759673, 0.7760466076078868, 0.7677831740606399, 0.771714622860863, 0.765990949358259, 0.7689638264973958, 0.7752658517020089, 0.7670325869605654, 0.7709954833984375, 0.7652595156715029, 0.7682640438988096, 0.7745981852213543, 0.7663564918154763, 0.7703650774274554, 0.7645926339285714, 0.767638927641369, 0.7740293666294643, 0.7657470703125, 0.7698136102585565, 0.7639843168712798, 0.7670808919270833, 0.7735483805338541, 0.7651981317429316, 0.7693335832868304, 0.763429449172247, 0.7665841238839285, 0.7731471179780506, 0.7647048804873512, 0.7689193870907739, 0.7629241071428572, 0.7661442057291667, 0.7728192138671875, 0.7642635381789434, 0.7685662841796875, 0.7624652099609376, 0.7657574462890625, 0.7609962681361608, 0.7636583891369048, 0.7690897333054316, 0.7620982142857143, 0.765753929501488, 0.7606536574590774, 0.7634954252697174, 0.7692335728236607, 0.7618942406063988, 0.7657364036923363, 0.7603915550595238, 0.7633712041945685, 0.7693830217633928, 0.7617242431640626, 0.7657418677920388, 0.7601588657924108, 0.7632721237909226, 0.7588493129185268, 0.7613920665922619, 0.7664745512462798, 0.7599769810267857, 0.7634869384765626, 0.7586635916573661, 0.7614195905412947, 0.7668796502976191, 0.7599429466610864, 0.7636837332589286, 0.7585524495442709, 0.7614787074497767, 0.7672810872395833, 0.7599373663039435, 0.7638957577659969, 0.758465053013393, 0.7615559314546131, 0.757216796875, 0.759756120954241, 0.7647627476283482, 0.7584057907831102, 0.7619168526785715, 0.7571423049200149, 0.7599160621279761, 0.7653406633649554, 0.7584941173735119, 0.7622638520740327, 0.757142828078497, 0.7601080322265625, 0.7659171840122768, 0.7586110432942709, 0.7626268078031995, 0.7571663702101935, 0.7603179350353423, 0.7559306698753719, 0.7585294015066965, 0.7636036609468005, 0.757202380952381, 0.7607967413039435], "client_accs": {"T-shirt": [65.42857142857143, 87.85714285714286, 83.71428571428571, 75.71428571428571, 79.71428571428571, 79.28571428571429, 80.71428571428571, 75.42857142857143, 76.42857142857143, 76.57142857142857, 77.14285714285714, 77.57142857142857, 77.42857142857143, 77.28571428571429, 77.14285714285714, 80.85714285714286, 80.71428571428571, 80.57142857142857, 80.28571428571429, 80.0, 79.42857142857143, 81.14285714285714], "pullover": [24.142857142857142, 69.14285714285714, 70.42857142857143, 66.85714285714286, 74.57142857142857, 77.14285714285714, 79.28571428571429, 71.57142857142857, 73.42857142857143, 74.42857142857143, 75.0, 75.28571428571429, 75.57142857142857, 75.28571428571429, 75.14285714285714, 80.71428571428571, 80.42857142857143, 80.0, 79.71428571428571, 79.14285714285714, 78.28571428571429, 80.57142857142857], "shirt": [45.285714285714285, 56.0, 67.28571428571429, 77.85714285714286, 74.42857142857143, 73.71428571428571, 73.0, 79.71428571428571, 78.28571428571429, 78.28571428571429, 78.14285714285714, 78.28571428571429, 78.71428571428571, 79.28571428571429, 79.57142857142857, 75.71428571428571, 76.42857142857143, 76.57142857142857, 77.28571428571429, 77.71428571428571, 78.28571428571429, 76.28571428571429]}}