{"acc_dist": [97.85714285714286, 84.85714285714286, 44.714285714285715], "mean_curve": [44.952380952380956, 72.71428571428571, 73.90476190476191, 74.57142857142857, 75.42857142857143, 75.61904761904763, 75.57142857142857, 75.61904761904763, 75.57142857142857, 75.66666666666667, 75.52380952380953, 75.28571428571429, 75.47619047619047, 75.38095238095238, 75.47619047619047, 75.57142857142857, 75.57142857142857, 75.80952380952381, 75.80952380952381, 75.8095238095238, 75.80952380952381, 75.80952380952381], "var_curve": [16.856470258306185, 22.721921447925883, 24.953380568853976, 24.347819749016796, 23.930454794396752, 23.59301560817371, 23.212417507244098, 22.96916991186032, 23.057455594739878, 23.03571120954821, 22.933898901426723, 22.89372073254131, 22.769275554945793, 22.815537531131437, 22.769275554945793, 22.665566199776755, 22.665566199776755, 22.788687172335067, 22.762402863647416, 22.67706844163451, 22.619097744305364, 22.619097744305364], "train_loss": [1.0587636893136159, 0.9430087134951637, 0.9060104660760788, 0.886546151297433, 0.8729208374023437, 0.8625345720563615, 0.8543922496977308, 0.8478923252650669, 0.8425922793433779, 0.8381683785574777, 0.8343922496977307, 0.8311064220610119, 0.8282022676013764, 0.8256036086309524, 0.823255833217076, 0.8211187162853424, 0.8191618274507068, 0.8173613630022322, 0.8156984020414807, 0.8141574823288691, 0.8127256702241444, 0.8113921101888021, 0.8101476760137648, 0.8089841860816591, 0.8078950137183779, 0.8068738519577753, 0.8059154256184896, 0.8050148809523808, 0.8041679454985119, 0.8033707246326265, 0.8026194254557292, 0.8019107636951265, 0.8012418183826265, 0.8006094360351562, 0.8000114222935268, 0.7994447689964658, 0.7989076450892858, 0.7983977980840774, 0.7979130336216519, 0.7974517095656622, 0.7970118931361608, 0.7965921020507812, 0.7961908540271577, 0.7958065069289435, 0.7954379417782738, 0.7950836326962426, 0.7947426350911458, 0.794413582938058, 0.7940955607096353, 0.7937877400716146, 0.7934893653506325, 0.7932002912248883, 0.7929201979864211, 0.7926490565708706, 0.7923866053989954, 0.7921322631835936, 0.7918856084914435, 0.7916458275204613, 0.7914125133696057, 0.7911851138160343, 0.7909634108770461, 0.7907469831194196, 0.7905359468005951, 0.790329836890811, 0.7901285080682664, 0.7899318295433408, 0.7897394816080728, 0.7895513770693823, 0.7893677629743303, 0.7891883777436756, 0.7890137154715401, 0.7888436599004837, 0.7886781674339658, 0.788517078218006, 0.7883601888020834, 0.7882072230747768, 0.7880580793108258, 0.7879125685918899, 0.7877705746605282, 0.7876319231305803, 0.7874964832124256, 0.7873641677129837, 0.7872348167782738, 0.7871083432152158, 0.7869844273158483, 0.7868627203078497, 0.7867427426292783, 0.7866242472330729, 0.786505868094308, 0.7863868495396206, 0.786267554873512, 0.7861482020786831, 0.7860280936104912, 0.7859089152018229, 0.7857951427641369, 0.7856894356863839, 0.785590326218378, 0.7854957798549108, 0.7854043143136161, 0.7853154064360118, 0.7852285766601562, 0.7851436941964286, 0.7850603666759673, 0.7849786667596725, 0.7848985072544643, 0.7848196120489211, 0.7847419956752232, 0.78466552734375, 0.7845902361188616, 0.7845156715029762, 0.7844420950753349, 0.784369143531436, 0.7842964390345982, 0.7842240833100819, 0.7841510591052826, 0.7840769449869791, 0.7839996919177827, 0.7839168148949032, 0.7838240269252231, 0.783718029203869, 0.7836048235212053, 0.7835008312406995, 0.7834133911132812, 0.783336196172805, 0.7832632591610863, 0.7831903512137277, 0.7831110636393229, 0.7830040341331846, 0.7827990432012649, 0.782633013044085, 0.7825760904947917, 0.7825202142624628, 0.7824635678245908, 0.7824067470005581, 0.7823497372581846, 0.7822925821940104, 0.782235339936756, 0.7821780976795014, 0.7821207682291668, 0.7820634242466519, 0.7820061819893973, 0.781948939732143, 0.7818918863932293, 0.7818350219726562, 0.7817783028738838, 0.7817217581612722, 0.781665518624442, 0.7816093081519716, 0.7815535481770833, 0.7814976574125744, 0.781441911969866, 0.781386006673177, 0.7813300287155878, 0.7812735275995163, 0.7812159801664805, 0.7811572120303198, 0.7810957409086682, 0.78103030250186, 0.7809586443219866, 0.7808773077101935, 0.7807818312872024, 0.7806691923595611, 0.7805401175362724, 0.7804027884347099, 0.7802700515020461, 0.7801502627418154, 0.7800413149879093, 0.7799354480561757, 0.7798269653320312, 0.7797138613746281, 0.7795967029389882, 0.7794760131835937, 0.779356980096726, 0.779254673549107, 0.7791800362723215, 0.7791283743722097, 0.7790889776320684, 0.7790550449916296, 0.7790235101609003, 0.7789925566173735, 0.7789613124302456, 0.7789290945870535, 0.7788959612165178, 0.7788620867047991, 0.7788284156436012, 0.7787955002557663, 0.7787641252790177, 0.7787342471168155, 0.7787057059151786, 0.7786784580775669, 0.778651864188058, 0.7786258225213913, 0.7786001732235862, 0.7785746111188615, 0.7785491071428572, 0.7785235886346727, 0.7784980265299479, 0.7784722319103423, 0.778446509951637, 0.7784204973493303, 0.778394281296503], "client_accs": {"T-shirt": [65.42857142857143, 95.14285714285714, 95.85714285714286, 96.28571428571429, 96.71428571428571, 96.85714285714286, 96.85714285714286, 96.85714285714286, 97.0, 97.14285714285714, 97.42857142857143, 97.28571428571429, 97.57142857142857, 97.57142857142857, 97.57142857142857, 97.71428571428571, 97.71428571428571, 97.85714285714286, 97.71428571428571, 97.71428571428571, 97.85714285714286, 97.85714285714286], "pullover": [24.142857142857142, 81.42857142857143, 86.85714285714286, 86.85714285714286, 87.57142857142857, 87.28571428571429, 86.57142857142857, 86.28571428571429, 86.14285714285714, 86.14285714285714, 85.28571428571429, 84.85714285714286, 84.71428571428571, 84.57142857142857, 84.71428571428571, 84.57142857142857, 84.57142857142857, 85.14285714285714, 85.28571428571429, 85.14285714285714, 84.85714285714286, 84.85714285714286], "shirt": [45.285714285714285, 41.57142857142857, 39.0, 40.57142857142857, 42.0, 42.714285714285715, 43.285714285714285, 43.714285714285715, 43.57142857142857, 43.714285714285715, 43.857142857142854, 43.714285714285715, 44.142857142857146, 44.0, 44.142857142857146, 44.42857142857143, 44.42857142857143, 44.42857142857143, 44.42857142857143, 44.57142857142857, 44.714285714285715, 44.714285714285715]}}