{"acc_dist": [94.42857142857143, 84.85714285714286, 47.285714285714285], "mean_curve": [38.476190476190474, 65.66666666666666, 67.33333333333333, 68.80952380952381, 70.04761904761905, 70.95238095238095, 71.95238095238095, 72.42857142857143, 72.80952380952381, 73.14285714285714, 73.19047619047619, 73.47619047619047, 73.66666666666667, 73.80952380952381, 74.28571428571429, 74.52380952380952, 74.90476190476191, 75.14285714285714, 75.23809523809524, 75.28571428571429, 75.52380952380952, 75.52380952380952], "var_curve": [12.896412691809314, 28.388062388401934, 29.048477739064335, 27.7492007198328, 26.640803784868332, 25.34129842560739, 24.476375763612186, 24.1021070578041, 23.55088089498364, 23.373919997604634, 22.82805689071883, 22.434282965011274, 22.31692970535873, 22.291920177845146, 21.893061057078782, 21.67488070358726, 21.075288858127536, 20.919996618149852, 20.78799147510795, 20.588617157608837, 20.346098368504506, 20.346098368504506], "train_loss": [0.977114025297619, 0.9586780657087054, 0.9438655598958333, 0.9322118559337799, 0.923098638625372, 0.9159140741257441, 0.9101442173549108, 0.9053980945405505, 0.9013931419735863, 0.8979316057477679, 0.8948751685732886, 0.8921264357793898, 0.889616452171689, 0.8872953433082218, 0.8851262846447172, 0.8830819556826638, 0.881141357421875, 0.8792887224469865, 0.8775114222935269, 0.8757998511904761, 0.874146510532924, 0.8725451950799851, 0.8709913271949405, 0.8694811430431547, 0.8680115908668156, 0.8665804763067335, 0.865185793922061, 0.8638263956705728, 0.8625009300595238, 0.8612084960937499, 0.8599484398251489, 0.8587201363699778, 0.8575229463123141, 0.8563564627511161, 0.8552199881417412, 0.8541134062267486, 0.8530357869466144, 0.8519866943359377, 0.8509656778971354, 0.8499720546177455, 0.8490051996140253, 0.8480643426804315, 0.847148931594122, 0.8462580653599331, 0.8453910609654018, 0.844547119140625, 0.8437255859375, 0.8429255894252231, 0.8421463593982516, 0.841387212844122, 0.8406473940894718, 0.8399259876069568, 0.8392225428989954, 0.8385361735026041, 0.8378663417271205, 0.8372121756417411, 0.8365731956845238, 0.8359488786969868, 0.8353385271344868, 0.8347415887741816, 0.8341576712472097, 0.8335860624767485, 0.833026341029576, 0.8324781581333706, 0.8319408307756696, 0.831414315359933, 0.8308978998093378, 0.8303913661411831, 0.8298943510509673, 0.8294063459123885, 0.8289272780645461, 0.8284566679454984, 0.827994152250744, 0.8275397164481028, 0.8270927356538319, 0.8266533842540923, 0.8262212553478423, 0.8257958984374999, 0.8253773716517857, 0.8249652099609376, 0.8245595586867559, 0.8241599527994792, 0.8237662324451266, 0.8233783540271578, 0.8229959833054316, 0.8226190766834077, 0.822247561500186, 0.8218810453869048, 0.8215196010044643, 0.8211630539667039, 0.8208112153552828, 0.8204640561058407, 0.8201213291713169, 0.8197829328264509, 0.8194488380068824, 0.8191189429873512, 0.8187930152529761, 0.8184710548037574, 0.8181531052362351, 0.8178387887137276, 0.817528294154576, 0.8172212291899181, 0.816917710077195, 0.816617693219866, 0.8163209461030506, 0.8160275123232887, 0.8157372901553198, 0.815450177873884, 0.8151662336077009, 0.8148851957775297, 0.8146071515764509, 0.8143318975539434, 0.8140595499674479, 0.8137898763020833, 0.8135230073474702, 0.8132587105887277, 0.8129970441545759, 0.8127378917875744, 0.812481209891183, 0.8122269548688615, 0.8119751557849703, 0.8117256673177083, 0.811478518531436, 0.8112336658296132, 0.8109908621651786, 0.8107504127139137, 0.8105119396391368, 0.8102756899879092, 0.8100414748418899, 0.8098090616861979, 0.809578857421875, 0.8093505714053201, 0.8091242617652531, 0.8088996233258928, 0.8086769467308409, 0.8084560139973959, 0.8082369559151786, 0.8080195980980283, 0.8078041003999257, 0.8075900559198289, 0.8073777843656993, 0.8071671549479168, 0.8069581386021204, 0.806750749860491, 0.8065448434012277, 0.8063403901599703, 0.8061375935872395, 0.8059362357003348, 0.8057362293061755, 0.8055378214518228, 0.8053406778971354, 0.8051450311569942, 0.804950648716518, 0.8047576613653273, 0.8045658947172619, 0.8043756684802826, 0.804186517624628, 0.8039987182617186, 0.8038121396019345, 0.8036268543061755, 0.803442629859561, 0.8032597423735118, 0.8030780174618676, 0.8028973098028275, 0.8027178228469122, 0.802539542061942, 0.802362322126116, 0.8021860031854539, 0.8020109776088168, 0.8018370564778645, 0.8016640944707961, 0.8014921351841519, 0.8013212076822915, 0.801151370093936, 0.8009823463076637, 0.8008144560314361, 0.8006473504929316, 0.8004813348679315, 0.8003162057059151, 0.8001520792643229, 0.7999888538178942, 0.7998264567057292, 0.7996649605887277, 0.7995044817243304, 0.799344744001116, 0.7991859944661459, 0.7990279424758184, 0.7988707188197545, 0.7987144688197545, 0.7985588727678573, 0.7984042649042039, 0.798250252859933, 0.7980972871326265, 0.7979449172247023, 0.7977933901832218, 0.7976425606863838, 0.7974926031203498, 0.7973433721633185, 0.79719479515439, 0.797047104608445, 0.7968999372209821], "client_accs": {"T-shirt": [56.714285714285715, 94.71428571428571, 95.28571428571429, 95.57142857142857, 95.57142857142857, 95.28571428571429, 95.28571428571429, 95.42857142857143, 95.28571428571429, 95.42857142857143, 95.14285714285714, 95.14285714285714, 95.0, 95.0, 95.0, 95.14285714285714, 94.71428571428571, 94.71428571428571, 94.71428571428571, 94.42857142857143, 94.42857142857143, 94.42857142857143], "pullover": [29.285714285714285, 75.14285714285714, 79.42857142857143, 80.28571428571429, 81.28571428571429, 81.57142857142857, 82.42857142857143, 82.71428571428571, 82.85714285714286, 83.14285714285714, 82.71428571428571, 82.71428571428571, 83.14285714285714, 83.42857142857143, 83.85714285714286, 83.85714285714286, 84.28571428571429, 84.57142857142857, 84.57142857142857, 84.71428571428571, 84.85714285714286, 84.85714285714286], "shirt": [29.428571428571427, 27.142857142857142, 27.285714285714285, 30.571428571428573, 33.285714285714285, 36.0, 38.142857142857146, 39.142857142857146, 40.285714285714285, 40.857142857142854, 41.714285714285715, 42.57142857142857, 42.857142857142854, 43.0, 44.0, 44.57142857142857, 45.714285714285715, 46.142857142857146, 46.42857142857143, 46.714285714285715, 47.285714285714285, 47.285714285714285]}}