{"acc_dist": [81.28571428571429, 81.14285714285714, 77.0], "mean_curve": [36.142857142857146, 74.85714285714285, 76.80952380952381, 77.95238095238095, 78.19047619047619, 78.76190476190476, 79.47619047619047, 78.80952380952381, 78.80952380952381, 79.57142857142857, 78.90476190476191, 78.80952380952381, 79.52380952380953, 79.14285714285715, 79.23809523809524, 80.04761904761905, 79.52380952380952, 79.71428571428572, 79.9047619047619, 79.57142857142857, 79.61904761904762, 79.80952380952381], "var_curve": [12.103296902842935, 17.991305534338856, 7.175481053188782, 4.465031683707062, 2.4944382578492905, 2.3627878533438613, 3.0779738307033004, 2.189440749061453, 1.699673171197595, 2.3240827317928416, 1.8711316861322433, 1.8120283419467127, 2.491709609895456, 1.399708424447531, 1.5043399046601307, 2.2567610687757647, 1.2252076505017722, 2.023669462940552, 2.1675822241411464, 1.1664236870396103, 1.351911387293177, 1.9874892147342107], "train_loss": [1.112019537062872, 0.9969170851934525, 0.9243585786365328, 0.8972637212844122, 0.882691359747024, 0.871488778250558, 0.8622508167085193, 0.8544733392624627, 0.8478679547991071, 0.8422022501627605, 0.8372761753627233, 0.8329353114536829, 0.8290645926339287, 0.8255724807012649, 0.822420392717634, 0.8195628574916295, 0.8169609869094122, 0.8145776221865698, 0.8123735700334822, 0.8103051321847099, 0.8083247593470982, 0.8063842192150297, 0.8044395519438243, 0.8024566359747024, 0.8004170735677083, 0.7983204868861608, 0.796182367234003, 0.794030035109747, 0.7918970598493305, 0.7898142496744791, 0.7838808186848958, 0.7850059872581845, 0.7853111339750743, 0.7848512486049107, 0.7792747860863095, 0.780349586123512, 0.7809993489583333, 0.7804929896763393, 0.775363042922247, 0.7764942278180804, 0.7772468494233631, 0.7728314499627977, 0.7741539074125744, 0.7749384998139881, 0.7750408935546874, 0.7702546909877231, 0.7714307221912202, 0.7722201974051339, 0.7681803094773065, 0.7694991048177083, 0.7703436279296875, 0.7665220133463543, 0.767839587983631, 0.7687720307849703, 0.7650661795479912, 0.7663720121837798, 0.7673437500000001, 0.7637330845424106, 0.7650288027808779, 0.7660174851190477, 0.7624939836774555, 0.7637795003255209, 0.7647758265904018, 0.7613335600353422, 0.7626081484840029, 0.7636073811848959, 0.7602415829613096, 0.7615043422154018, 0.7625029645647321, 0.759209478469122, 0.7604597109840029, 0.7614569673084076, 0.7582313464936755, 0.7594700985863095, 0.7604671514601934, 0.7573050072079613, 0.7585325985863095, 0.7595273844401041, 0.7564261009579614, 0.7576420084635417, 0.7586322312127977, 0.7555898902529762, 0.7567933582124257, 0.7577787562779017, 0.754792945498512, 0.7559837123325893, 0.7569639950706847, 0.7540325055803572, 0.7552103097098214, 0.7561854480561756, 0.7533058675130208, 0.7544708542596726, 0.7554402669270833, 0.752610589890253, 0.7537628464471725, 0.7547265043712797, 0.7519446382068452, 0.7536988757905506, 0.7544033668154763, 0.7515205019996279, 0.7526525878906251, 0.7534107607886904, 0.750736083984375, 0.7524595424107142, 0.7531339518229166, 0.7503323509579612, 0.7521204194568453, 0.7525107828776042, 0.7497904750279017, 0.75155026390439, 0.751941150483631, 0.7492520868210567, 0.7510067603701636, 0.7513655017671131, 0.7487214006696429, 0.7504635184151786, 0.7508109537760417, 0.7482059733072917, 0.7499377732049851, 0.750270501999628, 0.7477048456101191, 0.7494254847935268, 0.7497465006510416, 0.7472183082217262, 0.7489279610770089, 0.7492374674479166, 0.7467457507905505, 0.7484443301246281, 0.7487430826822917, 0.7462866210937499, 0.7479743303571428, 0.7482627650669643, 0.7458403087797619, 0.7475171479724704, 0.7477957298642114, 0.7454062616257441, 0.7470724341982887, 0.7473413667224702, 0.7449838692801339, 0.7466394624255952, 0.746899181547619, 0.7445727829706102, 0.7462178257533482, 0.7464685639880951, 0.7441722179594494, 0.7458069428943452, 0.7460489327566965, 0.7437817964099702, 0.7454061453683035, 0.7456396193731399, 0.7434007626488096, 0.745014880952381, 0.7452396647135416, 0.743028302873884, 0.7446321323939732, 0.7448477608816964, 0.7426628766741071, 0.7442561267671132, 0.74446042015439, 0.7423011125837053, 0.7438827659970239, 0.7440769159226189, 0.7419421677362351, 0.743514404296875, 0.743710443405878, 0.7415992954799108, 0.743165021623884, 0.7411240205310641, 0.7424847702752976, 0.74524899437314, 0.7411884416852678, 0.7427553594680059, 0.7405852399553572, 0.742307361421131, 0.7426241338820684, 0.7406901041666667, 0.7421487281436012, 0.7426487513950892, 0.7405317324683779, 0.7421309698195685, 0.740114513578869, 0.7414814685639882, 0.7442059326171876, 0.7402432686941963, 0.7417675199962798, 0.7396246483212425, 0.7413368443080358, 0.7415512520926338, 0.739695550827753, 0.7411135718936012, 0.7416266159784226, 0.7395608956473215, 0.7411463274274553, 0.7391754731677826, 0.7405319649832589, 0.7432039097377232, 0.7393500337146577, 0.7408360944475447, 0.7387301345098587, 0.7404264904203869, 0.7405646042596726], "client_accs": {"T-shirt": [39.285714285714285, 93.57142857142857, 85.71428571428571, 82.42857142857143, 81.71428571428571, 82.0, 82.0, 81.71428571428571, 81.14285714285714, 81.28571428571429, 81.28571428571429, 81.28571428571429, 81.28571428571429, 80.85714285714286, 81.28571428571429, 81.57142857142857, 81.0, 81.85714285714286, 81.14285714285714, 81.0, 81.14285714285714, 81.28571428571429], "pullover": [20.0, 80.42857142857143, 76.57142857142857, 79.57142857142857, 76.57142857142857, 77.85714285714286, 81.28571428571429, 78.28571428571429, 78.14285714285714, 81.14285714285714, 78.71428571428571, 78.14285714285714, 81.28571428571429, 79.14285714285714, 78.71428571428571, 81.71428571428571, 79.57142857142857, 80.28571428571429, 81.71428571428571, 79.57142857142857, 79.85714285714286, 81.14285714285714], "shirt": [49.142857142857146, 50.57142857142857, 68.14285714285714, 71.85714285714286, 76.28571428571429, 76.42857142857143, 75.14285714285714, 76.42857142857143, 77.14285714285714, 76.28571428571429, 76.71428571428571, 77.0, 76.0, 77.42857142857143, 77.71428571428571, 76.85714285714286, 78.0, 77.0, 76.85714285714286, 78.14285714285714, 77.85714285714286, 77.0]}}