{"acc_dist": [78.71428571428571, 69.57142857142857, 73.71428571428571], "mean_curve": [44.952380952380956, 61.23809523809524, 63.952380952380956, 66.23809523809524, 68.09523809523809, 68.28571428571429, 69.23809523809524, 70.14285714285715, 70.76190476190476, 71.28571428571429, 71.95238095238095, 72.6190476190476, 72.47619047619047, 72.76190476190476, 73.14285714285715, 73.57142857142857, 73.95238095238095, 73.90476190476191, 74.0952380952381, 74.09523809523809, 74.3809523809524, 74.0], "var_curve": [16.856470258306185, 15.815833508518008, 16.779617264870957, 16.202936381788646, 14.266812892632283, 13.6012204334358, 12.397242031085954, 11.308295672664745, 10.271374483818999, 9.391702807939204, 8.338365827378997, 7.657936466810443, 6.946181188723483, 6.592443967173136, 5.9120538692049305, 5.369351168697123, 4.874385826769219, 4.505979901784233, 4.027681991198187, 4.109609335312651, 3.869175822051782, 3.7380194108172105], "train_loss": [1.0587636893136159, 1.0421835181826637, 1.0273013450985864, 1.0141003127325148, 1.0046053931826637, 0.9966058058965773, 0.9868972632998512, 0.9810378882998512, 0.9760520717075893, 0.9682972063337054, 0.964514654250372, 0.9612990025111608, 0.9546422758556546, 0.9521435546874999, 0.9462372698102679, 0.9442539469401042, 0.9426277378627231, 0.9371339634486607, 0.9358445231119793, 0.9308406575520833, 0.9298061407180059, 0.9252129545665922, 0.9243758428664434, 0.923809581938244, 0.9192473783947173, 0.9188177780877976, 0.9145800781250001, 0.9142590913318452, 0.9103024437313988, 0.9100695800781251, 0.9100862048921131, 0.9060055687313988, 0.9060786655970983, 0.9022526622953869, 0.9023717971075148, 0.8987697347005209, 0.8989271472749255, 0.8993282354445684, 0.8955312674386161, 0.8959477015904017, 0.8923720877511161, 0.8928010777064732, 0.889420863560268, 0.8898599679129465, 0.886653558640253, 0.8871012660435268, 0.8877758207775298, 0.8843405006045387, 0.8850034877232144, 0.8817526390438988, 0.8824049014136904, 0.8793178885323659, 0.879960472470238, 0.8808264450799852, 0.8774996802920386, 0.8783400762648809, 0.8751899937220982, 0.8760075160435269, 0.8730133347284226, 0.8738105119977678, 0.8709552583240328, 0.8717341541108631, 0.8727308000837053, 0.8696342250279018, 0.8705977666945683, 0.8676548549107143, 0.8685886637369792, 0.8657816859654018, 0.866689220610119, 0.8678152611142114, 0.8647659737723213, 0.8658516438802083, 0.8629516892206102, 0.8640014067150297, 0.8612330554780506, 0.862250482468378, 0.8595990280877976, 0.8605876232328868, 0.8617909749348959, 0.858899419875372, 0.8600603085472471, 0.8573002697172619, 0.8584232003348214, 0.8557792736235119, 0.8568680826822916, 0.8543280610584078, 0.8553860618954613, 0.856655970982143, 0.853878900437128, 0.8551050676618304, 0.8524460856119792, 0.8536331031436012, 0.8510789562406994, 0.8522303699311756, 0.8497704496837798, 0.8508896891276042, 0.8522187151227678, 0.8495249430338542, 0.8508094133649554, 0.8482237316313244, 0.8494678606305803, 0.8469785272507441, 0.848186267671131, 0.8457835170200892, 0.8469583275204613, 0.8446341378348214, 0.8457786923363094, 0.8471273077101934, 0.8445758637927826, 0.8458820742652531, 0.843423607235863, 0.8446914527529762, 0.8423163423084078, 0.8435491362072173, 0.8412496221633184, 0.8424505033947174, 0.8402201625279018, 0.8413917759486607, 0.8427623058500745, 0.8403115408761161, 0.8416410319010416, 0.8392733038039434, 0.8405653308686755, 0.8382724434988839, 0.8395304943266368, 0.8373056175595238, 0.838532453264509, 0.8363702101934524, 0.8375682140531994, 0.8389612688337054, 0.8365845307849703, 0.8379373314267115, 0.8356365094866072, 0.8369527762276786, 0.8347205461774553, 0.8360033017113095, 0.8338335600353423, 0.8350857689267114, 0.8329737490699404, 0.8341974458240328, 0.8321389043898809, 0.8333362397693452, 0.8347216796875001, 0.8324577694847471, 0.8338059488932292, 0.8316080147879464, 0.8329221598307291, 0.8307845924014137, 0.8320672898065476, 0.8299852643694198, 0.8312388683500744, 0.8292081705729167, 0.8304350062779018, 0.8284521775018602, 0.8296539306640626, 0.8277159772600445, 0.8288942754836309, 0.8302515520368304, 0.8281194487072172, 0.8294429815383184, 0.8273675537109376, 0.8286599586123512, 0.8266366141183035, 0.8279002162388392, 0.8259249732607886, 0.8271622140066964, 0.8252317301432291, 0.8264440046037946, 0.8245556640624999, 0.82574462890625, 0.8271078345889137, 0.8250320870535713, 0.8263623628162202, 0.8243395124162948, 0.8256395321800595, 0.8236652192615327, 0.824937250046503, 0.8230078996930804, 0.8242538306826637, 0.8223663330078125, 0.8235881405784969, 0.8217400832403273, 0.822938959030878, 0.8211280750093005, 0.8223055594308036, 0.8236508614676339, 0.8216607666015626, 0.8229754929315476, 0.8210326567150297, 0.8223189871651786, 0.8204197765531994, 0.821679949079241, 0.819821283249628, 0.8210570126488096, 0.819236304873512, 0.8204490443638394, 0.8186639404296875, 0.8198553757440475, 0.8181041027250743, 0.8192751057942708, 0.8175559488932292], "client_accs": {"T-shirt": [65.42857142857143, 83.42857142857143, 87.14285714285714, 88.0, 88.0, 87.14285714285714, 86.71428571428571, 85.85714285714286, 84.71428571428571, 84.28571428571429, 83.0, 83.14285714285714, 81.57142857142857, 81.57142857142857, 81.28571428571429, 80.28571428571429, 80.28571428571429, 79.14285714285714, 79.14285714285714, 79.42857142857143, 79.57142857142857, 78.71428571428571], "pullover": [24.142857142857142, 47.714285714285715, 48.0, 49.142857142857146, 55.285714285714285, 55.57142857142857, 59.285714285714285, 59.714285714285715, 60.285714285714285, 62.42857142857143, 62.857142857142854, 65.14285714285714, 64.71428571428571, 65.71428571428571, 67.42857142857143, 67.14285714285714, 68.42857142857143, 68.14285714285714, 69.28571428571429, 69.42857142857143, 70.28571428571429, 69.57142857142857], "shirt": [45.285714285714285, 52.57142857142857, 56.714285714285715, 61.57142857142857, 61.0, 62.142857142857146, 61.714285714285715, 64.85714285714286, 67.28571428571429, 67.14285714285714, 70.0, 69.57142857142857, 71.14285714285714, 71.0, 70.71428571428571, 73.28571428571429, 73.14285714285714, 74.42857142857143, 73.85714285714286, 73.42857142857143, 73.28571428571429, 73.71428571428571]}}