{"acc_dist": [88.71428571428571, 86.85714285714286, 63.57142857142857], "mean_curve": [44.952380952380956, 72.80952380952381, 74.76190476190476, 75.80952380952381, 76.47619047619047, 76.6190476190476, 77.0952380952381, 77.47619047619048, 78.04761904761905, 78.28571428571428, 78.57142857142857, 78.85714285714285, 79.04761904761905, 79.09523809523809, 79.14285714285715, 79.23809523809524, 79.33333333333333, 79.52380952380952, 79.6190476190476, 79.57142857142857, 79.71428571428571, 79.71428571428571], "var_curve": [16.856470258306185, 21.274152607354253, 19.28812448196418, 17.216640160400008, 16.048537489614294, 15.246872472130338, 14.4242489203459, 13.968542565561226, 13.553789706923341, 13.005493344846903, 12.591434298247158, 12.485093152251933, 12.11078865367813, 11.831776270079457, 11.86029791643813, 11.821998020140615, 11.582495197984667, 11.515345179506108, 11.477474735491898, 11.439875362053543, 11.439875362053545, 11.439875362053545], "train_loss": [0.6864681280226934, 0.6874603271484375, 0.6950164794921875, 0.6936480567568825, 0.6910692923409597, 0.6894205874488467, 0.688690897623698, 0.6885253324962797, 0.6886762637183779, 0.6890045311337426, 0.6894328962053571, 0.689913824172247, 0.6904163324265253, 0.6909198869977679, 0.6914110601515997, 0.691881583077567, 0.6923265293666295, 0.692743428548177, 0.6931312633696057, 0.6934901791527158, 0.6938210914248512, 0.6941251772925967, 0.694404049827939, 0.6946592639741443, 0.6948926943824404, 0.6951057797386534, 0.6953001621791294, 0.6954773821149552, 0.6956387329101562, 0.6957855515252976, 0.6959187389555431, 0.6960396612258184, 0.6961489432198661, 0.6962477329799107, 0.6963364664713542, 0.6964162336077009, 0.6964874994187128, 0.6965508742559524, 0.6966071283249629, 0.6966566685267855, 0.6967001488095238, 0.6967381504603796, 0.6967710367838542, 0.6967994035993303, 0.6968235560825894, 0.6968438575381324, 0.6968609473818824, 0.6968751017252605, 0.6968863932291667, 0.6968954758417039, 0.6969024512881324, 0.6969076828729538, 0.6969113159179687, 0.6969135974702381, 0.6969147164481028, 0.6969149198986235, 0.6969143531436012, 0.6969130597795758, 0.6969113595145089, 0.6969092523484003, 0.6969067673456101, 0.6969042242140997, 0.696901375906808, 0.6968986438569568, 0.6968959408714658, 0.6968932669503348, 0.6968906511579241, 0.6968883696056548, 0.6968861752464658, 0.6968842569986978, 0.696882542201451, 0.6968811616443453, 0.6968800136021205, 0.6968791998000371, 0.6968787347702753, 0.6968784586588542, 0.6968785894484748, 0.6968788655598958, 0.696879635765439, 0.6968805948893229, 0.6968819318498883, 0.6968834867931547, 0.6968853323800223, 0.6968873959495907, 0.6968897646949405, 0.696892307826451, 0.6968951997302827, 0.6968981933593751, 0.6969014630998883, 0.6969049072265626, 0.6969086129324777, 0.696912362234933, 0.6969163876488095, 0.696920427594866, 0.6969247291201638, 0.6969291469029018, 0.6969337245396204, 0.6969382731119792, 0.6969430396670386, 0.6969479079473585, 0.6969528052920387, 0.6969578043619791, 0.6969629196893602, 0.6969680640811012, 0.6969732811337427, 0.6969784691220239, 0.6969837733677456, 0.6969890630812872, 0.6969944835844494, 0.6969998895554315, 0.6970053100585938, 0.6970107014973959, 0.6970160929361979, 0.69702149890718, 0.6970268758138021, 0.6970323399135046, 0.6970377458844866, 0.6970430937267484, 0.6970484851655506, 0.6970537894112723, 0.6970590500604539, 0.6970642961774555, 0.6970694115048364, 0.6970746140252976, 0.6970797293526786, 0.6970848446800595, 0.6970897129603794, 0.6970946539015997, 0.6970995076497396, 0.6971043759300596, 0.6971091134207589, 0.6971137055896577, 0.6971182541620164, 0.697122788202195, 0.6971271769205729, 0.6971315075102308, 0.6971358235677084, 0.6971399652390252, 0.6971439906529019, 0.6971480305989584, 0.6971520560128348, 0.6971558779761905, 0.6971596999395461, 0.6971633765811012, 0.6971671113513764, 0.6971706862676711, 0.6971742902483259, 0.6971777634393601, 0.6971812220982144, 0.6971846371605283, 0.6971879650297619, 0.6971913074311756, 0.6971945917038691, 0.6971978614443824, 0.6972011311848959, 0.6972043137323288, 0.6972075253441221, 0.6972107078915549, 0.697213861374628, 0.6972171020507812, 0.6972201828729538, 0.697223379952567, 0.6972264171781993, 0.697229512532552, 0.6972327822730655, 0.6972358340308779, 0.6972389729817708, 0.6972420828683035, 0.6972452944800968, 0.6972484479631696, 0.6972515869140624, 0.6972546822684151, 0.6972577340262277, 0.697260989234561, 0.6972640555245535, 0.6972671654110864, 0.6972703915550595, 0.6972734869094123, 0.6972765531994048, 0.6972797212146578, 0.6972827584402901, 0.6972858537946429, 0.6972889927455358, 0.6972920445033483, 0.6972950671968006, 0.6972981334867931, 0.6973011852446055, 0.697304178873698, 0.6973071870349702, 0.6973100934709823, 0.6973130725678943, 0.6973160516648065, 0.6973189726329986, 0.6973218790690104, 0.6973247709728422, 0.6973276047479539, 0.6973303949265253, 0.6973333158947174, 0.6973360188802084, 0.6973387218656993, 0.6973413812546503], "client_accs": {"T-shirt": [65.42857142857143, 93.57142857142857, 92.71428571428571, 91.57142857142857, 91.14285714285714, 90.0, 89.42857142857143, 89.28571428571429, 89.42857142857143, 89.14285714285714, 89.0, 89.14285714285714, 89.0, 88.71428571428571, 88.71428571428571, 88.71428571428571, 88.57142857142857, 88.71428571428571, 88.71428571428571, 88.57142857142857, 88.71428571428571, 88.71428571428571], "pullover": [24.142857142857142, 81.28571428571429, 83.57142857142857, 84.0, 84.14285714285714, 84.57142857142857, 85.0, 85.28571428571429, 85.71428571428571, 85.71428571428571, 85.85714285714286, 86.14285714285714, 86.14285714285714, 86.14285714285714, 86.28571428571429, 86.42857142857143, 86.42857142857143, 86.57142857142857, 86.71428571428571, 86.71428571428571, 86.85714285714286, 86.85714285714286], "shirt": [45.285714285714285, 43.57142857142857, 48.0, 51.857142857142854, 54.142857142857146, 55.285714285714285, 56.857142857142854, 57.857142857142854, 59.0, 60.0, 60.857142857142854, 61.285714285714285, 62.0, 62.42857142857143, 62.42857142857143, 62.57142857142857, 63.0, 63.285714285714285, 63.42857142857143, 63.42857142857143, 63.57142857142857, 63.57142857142857]}}