{"acc_dist": [89.57142857142857, 85.57142857142857, 64.85714285714286], "mean_curve": [27.76190476190476, 72.3809523809524, 74.90476190476191, 76.42857142857143, 77.66666666666667, 78.14285714285715, 78.57142857142857, 78.80952380952381, 79.28571428571428, 79.47619047619047, 79.52380952380952, 79.66666666666667, 79.76190476190476, 79.95238095238095, 80.0, 80.09523809523809, 80.04761904761905, 80.09523809523809, 80.14285714285715, 80.0, 80.0, 80.0], "var_curve": [18.10488464676211, 22.591411688652123, 19.630717749615766, 17.286304594406875, 15.96140469724695, 15.254752800134039, 14.4622426540642, 14.130746779103617, 13.118507464465539, 12.397790747528413, 12.205905414352799, 12.022842959735739, 11.764314385909685, 11.40612875793669, 11.26731471790776, 11.243945208638973, 11.20090699275364, 11.224568130009072, 11.04905573581115, 10.958797292369185, 10.831423170163577, 10.831423170163577], "train_loss": [0.7073177519298736, 0.6741652425130208, 0.6763599940708706, 0.6903925287155879, 0.6926476324172247, 0.6935676792689732, 0.6946099562872025, 0.6957120332263765, 0.6967512730189732, 0.6976944986979167, 0.6985473923456101, 0.6993201410202753, 0.7000196329752605, 0.7006509544735863, 0.7012183489118303, 0.7017260596865701, 0.7021780976795015, 0.7025785900297619, 0.7029313296363466, 0.703239993140811, 0.7035083298456101, 0.7037396094912575, 0.7039371308826264, 0.7041037277948288, 0.7042421613420758, 0.7043551054454985, 0.704444580078125, 0.7045128086635044, 0.7045616949172248, 0.7045928519112724, 0.7046077037992932, 0.7046078636532739, 0.704594494047619, 0.7045686122349331, 0.7045313662574405, 0.7044837297712054, 0.7044265747070312, 0.704360845656622, 0.7042870657784599, 0.7042062523251488, 0.7041189429873512, 0.7040259951636906, 0.703927728562128, 0.7038249860491071, 0.7037181745256696, 0.7036079043433779, 0.7034947277250744, 0.7033789207821801, 0.703261021205357, 0.7031414794921874, 0.7030206734793527, 0.7028988792782739, 0.7027765619187128, 0.7026539539155506, 0.7025313895089286, 0.7024089849562872, 0.7022872924804687, 0.7021662248883929, 0.7020462036132812, 0.7019274030412946, 0.7018099394298735, 0.7016939871651786, 0.7015796915690103, 0.7014672706240699, 0.7013567097981772, 0.7012484159923735, 0.7011421566917783, 0.7010380917503719, 0.7009363374255951, 0.7008369954427082, 0.700739993140811, 0.700645519438244, 0.7005534580775671, 0.7004639107840402, 0.7003769356863839, 0.7002923583984374, 0.7002103823707216, 0.7001307314918156, 0.7000535365513393, 0.6999788266136533, 0.6999063982282366, 0.6998364548456101, 0.6997686186290922, 0.6997030203683036, 0.6996397036597841, 0.6995784214564732, 0.6995192464192709, 0.6994621058872769, 0.6994068836030506, 0.6993535795665923, 0.6993021647135418, 0.699252450125558, 0.6992044067382812, 0.6991581362769717, 0.6991134062267484, 0.6990702311197916, 0.699028552827381, 0.6989883568173364, 0.6989494832356771, 0.6989119175502232, 0.6988757033575149, 0.6988407389322916, 0.6988068644205728, 0.6987741524832588, 0.6987426321847098, 0.6987121146065848, 0.698682614281064, 0.6986541166759673, 0.6986265636625744, 0.6985998971121652, 0.6985741170247396, 0.6985492379324777, 0.6985250709170389, 0.6985018339611235, 0.6984793381463913, 0.698457510811942, 0.6984363810221353, 0.6984159923735119, 0.6983961995442708, 0.6983771042596727, 0.6983585757300967, 0.6983407738095239, 0.6983234514508929, 0.6983067249116445, 0.6982906087239583, 0.698274913969494, 0.6982598876953124, 0.6982452247256324, 0.6982311430431548, 0.6982174391973587, 0.6982042149135044, 0.6981915137881325, 0.6981792631603424, 0.6981673177083333, 0.6981559390113468, 0.6981449526832217, 0.698134286063058, 0.698123997279576, 0.6981141880580357, 0.6981046694800966, 0.6980955868675597, 0.6980868530273437, 0.6980783517020089, 0.698070300874256, 0.6980625842866445, 0.6980550130208334, 0.6980479213169642, 0.6980411347888765, 0.6980346098400299, 0.6980283900669644, 0.6980225045340402, 0.6980168224516369, 0.6980113728841145, 0.6980063302176339, 0.6980014474051339, 0.6979967971075149, 0.6979924810500372, 0.6979883103143601, 0.6979844592866443, 0.6979808407738095, 0.6979774838402157, 0.6979741414388022, 0.6979712640671503, 0.6979685029529389, 0.6979660470145089, 0.6979637073335193, 0.6979614693777902, 0.6979595365978423, 0.6979577782040551, 0.6979561070033483, 0.6979546247209821, 0.6979534621465774, 0.6979523722330728, 0.6979515003022693, 0.697950701032366, 0.6979501052129837, 0.6979496256510416, 0.6979493350074405, 0.6979491170247396, 0.6979491170247396, 0.6979491751534598, 0.6979494076683408, 0.697949698311942, 0.6979502214704242, 0.6979508318219866, 0.6979514857700893, 0.6979523286365327, 0.6979531715029762, 0.6979541742234003, 0.6979552641369047, 0.6979563831147694, 0.6979577636718751, 0.6979590715680803, 0.6979604811895461, 0.6979620216006325, 0.6979635620117187, 0.6979651750837054, 0.6979668608165923, 0.6979685465494793, 0.6979704357328869, 0.6979722086588541], "client_accs": {"T-shirt": [2.2857142857142856, 94.71428571428571, 94.28571428571429, 93.42857142857143, 92.71428571428571, 92.42857142857143, 91.71428571428571, 91.71428571428571, 91.14285714285714, 90.42857142857143, 90.14285714285714, 90.28571428571429, 90.0, 90.0, 90.14285714285714, 90.28571428571429, 90.14285714285714, 90.14285714285714, 90.0, 89.85714285714286, 89.57142857142857, 89.57142857142857], "pullover": [38.285714285714285, 81.0, 82.42857142857143, 83.14285714285714, 84.71428571428571, 85.0, 85.57142857142857, 85.57142857142857, 85.71428571428571, 85.85714285714286, 86.0, 85.85714285714286, 86.0, 85.85714285714286, 85.57142857142857, 85.57142857142857, 85.57142857142857, 85.71428571428571, 85.71428571428571, 85.42857142857143, 85.57142857142857, 85.57142857142857], "shirt": [42.714285714285715, 41.42857142857143, 48.0, 52.714285714285715, 55.57142857142857, 57.0, 58.42857142857143, 59.142857142857146, 61.0, 62.142857142857146, 62.42857142857143, 62.857142857142854, 63.285714285714285, 64.0, 64.28571428571429, 64.42857142857143, 64.42857142857143, 64.42857142857143, 64.71428571428571, 64.71428571428571, 64.85714285714286, 64.85714285714286]}}