{"acc_dist": [81.0, 81.85714285714286, 75.71428571428571], "mean_curve": [25.19047619047619, 72.71428571428572, 74.19047619047619, 75.23809523809524, 76.47619047619048, 76.66666666666667, 77.0, 77.23809523809524, 77.76190476190476, 78.09523809523809, 78.23809523809524, 78.19047619047619, 78.23809523809523, 78.14285714285714, 78.66666666666667, 78.76190476190476, 78.85714285714288, 79.04761904761904, 79.04761904761905, 78.80952380952381, 79.19047619047619, 79.52380952380952], "var_curve": [8.84125559259061, 15.93225453894952, 8.675819342854094, 3.494083110065553, 4.457407399556787, 5.138004765521491, 5.246313898711129, 0.9712418121129079, 1.0190921218587, 0.8597842897746584, 0.7499055118106515, 0.4096345365258393, 0.3563483225498954, 0.3499271061118842, 3.8089285249183233, 3.369194847868331, 3.136356914300023, 2.4587296463667787, 1.8528644246041646, 1.2795265564327973, 0.26937401188058857, 2.7163734660860346], "train_loss": [1.123975859142485, 0.956105230422247, 0.9269183058965772, 0.9276512799944197, 0.8728492954799107, 0.8620029413132441, 0.8656276157924108, 0.8461014520554316, 0.8451104881649926, 0.852088855561756, 0.8338063848586309, 0.8340854172479538, 0.8410653541201638, 0.8599754406156994, 0.8268169294084822, 0.8272347877139138, 0.8405830891927083, 0.8169634719122024, 0.8194689650762648, 0.8320308430989583, 0.8110437011718751, 0.8142124139694941, 0.8267238653273811, 0.806649896530878, 0.8103033156622024, 0.823208966936384, 0.8032083856491815, 0.8072997465587797, 0.8208734130859375, 0.8004609898158481, 0.8049818929036459, 0.79486572265625, 0.7981815011160714, 0.8073332287016369, 0.793504115513393, 0.7975028192429315, 0.808352544875372, 0.792486804780506, 0.7970515950520833, 0.7883263869512649, 0.7915616280691964, 0.799856683640253, 0.7877114141555058, 0.7917315383184524, 0.801916009812128, 0.7874403018043155, 0.7921167864118304, 0.783770025344122, 0.787096441359747, 0.795294945126488, 0.7836270868210565, 0.7877954682849703, 0.7979949951171875, 0.7838551257905505, 0.7887423270089285, 0.7803514753069196, 0.7838534400576638, 0.792289079938616, 0.7805730910528274, 0.7849705868675595, 0.7777222842261905, 0.7809038725353424, 0.7883438546316964, 0.7780504208519344, 0.7821346319289434, 0.7916293770926339, 0.7787990606398809, 0.7836928594680059, 0.775727277483259, 0.7792772856212798, 0.7875392950148811, 0.7763543701171876, 0.780868384951637, 0.7737140473865328, 0.7770220365978422, 0.7845538039434524, 0.7743930780319941, 0.7786658877418154, 0.7720305524553571, 0.7751872616722469, 0.7822497849237351, 0.7727638171968007, 0.7768817429315477, 0.7705875651041666, 0.7736506289527529, 0.7804069591703868, 0.7713751511346726, 0.7753972226097471, 0.7693276250930059, 0.7723365129743304, 0.7788959030877977, 0.770169910249256, 0.7741386776878721, 0.7682128615606398, 0.7711962890624999, 0.7776357886904762, 0.7691107759021577, 0.7730582101004465, 0.7672171165829612, 0.7701966203962053, 0.7765736025855654, 0.7681715901692708, 0.772122773670015, 0.7663213530040922, 0.7693141973586309, 0.7756729271298363, 0.767333984375, 0.7713091459728423, 0.7655119105747769, 0.7685321044921875, 0.7749076625279018, 0.7665842982700893, 0.7706001790364584, 0.7647784133184524, 0.7678375244140625, 0.7742588588169642, 0.765912330264137, 0.7699832007998512, 0.7641123744419643, 0.7672208077566963, 0.7737125069754466, 0.7653099132719494, 0.7694483003162201, 0.7635076904296875, 0.7666742815290178, 0.7732573009672619, 0.7647707112630209, 0.7689877464657738, 0.7629590715680803, 0.7661919875372023, 0.7728848121279762, 0.7642896379743304, 0.7685952904110863, 0.7624622163318452, 0.7657686941964285, 0.7609798758370535, 0.7636552501860119, 0.7690921747116816, 0.7620831298828126, 0.7657472156343005, 0.7606196230933779, 0.7634787132626487, 0.7692326136997768, 0.761864013671875, 0.7657225109281994, 0.7603391520182292, 0.7633440871465774, 0.769385027204241, 0.7616815185546875, 0.7657230631510417, 0.7600907389322917, 0.7632361421130952, 0.7695560418991816, 0.7615260823567708, 0.7657463437034969, 0.7598690069289434, 0.7631522042410714, 0.7584934779575893, 0.7611775716145833, 0.766507800874256, 0.7597148786272321, 0.7634022739955357, 0.758333246140253, 0.7612403215680802, 0.7669672212146578, 0.7597124953497024, 0.7636442347935267, 0.7582463146391368, 0.7613364664713541, 0.7570066906156994, 0.759553716750372, 0.7645318312872024, 0.7582114955357143, 0.7617253766741072, 0.7569473121279762, 0.7597402808779762, 0.76516116187686, 0.7583196440197173, 0.7621087355840773, 0.7569597516741071, 0.7599589901878719, 0.7657923235212053, 0.7584557814825148, 0.7625060744512648, 0.7569943963913691, 0.7601923188709078, 0.755750732421875, 0.7583954729352679, 0.7635132707868304, 0.7570613316127233, 0.7607044910249257, 0.7557883707682292, 0.7586950392950148, 0.7642842029389881, 0.7572754196893601, 0.7612134660993304, 0.7558975655691964, 0.7590259370349703, 0.7547137451171876, 0.7573134068080357, 0.7622948346819197], "client_accs": {"T-shirt": [27.0, 90.28571428571429, 84.14285714285714, 80.0, 81.57142857142857, 81.57142857142857, 81.85714285714286, 78.57142857142857, 79.14285714285714, 79.28571428571429, 79.28571428571429, 78.71428571428571, 78.71428571428571, 78.57142857142857, 81.14285714285714, 81.0, 80.85714285714286, 80.85714285714286, 80.28571428571429, 79.71428571428571, 79.0, 81.0], "pullover": [13.571428571428571, 76.14285714285714, 75.42857142857143, 74.0, 77.14285714285714, 78.85714285714286, 79.42857142857143, 76.28571428571429, 77.42857142857143, 77.71428571428571, 77.57142857142857, 77.71428571428571, 77.85714285714286, 77.71428571428571, 81.57142857142857, 81.28571428571429, 81.28571428571429, 80.71428571428571, 80.42857142857143, 79.71428571428571, 79.57142857142857, 81.85714285714286], "shirt": [35.0, 51.714285714285715, 63.0, 71.71428571428571, 70.71428571428571, 69.57142857142857, 69.71428571428571, 76.85714285714286, 76.71428571428571, 77.28571428571429, 77.85714285714286, 78.14285714285714, 78.14285714285714, 78.14285714285714, 73.28571428571429, 74.0, 74.42857142857143, 75.57142857142857, 76.42857142857143, 77.0, 79.0, 75.71428571428571]}}