{"acc_dist": [97.42857142857143, 84.42857142857143, 46.857142857142854], "mean_curve": [36.142857142857146, 73.80952380952381, 74.76190476190476, 74.90476190476191, 75.23809523809524, 75.23809523809524, 75.19047619047619, 75.47619047619047, 75.47619047619048, 75.80952380952381, 75.95238095238095, 76.28571428571429, 76.0, 76.09523809523809, 76.38095238095238, 76.33333333333333, 76.47619047619048, 76.3809523809524, 76.23809523809524, 76.23809523809524, 76.23809523809524, 76.23809523809524], "var_curve": [12.103296902842935, 22.229885300053052, 23.543658485360414, 23.722125305818267, 23.257895545715645, 23.059029052882476, 22.68276739086165, 22.61819547266999, 22.468824458844264, 22.428217568738223, 22.257104142436326, 21.71334584432123, 21.852940772540506, 21.52623248056325, 21.358722137287813, 21.33960367034159, 21.25527812268196, 21.13459727115847, 21.246955230713972, 21.35935912480106, 21.44264088382218, 21.44264088382218], "train_loss": [1.112019537062872, 0.9988618396577381, 0.923335905529204, 0.8882166399274554, 0.8680739629836309, 0.8569897024972098, 0.8490685744512648, 0.8430348132905506, 0.8382498314267114, 0.834330066499256, 0.8310291399274554, 0.8281846981956846, 0.8256875319707961, 0.823462640671503, 0.8214574323381697, 0.8196338035946801, 0.8179635474795388, 0.8164251418340774, 0.8150018455868676, 0.8136801002139137, 0.8124493262881325, 0.811300063360305, 0.8102246529715401, 0.8092166137695314, 0.8082701619466146, 0.807380124046689, 0.8065419369652158, 0.805751706077939, 0.805005609421503, 0.804300493512835, 0.8036332629975819, 0.8030010259719121, 0.8024013119652157, 0.8018319266183035, 0.8012904139927456, 0.8007749866303944, 0.8002836826869419, 0.7998148454938616, 0.7993667602539062, 0.7989381481352306, 0.7985276576450894, 0.798133777436756, 0.7977557082403273, 0.7973921276274182, 0.7970422508603051, 0.7967047555106026, 0.7963791765485491, 0.796064714704241, 0.7957605271112351, 0.7954660324823287, 0.7951805478050596, 0.7949034336635045, 0.7946344430106027, 0.7943727039155507, 0.7941181001209077, 0.7938700358072918, 0.7936282493954613, 0.7933925229027158, 0.7931622605096726, 0.7929373314267113, 0.7927175612676711, 0.7925025140671503, 0.7922920590355282, 0.7920858764648439, 0.791883821033296, 0.7916857619512648, 0.7914913068498883, 0.7913006591796875, 0.7911133975074405, 0.7909297979445684, 0.7907499186197917, 0.7905740501767112, 0.790402090890067, 0.7902340407598586, 0.7900700305757069, 0.78990966796875, 0.7897524152483258, 0.7895978073846726, 0.7894452049618677, 0.7892937651134672, 0.789142296200707, 0.7889888945079985, 0.7888318307059152, 0.788670174734933, 0.7885069056919644, 0.7883494640531993, 0.7882022094726562, 0.7880639067150298, 0.7879316057477679, 0.7878035917736236, 0.7876786004929315, 0.7875558907645089, 0.7874353899274554, 0.78731689453125, 0.7872002011253719, 0.7870853097098215, 0.7869723365420388, 0.7868612670898437, 0.7867520432245163, 0.7866449265252977, 0.7865395972842263, 0.7864362589518229, 0.7863348679315476, 0.7862354096912202, 0.7861377243768602, 0.7860418265206471, 0.7859474836077008, 0.7858550298781622, 0.7857637677873884, 0.7856739879789806, 0.7855853707449776, 0.7854978579566593, 0.785411376953125, 0.7853256952194941, 0.785240711030506, 0.7851561192103794, 0.7850718616303943, 0.7849876912434895, 0.7849032302129837, 0.7848181733630953, 0.7847321428571429, 0.784644528343564, 0.7845549955822172, 0.7844629196893601, 0.7843683297293526, 0.7842710513160341, 0.7841710844494049, 0.7840685889834448, 0.7839628237769718, 0.7838526262555804, 0.7837362961542039, 0.7836123221261161, 0.7834782627650668, 0.7833310372488839, 0.783166024344308, 0.7829824829101563, 0.7827908761160716, 0.7826115199497767, 0.7824605160667781, 0.7823398989722842, 0.7822422572544644, 0.7821587117513021, 0.782083478655134, 0.7820132591610863, 0.7819471232096354, 0.7818841552734375, 0.7818243553524926, 0.781767098563058, 0.7817122686476935, 0.7816592552548363, 0.7816078258696058, 0.7815574573335193, 0.7815080333891369, 0.7814589872814359, 0.7814103190104168, 0.7813618687220982, 0.7813133748372395, 0.78126463390532, 0.7812156313941592, 0.7811655825660342, 0.7811146182105655, 0.7810623023623512, 0.7810079229445684, 0.7809512619745164, 0.780891578311012, 0.7808282761346726, 0.7807612246558779, 0.7806912667410714, 0.7806206694103421, 0.7805526588076637, 0.7804896763392857, 0.7804324340820313, 0.7803797403971354, 0.7803304327101935, 0.7802837844122023, 0.7802388654436383, 0.7801954868861607, 0.7801530965169272, 0.7801116652715775, 0.7800711350213914, 0.7800310262044271, 0.779991455078125, 0.779952378045945, 0.7799133882068453, 0.7798749215262277, 0.7798364839099703, 0.779798322405134, 0.7797603643508184, 0.779722420828683, 0.7796846807570684, 0.7796470424107144, 0.7796095057896206, 0.7795718529110863, 0.779534432547433, 0.7794969685872396, 0.7794597226097469, 0.7794224475678945, 0.7793853323800223, 0.7793482607886905, 0.7793111746651785, 0.779274161202567], "client_accs": {"T-shirt": [39.285714285714285, 96.0, 96.28571428571429, 96.42857142857143, 96.42857142857143, 96.28571428571429, 96.28571428571429, 96.71428571428571, 96.85714285714286, 97.28571428571429, 97.42857142857143, 97.42857142857143, 97.42857142857143, 97.28571428571429, 97.14285714285714, 97.14285714285714, 97.28571428571429, 97.28571428571429, 97.28571428571429, 97.42857142857143, 97.42857142857143, 97.42857142857143], "pullover": [20.0, 82.0, 86.0, 86.42857142857143, 86.42857142857143, 86.28571428571429, 85.57142857142857, 85.57142857142857, 85.14285714285714, 85.28571428571429, 85.14285714285714, 85.0, 84.57142857142857, 84.42857142857143, 85.0, 84.85714285714286, 84.85714285714286, 84.42857142857143, 84.28571428571429, 84.28571428571429, 84.42857142857143, 84.42857142857143], "shirt": [49.142857142857146, 43.42857142857143, 42.0, 41.857142857142854, 42.857142857142854, 43.142857142857146, 43.714285714285715, 44.142857142857146, 44.42857142857143, 44.857142857142854, 45.285714285714285, 46.42857142857143, 46.0, 46.57142857142857, 47.0, 47.0, 47.285714285714285, 47.42857142857143, 47.142857142857146, 47.0, 46.857142857142854, 46.857142857142854]}}