{"acc_dist": [80.57142857142857, 73.0, 74.0], "mean_curve": [44.952380952380956, 61.61904761904762, 65.42857142857143, 67.61904761904762, 69.38095238095238, 70.42857142857143, 71.3809523809524, 71.76190476190477, 72.19047619047619, 72.71428571428571, 73.19047619047619, 73.28571428571428, 73.71428571428571, 74.28571428571429, 74.66666666666667, 74.95238095238095, 75.19047619047619, 75.19047619047619, 75.28571428571429, 75.47619047619047, 75.71428571428571, 75.85714285714285], "var_curve": [16.856470258306185, 16.405297523911983, 17.56968632477599, 16.98712330786599, 16.239840710544385, 15.544975345860196, 14.382686744990838, 13.296377356018848, 12.559698712390823, 11.616900660347447, 10.258119951692448, 9.392427113096486, 8.071955313617263, 7.076837758000473, 6.3292145575971555, 5.398832493257171, 5.219447325674196, 4.616346780341776, 4.2825385058889776, 3.904181141479933, 3.7051168883670265, 3.3584090823819905], "train_loss": [1.0587636893136159, 1.0424371047247023, 1.0276824369884672, 1.014453677222842, 1.0026505533854166, 0.9923376464843751, 0.983178216843378, 0.9750124104817708, 0.967696765718006, 0.9611052885509671, 0.955131109328497, 0.9496835763113838, 0.9446869187127976, 0.9400781540643601, 0.9358050246465774, 0.9318235560825894, 0.9280975051153274, 0.9245962669735862, 0.9212939453125001, 0.9181690615699405, 0.9152028982979911, 0.9123800513857887, 0.9096868315197173, 0.9071117873418899, 0.9046447753906249, 0.9022771344866071, 0.9000011335100447, 0.8978102329799107, 0.8956983875093005, 0.8936605108351935, 0.8916919235956101, 0.8897884114583333, 0.8879462541852678, 0.8861621675037202, 0.884432896205357, 0.8827558099655878, 0.8811281040736607, 0.8795478602818081, 0.8780124627976189, 0.8765202404203869, 0.8750691731770833, 0.8736576189313615, 0.8722838774181548, 0.8709465390159968, 0.869644048781622, 0.8683750261579242, 0.8671383666992188, 0.8659327915736608, 0.8647569638206845, 0.8636098952520461, 0.8624908592587426, 0.8613982718331473, 0.8603317406063988, 0.8592898414248512, 0.8582722400483632, 0.8572774396623885, 0.856305178687686, 0.8553544253394717, 0.854424830845424, 0.8535154651460193, 0.8526258777436756, 0.8517553129650297, 0.8509031895228795, 0.8500688825334821, 0.849251970563616, 0.8484518432617189, 0.8476679193405877, 0.8468997047061012, 0.8461469087146577, 0.8454087320963541, 0.8446849132719493, 0.8439750162760417, 0.8432785034179687, 0.8425951276506697, 0.8419244239443824, 0.8412659999302455, 0.8406194341750372, 0.8399844650995164, 0.8393607148670016, 0.8387478347051712, 0.8381456356956845, 0.8375537981305804, 0.8369717552548362, 0.8363995216006325, 0.8358368355887277, 0.8352832321893601, 0.8347386242094493, 0.8342028517950149, 0.8336753917875743, 0.8331560843331474, 0.8326448713030133, 0.8321414475213914, 0.8316456967308407, 0.8311572556268602, 0.8306759498232887, 0.8302017357235864, 0.8297343662806919, 0.8292735799153647, 0.8288192749023438, 0.8283712041945684, 0.8279293387276786, 0.8274934314546131, 0.8270634823753721, 0.8266388811383929, 0.8262199183872768, 0.8258062453497024, 0.8253978329613095, 0.8249945068359374, 0.8245960053943452, 0.8242024158296131, 0.8238133603050595, 0.8234287225632441, 0.8230484735398066, 0.8226725841703869, 0.8223007638113838, 0.8219328380766369, 0.8215688360305059, 0.8212084089006697, 0.8208516438802084, 0.8204984537760417, 0.8201484898158483, 0.8198018682570685, 0.8194582984561012, 0.8191177222842262, 0.8187799944196428, 0.8184450567336311, 0.8181129092261905, 0.8177831159319195, 0.8174559384300596, 0.8171309698195685, 0.8168082972935268, 0.816487804594494, 0.8161693464006697, 0.8158527483258928, 0.8155381556919643, 0.8152251906622023, 0.8149139694940476, 0.8146043759300595, 0.8142962065197171, 0.8139895484561013, 0.8136841692243303, 0.8133802141462053, 0.8130773635137648, 0.8127758207775297, 0.8124752662295386, 0.8121756708054315, 0.8118772960844494, 0.8115795607793898, 0.811282958984375, 0.8109870256696429, 0.810691906156994, 0.8103975423177082, 0.8101040504092262, 0.8098111107235862, 0.8095188395182292, 0.8092273530505952, 0.8089363316127233, 0.8086460367838542, 0.8083562941778274, 0.8080670456659226, 0.8077784656343004, 0.8074903796968006, 0.8072028459821429, 0.8069159226190475, 0.8066294933500745, 0.8063436453683036, 0.806058349609375, 0.8057736351376489, 0.8054895310174851, 0.805206037248884, 0.8049230666387649, 0.8046408226376487, 0.8043591017950149, 0.8040780784970237, 0.8037976655505953, 0.8035179792131696, 0.8032389904203869, 0.8029607282366072, 0.8026831345331101, 0.8024064127604166, 0.8021304757254465, 0.8018553234281994, 0.8015809849330356, 0.8013076927548363, 0.8010350981212797, 0.8007635498046876, 0.8004927862258184, 0.800223127092634, 0.7999545433407738, 0.7996869477771577, 0.799420398530506, 0.7991548374720981, 0.798238292875744, 0.7980843970889137, 0.7979136439732143, 0.7977288527715775, 0.7975327845982143, 0.7973281715029762, 0.7971166410900298, 0.7969000244140624, 0.7966793677920387], "client_accs": {"T-shirt": [65.42857142857143, 84.28571428571429, 89.42857142857143, 90.57142857142857, 91.14285714285714, 91.0, 90.28571428571429, 89.14285714285714, 88.71428571428571, 88.0, 86.85714285714286, 85.85714285714286, 84.71428571428571, 84.14285714285714, 83.57142857142857, 82.57142857142857, 82.57142857142857, 81.71428571428571, 81.28571428571429, 80.85714285714286, 80.71428571428571, 80.57142857142857], "pullover": [24.142857142857142, 54.57142857142857, 59.0, 62.285714285714285, 64.85714285714286, 66.85714285714286, 68.42857142857143, 69.28571428571429, 69.57142857142857, 70.28571428571429, 70.57142857142857, 70.71428571428571, 70.85714285714286, 70.85714285714286, 71.0, 71.57142857142857, 71.57142857142857, 71.71428571428571, 71.57142857142857, 71.71428571428571, 71.85714285714286, 73.0], "shirt": [45.285714285714285, 46.0, 47.857142857142854, 50.0, 52.142857142857146, 53.42857142857143, 55.42857142857143, 56.857142857142854, 58.285714285714285, 59.857142857142854, 62.142857142857146, 63.285714285714285, 65.57142857142857, 67.85714285714286, 69.42857142857143, 70.71428571428571, 71.42857142857143, 72.14285714285714, 73.0, 73.85714285714286, 74.57142857142857, 74.0]}}