{"acc_dist": [93.28571428571429, 91.85714285714286, 59.57142857142857], "mean_curve": [38.476190476190474, 74.28571428571429, 77.0952380952381, 78.47619047619048, 79.19047619047619, 79.95238095238096, 80.33333333333334, 80.52380952380952, 80.90476190476191, 81.0, 81.04761904761904, 80.9047619047619, 80.95238095238096, 81.04761904761905, 81.19047619047619, 81.38095238095238, 81.33333333333333, 81.38095238095238, 81.42857142857143, 81.61904761904762, 81.57142857142857, 81.57142857142857], "var_curve": [12.896412691809314, 16.042460665923016, 14.878342628299677, 14.615402058248792, 14.746997080846471, 14.672076924206786, 14.598636285828064, 14.610746829046567, 14.451576819238737, 14.42409171382058, 14.546352528454896, 14.736845088912455, 14.574385009759363, 14.631218758472471, 14.631218758472471, 14.9422167455114, 15.107025591499548, 15.235714099673313, 15.468642848182443, 15.396939943936532, 15.567277734222573, 15.567277734222573], "train_loss": [1.0864107549758184, 0.9348411923363095, 0.8977888997395834, 0.8788519141787573, 0.8658845011393229, 0.856048831031436, 0.8481661115373885, 0.8416219366164435, 0.8360491362072172, 0.8312108212425594, 0.8269463384719122, 0.8231434268043155, 0.8197235107421875, 0.8166300746372768, 0.8138206409272692, 0.8112619890485492, 0.8089264351981026, 0.8067884172712053, 0.8048237537202381, 0.8030104573567708, 0.8013293021065847, 0.7997643461681547, 0.7983022780645461, 0.7969319516136534, 0.7956438337053572, 0.7944300043015254, 0.7932833281017485, 0.792197788783482, 0.7911679222470238, 0.790189223516555, 0.7892572602771577, 0.7883685448056176, 0.7875194004603795, 0.786707037062872, 0.7859287516276042, 0.7851819283621652, 0.7844646344866071, 0.7837746465773808, 0.7831101917085194, 0.7824693516322544, 0.7818509783063616, 0.7812535022553942, 0.7806756301153274, 0.7801161411830358, 0.779573974609375, 0.7790480986095609, 0.7785377284458704, 0.7780418468656993, 0.7775597272600446, 0.7770904686337426, 0.7766335478283111, 0.7761883690243675, 0.7757542056129093, 0.7753304181780134, 0.7749166434151786, 0.7745123145693823, 0.7741170974004836, 0.7737303379603794, 0.7733519199916294, 0.7729811604817708, 0.772617928641183, 0.7722617739722842, 0.771912333170573, 0.7715695190429687, 0.7712328374953498, 0.7709021722702754, 0.7705771600632442, 0.7702575538271949, 0.7699432663690476, 0.7696340506417411, 0.7693295578729539, 0.7690298025948662, 0.7687344215029762, 0.768443356468564, 0.7681564621698289, 0.76787357875279, 0.7675944301060268, 0.7673189435686384, 0.7670470900762649, 0.7667786225818453, 0.7665135410853795, 0.7662516566685268, 0.7659927077520461, 0.7657368832542782, 0.7654839651925224, 0.7652337791806175, 0.764986339750744, 0.7647415451776413, 0.7644991484142484, 0.7642593238467262, 0.7640219116210938, 0.7637866646902903, 0.763553931826637, 0.7633231608072917, 0.7630945260184152, 0.7628680274600074, 0.7626434762137277, 0.7624209449404762, 0.7622002883184523, 0.7619814191545758, 0.761764395577567, 0.7615491303943452, 0.7613355654761905, 0.7611237153552827, 0.7609134492420014, 0.7607047235398067, 0.7604976109095981, 0.7602919950939359, 0.7600878760928199, 0.7598851376488095, 0.7596839686802456, 0.759484107607887, 0.759285627092634, 0.7590884254092263, 0.7588925025576637, 0.7586979457310269, 0.7585045950753347, 0.7583124796549479, 0.7581215122767856, 0.757931881859189, 0.7577432105654762, 0.7575557454427083, 0.7573694283621651, 0.7571842157273067, 0.7570001075381324, 0.7568170311337425, 0.756634986514137, 0.7564539736793154, 0.756273949032738, 0.756094956170945, 0.7559169514973959, 0.7557397606259301, 0.755563703264509, 0.7553885033017114, 0.7552142769949777, 0.7550408790225074, 0.754868411109561, 0.754696742466518, 0.7545260329473588, 0.754356180826823, 0.7541871134440105, 0.7540189615885416, 0.7538515944707962, 0.7536851138160342, 0.7535194178989956, 0.7533544921875, 0.7531904384068081, 0.7530271984281994, 0.7528648158482142, 0.7527032470703126, 0.7525424920944941, 0.7523825945172992, 0.7522234090169272, 0.7520651971726191, 0.7519077700660342, 0.7517511422293527, 0.7515953572591146, 0.7514404296875, 0.7512862577892485, 0.7511328125, 0.7509802682059151, 0.7508284359886533, 0.7506774466378348, 0.7505271548316593, 0.7503776186988467, 0.7502288382393972, 0.750080827985491, 0.7499335734049479, 0.7497869001116072, 0.7496409679594495, 0.7494957914806548, 0.7493513561430433, 0.7492074875604539, 0.7490643601190476, 0.7489218720935641, 0.7487800380161831, 0.7486388578869048, 0.7484983317057292, 0.7483585321335565, 0.7482193138485863, 0.7480807640438988, 0.7479428536551339, 0.7478056262788318, 0.7476688929966517, 0.747532973516555, 0.7473975626627604, 0.7472629365466891, 0.7471287899925595, 0.7469952683221726, 0.7468625313895089, 0.7467303757440477, 0.7465987723214287, 0.7464679100399926, 0.746337629045759, 0.7462079148065476, 0.746078883579799, 0.7459504772367932, 0.7458225359235491, 0.745695321219308, 0.7455687023344494, 0.7454427228655134], "client_accs": {"T-shirt": [56.714285714285715, 92.85714285714286, 92.85714285714286, 92.85714285714286, 92.85714285714286, 92.85714285714286, 92.85714285714286, 92.85714285714286, 92.85714285714286, 93.0, 93.0, 92.85714285714286, 92.85714285714286, 92.85714285714286, 93.0, 93.0, 93.0, 93.0, 93.14285714285714, 93.14285714285714, 93.28571428571429, 93.28571428571429], "pullover": [29.285714285714285, 76.28571428571429, 81.28571428571429, 84.14285714285714, 86.0, 87.57142857142857, 88.28571428571429, 88.71428571428571, 89.28571428571429, 89.28571428571429, 89.57142857142857, 89.71428571428571, 89.57142857142857, 89.85714285714286, 90.0, 90.85714285714286, 91.0, 91.28571428571429, 91.57142857142857, 91.85714285714286, 91.85714285714286, 91.85714285714286], "shirt": [29.428571428571427, 53.714285714285715, 57.142857142857146, 58.42857142857143, 58.714285714285715, 59.42857142857143, 59.857142857142854, 60.0, 60.57142857142857, 60.714285714285715, 60.57142857142857, 60.142857142857146, 60.42857142857143, 60.42857142857143, 60.57142857142857, 60.285714285714285, 60.0, 59.857142857142854, 59.57142857142857, 59.857142857142854, 59.57142857142857, 59.57142857142857]}}