{"acc_dist": [89.14285714285714, 81.28571428571429, 64.57142857142857], "mean_curve": [36.142857142857146, 59.42857142857142, 67.71428571428571, 70.0, 71.28571428571428, 72.57142857142857, 73.61904761904762, 74.28571428571429, 74.95238095238095, 75.47619047619047, 76.04761904761905, 76.42857142857143, 76.52380952380952, 76.85714285714286, 77.28571428571428, 77.52380952380952, 77.66666666666667, 77.6190476190476, 77.90476190476191, 78.04761904761905, 78.28571428571428, 78.33333333333333], "var_curve": [12.103296902842935, 22.73449235978545, 16.477979534026908, 14.89053025101734, 13.648652471424215, 13.007585437411686, 12.455271448189016, 11.92208263776798, 11.237893460658299, 11.001752076502838, 10.744613162796535, 10.381170814652515, 10.44866513840898, 10.296290858468252, 10.08197691444497, 10.30839650715633, 10.338708279513883, 10.246176212818465, 10.131337075120205, 10.246176212818465, 10.196037645745989, 10.246176212818467], "train_loss": [1.112019537062872, 1.0985985746837799, 1.0849874732607887, 1.0718975539434525, 1.0589488292875744, 1.0462052699497768, 1.0337000674293153, 1.0214633905319939, 1.0095501708984376, 0.9980550130208332, 0.9871026320684523, 0.9768207368396578, 0.9673025367373512, 0.9585853794642857, 0.9517790876116071, 0.9455084228515624, 0.9397235688709077, 0.9343765404110863, 0.9294228690011161, 0.9248218064081101, 0.9205367024739584, 0.9165345982142857, 0.9127861967540922, 0.9092656889415922, 0.905950433640253, 0.9028206380208333, 0.8998587472098215, 0.8970491245814732, 0.8943785749162947, 0.8918350074404762, 0.8894081043061756, 0.8870884486607142, 0.8848678734188988, 0.882738531203497, 0.8806943184988839, 0.8787286958240328, 0.8768368094308036, 0.8750138055710566, 0.8732554408482143, 0.8715577625093006, 0.8699170503162202, 0.8683301362537202, 0.8667942882719494, 0.8653064546130952, 0.863864048549107, 0.8624650646391369, 0.8611070614769346, 0.8597880336216518, 0.8585063534691221, 0.8572599574497768, 0.8560474504743304, 0.854867175874256, 0.8537178838820685, 0.8525981794084821, 0.8515067254929315, 0.8504423014322917, 0.8494040062313989, 0.8483907499767485, 0.8474013119652158, 0.8464351109095981, 0.8454910568963915, 0.8445683942522321, 0.8436661638532366, 0.8427838570731027, 0.8419205293201265, 0.8410756138392856, 0.8402484566824776, 0.8394386073521205, 0.8386452375139509, 0.8378678385416666, 0.8371060325985864, 0.836359151204427, 0.8356267729259672, 0.834908461797805, 0.8342036510649181, 0.8335121372767857, 0.832833251953125, 0.8321669079008557, 0.831512451171875, 0.8308696928478422, 0.8302382114955357, 0.8296177164713542, 0.829008062453497, 0.8284085518973215, 0.8278192719959078, 0.827239743187314, 0.826669703892299, 0.8261089361281622, 0.8255573381696428, 0.825014415922619, 0.8244801548549107, 0.8239541625976563, 0.8234363228934152, 0.8229263741629463, 0.8224241274879093, 0.8219294084821428, 0.8214421154203869, 0.8209619721912201, 0.8204888334728423, 0.8200224522181919, 0.8195628284272694, 0.8191097150530133, 0.818662865048363, 0.8182223510742187, 0.8177878824869792, 0.8173592994326637, 0.8169365728469122, 0.8165194556826637, 0.8161079479399181, 0.8157019333612351, 0.8153012230282738, 0.8149056861514138, 0.8145152210053944, 0.8141297113327752, 0.8137491280691965, 0.8133733549572173, 0.813002217610677, 0.8126357886904763, 0.8122737339564733, 0.8119161115373883, 0.8115628778366816, 0.8112136986142113, 0.8108689226422992, 0.8105281284877233, 0.8101912434895833, 0.8098583257765997, 0.8095294189453126, 0.8092040289015997, 0.8088824898856027, 0.8085646420433408, 0.808250267392113, 0.8079395257859003, 0.807632053920201, 0.8073279971168156, 0.807027384440104, 0.806729968843006, 0.8064356921968004, 0.8061446416945683, 0.8058566429501489, 0.8055718122209822, 0.8052898733956472, 0.8050108991350445, 0.8047347586495536, 0.8044616117931548, 0.8041911679222471, 0.8039234706333706, 0.8036585344587053, 0.8033961995442708, 0.8031365530831472, 0.8028794206891741, 0.8026247732979911, 0.8023726981026785, 0.8021231369745164, 0.801875973656064, 0.8016312517438617, 0.8013887677873884, 0.8011486816406249, 0.8009107607886904, 0.8006751214890252, 0.8004416329520089, 0.800210455031622, 0.7999813842773437, 0.799754406156994, 0.7995294189453125, 0.7993065679640997, 0.7990858241489955, 0.7988669404529389, 0.7986500767299107, 0.7984351312546503, 0.7982221330915178, 0.7980108497256325, 0.7978017171223959, 0.797594212123326, 0.7973885091145833, 0.7971846371605283, 0.7969825236002603, 0.7967821103050595, 0.7965833972749256, 0.7963864426385788, 0.7961910720098585, 0.7959973435174851, 0.7958053443545386, 0.7956147984095981, 0.7954259091331846, 0.7952384876069568, 0.7950525919596355, 0.7948683675130209, 0.7946854800269717, 0.7945041474841891, 0.7943242826915923, 0.7941457839239211, 0.793968723842076, 0.7937931024460566, 0.7936188470749629, 0.7934460013253348, 0.7932744780040922, 0.7931042189825149, 0.7929353405180432, 0.7927677844819568, 0.792601536342076, 0.7924364507765999], "client_accs": {"T-shirt": [39.285714285714285, 89.0, 91.0, 91.0, 90.42857142857143, 90.57142857142857, 90.57142857142857, 90.42857142857143, 90.0, 89.85714285714286, 89.57142857142857, 89.14285714285714, 89.0, 88.85714285714286, 88.85714285714286, 89.0, 89.0, 88.71428571428571, 88.85714285714286, 88.85714285714286, 89.0, 89.14285714285714], "pullover": [20.0, 33.714285714285715, 56.857142857142854, 60.857142857142854, 63.857142857142854, 66.85714285714286, 69.28571428571429, 70.42857142857143, 71.85714285714286, 73.42857142857143, 75.28571428571429, 76.42857142857143, 77.14285714285714, 78.0, 78.71428571428571, 79.57142857142857, 80.0, 80.14285714285714, 80.42857142857143, 81.0, 81.28571428571429, 81.28571428571429], "shirt": [49.142857142857146, 55.57142857142857, 55.285714285714285, 58.142857142857146, 59.57142857142857, 60.285714285714285, 61.0, 62.0, 63.0, 63.142857142857146, 63.285714285714285, 63.714285714285715, 63.42857142857143, 63.714285714285715, 64.28571428571429, 64.0, 64.0, 64.0, 64.42857142857143, 64.28571428571429, 64.57142857142857, 64.57142857142857]}}