{"acc_dist": [93.71428571428571, 85.57142857142857, 48.714285714285715], "mean_curve": [36.142857142857146, 56.85714285714286, 64.80952380952381, 66.14285714285714, 67.47619047619047, 68.90476190476191, 70.66666666666667, 71.6190476190476, 72.38095238095237, 73.28571428571429, 73.95238095238095, 74.23809523809524, 74.47619047619048, 74.71428571428571, 75.04761904761905, 75.28571428571429, 75.3809523809524, 75.52380952380952, 75.66666666666667, 76.0, 76.0, 76.0], "var_curve": [12.103296902842935, 26.06036947441185, 31.524600766936597, 32.25936556516056, 31.685171821826767, 29.96082097758327, 28.04426368481767, 26.69488303112324, 25.61205427651282, 24.603246287657985, 23.728720028585848, 23.071711138866213, 22.269021016922906, 22.026885242116908, 21.52370417167643, 21.19138574826981, 21.05849751193844, 20.749996584979094, 20.332385391085083, 19.758060440765746, 19.57820529182845, 19.57820529182845], "train_loss": [1.0255675978887648, 1.0110282679966518, 0.9982225690569196, 0.9866066196986606, 0.9754986862909226, 0.9643593924386161, 0.9529389590308779, 0.9413221668061756, 0.9299031575520833, 0.9192664446149553, 0.9099781436011906, 0.9023768543061755, 0.8964847237723214, 0.8920698038736979, 0.8887872750418526, 0.8862993803478423, 0.8843365042550224, 0.8827069818405878, 0.8812841215587798, 0.8799873279389882, 0.878766857328869, 0.877592279343378, 0.8764450654529391, 0.875314229329427, 0.874193100702195, 0.8730776977539062, 0.8719661748976936, 0.8708569917224702, 0.8697499157133556, 0.8686447288876488, 0.8675416928245907, 0.8664410109747024, 0.8653434390113467, 0.8642493983677455, 0.8631595575241815, 0.8620747448149181, 0.8609956432524181, 0.8599230230422247, 0.8588576834542412, 0.8578006562732515, 0.8567525954473586, 0.8557143729073662, 0.8546868751162574, 0.8536709449404762, 0.8526672944568453, 0.8516765776134673, 0.8506996372767857, 0.8497369966052828, 0.8487892368861608, 0.8478568812779018, 0.8469404529389881, 0.8460401262555802, 0.8451561773390996, 0.8442889694940477, 0.8434384300595239, 0.8426048351469495, 0.8417880249023438, 0.8409881301153274, 0.8402049328031994, 0.8394384184337799, 0.8386879330589657, 0.837953839983259, 0.8372353254045759, 0.8365325782412575, 0.8358448573521206, 0.8351721046084449, 0.8345138113839287, 0.8338696434384301, 0.8332393246605282, 0.8326221720377603, 0.8320182146344867, 0.8314266386486234, 0.8308474876767112, 0.8302800932384672, 0.8297242809477305, 0.829179425920759, 0.8286454700288318, 0.8281219046456473, 0.8276083519345239, 0.8271046956380209, 0.8266103690011161, 0.8261252993629093, 0.8256489926292784, 0.8251813470749628, 0.8247219122023809, 0.8242706298828125, 0.8238270496186756, 0.8233909824916293, 0.822962384905134, 0.8225408499581474, 0.8221261160714285, 0.8217181251162575, 0.8213164992559524, 0.8209212966192337, 0.82053219749814, 0.8201488967168898, 0.8197713652111235, 0.8193995303199405, 0.819033203125, 0.8186719621930804, 0.8183160400390624, 0.8179650442940849, 0.817618916829427, 0.8172775849841889, 0.8169409906296504, 0.8166087123325892, 0.8162808518182665, 0.8159573509579614, 0.8156380498976935, 0.815322759719122, 0.815011480422247, 0.8147041538783483, 0.8144004022507442, 0.8141005161830357, 0.8138042631603423, 0.813511468796503, 0.8132222202845982, 0.812936285109747, 0.8126536196754093, 0.8123742094494047, 0.8120980108351934, 0.8118248639787947, 0.8115545944940475, 0.8112875075567336, 0.8110231526692709, 0.8107617042178199, 0.8105030023484003, 0.8102470615931919, 0.8099937802269346, 0.8097431582496281, 0.8094950067429316, 0.8092494274321056, 0.8090062604631697, 0.8087656075613839, 0.8085272071475075, 0.8082911609468005, 0.8080575561523436, 0.8078260585239955, 0.8075966971261161, 0.8073695155552456, 0.8071444556826637, 0.8069215029761905, 0.8067006574358259, 0.8064816865466891, 0.8062648228236607, 0.8060499064127603, 0.8058368210565475, 0.8056255667550224, 0.8054161871047247, 0.8052086675734746, 0.8050027756463914, 0.8047987438383557, 0.8045965430850076, 0.8043959408714657, 0.8041969081333705, 0.8039997355143229, 0.8038040306454612, 0.8036099969773066, 0.8034174310593377, 0.8032263910202753, 0.803036847795759, 0.8028490193684895, 0.8026624261765253, 0.802477315266927, 0.8022936430431548, 0.8021115112304686, 0.8019306437174478, 0.8017512439546132, 0.801573021298363, 0.8013961937313988, 0.8012207757859003, 0.8010465349469866, 0.8008735729399182, 0.8007019478934151, 0.8005314854213169, 0.8003622581845239, 0.8001941789899553, 0.8000273204985119, 0.7998616536458333, 0.7996972074962798, 0.7995337785993303, 0.799371599469866, 0.7992104666573661, 0.7990503510974701, 0.7988913545154389, 0.7987334623790923, 0.7985766310918899, 0.7984208751860118, 0.7982660638718378, 0.7981122262137278, 0.7979595656622024, 0.7978077625093007, 0.7976569184802828, 0.7975071062360491, 0.7973582531156994, 0.7972103009905135, 0.7970633079892114, 0.7969172159830729, 0.7967720540364583, 0.7966277785528275, 0.7964843895321799], "client_accs": {"T-shirt": [39.285714285714285, 93.57142857142857, 94.42857142857143, 95.14285714285714, 95.28571428571429, 95.28571428571429, 95.28571428571429, 95.14285714285714, 95.0, 94.85714285714286, 94.57142857142857, 94.71428571428571, 94.57142857142857, 94.57142857142857, 94.28571428571429, 94.28571428571429, 94.28571428571429, 94.14285714285714, 93.85714285714286, 93.71428571428571, 93.71428571428571, 93.71428571428571], "pullover": [20.0, 41.285714285714285, 78.85714285714286, 82.14285714285714, 84.0, 84.42857142857143, 85.28571428571429, 85.42857142857143, 85.57142857142857, 86.14285714285714, 86.57142857142857, 86.0, 85.42857142857143, 85.57142857142857, 85.85714285714286, 85.85714285714286, 85.85714285714286, 85.85714285714286, 85.85714285714286, 85.85714285714286, 85.57142857142857, 85.57142857142857], "shirt": [49.142857142857146, 35.714285714285715, 21.142857142857142, 21.142857142857142, 23.142857142857142, 27.0, 31.428571428571427, 34.285714285714285, 36.57142857142857, 38.857142857142854, 40.714285714285715, 42.0, 43.42857142857143, 44.0, 45.0, 45.714285714285715, 46.0, 46.57142857142857, 47.285714285714285, 48.42857142857143, 48.714285714285715, 48.714285714285715]}}