{"acc_dist": [93.57142857142857, 92.57142857142857, 51.714285714285715], "mean_curve": [44.952380952380956, 72.80952380952381, 74.9047619047619, 75.52380952380952, 76.04761904761905, 76.66666666666667, 77.19047619047619, 77.57142857142857, 77.47619047619048, 77.38095238095238, 77.47619047619048, 77.71428571428572, 77.61904761904762, 78.33333333333333, 78.71428571428571, 78.85714285714286, 78.80952380952381, 78.47619047619047, 78.52380952380952, 78.80952380952381, 79.38095238095237, 79.28571428571429], "var_curve": [16.856470258306185, 20.332719963983834, 21.946544002434496, 23.586382942652744, 23.433603795576822, 23.673037371927972, 22.81255571856644, 22.17033625193379, 22.417599176416445, 22.20692217058117, 22.27421355669288, 22.12610733613891, 22.46519101312597, 21.452790546272116, 20.510160083886877, 20.510160083886884, 20.577490288564437, 21.452790546272112, 21.179611982253615, 20.473754007865857, 19.66568658920769, 19.500218034713367], "train_loss": [1.0587636893136159, 0.940649152483259, 0.9066424415225075, 0.8885880824497767, 0.8733641996837798, 0.8631315249488467, 0.8535557774135044, 0.8464795067196801, 0.8402606927780879, 0.8353451392764137, 0.8311216517857143, 0.8280408586774554, 0.8248602149600074, 0.8223667544410341, 0.8197708711170014, 0.8170386468796503, 0.8146040852864583, 0.8123878115699404, 0.8106909906296503, 0.809263683500744, 0.8077400280180432, 0.8058146449497768, 0.8050405883789064, 0.8042820667085193, 0.802337631952195, 0.8017526971726191, 0.8012252807617188, 0.8006598191034225, 0.7993331182570683, 0.7989170328776042, 0.7968613542829242, 0.7951175072079613, 0.794959716796875, 0.7932117571149554, 0.7923216465541295, 0.790781526111421, 0.7908043852306547, 0.7892543102446057, 0.7885571870349702, 0.7880259486607143, 0.7881633068266369, 0.7881524512881324, 0.7864881388346353, 0.7860419863746279, 0.786110578264509, 0.7861100115094867, 0.7862242489769344, 0.7862733532133556, 0.7851597667875744, 0.7844996861049108, 0.7829633730933779, 0.7815425909133186, 0.7816611880347842, 0.7812826828729538, 0.779991673060826, 0.7787647356305802, 0.7776376633417038, 0.7779973783947173, 0.7778763253348213, 0.7767913382393973, 0.777016834077381, 0.7759329223632814, 0.7749791317894346, 0.7752547055199033, 0.7755153111049107, 0.7744002278645833, 0.7733682105654761, 0.7733886428106399, 0.7723900931222097, 0.7728883289155507, 0.7719155593145461, 0.7720229521251861, 0.7725250825427827, 0.7714518083844867, 0.7715494791666666, 0.7720636858258928, 0.7721106974283855, 0.7710965256463913, 0.7713448079427083, 0.7713960774739582, 0.7707108997163319, 0.7707713971819196, 0.7697109840029762, 0.7687428211030506, 0.7683191499255954, 0.7679523722330729, 0.7684245663597471, 0.7673661586216518, 0.7679591442289807, 0.7684741646902902, 0.7672819446382069, 0.7662639799572174, 0.7668545241582961, 0.7674372064499629, 0.7662378946940104, 0.7660993739536831, 0.7667425973074776, 0.7655248732793899, 0.7661073521205357, 0.7666284760974702, 0.7663729858398437, 0.7652309454055061, 0.7642026338123139, 0.7647908383324031, 0.7637082635788691, 0.764361339750744, 0.7649264817010789, 0.7646664138067335, 0.7642662847609746, 0.7640251813616071, 0.7638612438383556, 0.7638030715215773, 0.7626074800037204, 0.7631372215634299, 0.7620076061430433, 0.7625526210239956, 0.7623461623418898, 0.762025626046317, 0.7625660778227307, 0.7630730765206474, 0.7625742739722842, 0.7630447533017112, 0.7626174926757813, 0.7614146931966146, 0.7604063342866443, 0.7595209902808779, 0.7601007080078125, 0.7598178245907738, 0.7597583589099702, 0.7603084745861235, 0.7599842325846353, 0.7589995611281622, 0.7581445893787203, 0.7573939732142857, 0.7567234874906994, 0.7572662208193824, 0.7565496680850075, 0.7559508550734747, 0.7560931396484375, 0.7559992908296133, 0.75597412109375, 0.7566346958705358, 0.756621602376302, 0.7558360508510044, 0.7551734996977307, 0.7552236938476563, 0.7552384149460565, 0.7545754132952008, 0.7546725318545388, 0.7552324858165923, 0.7552350434802827, 0.755312238420759, 0.7559430803571429, 0.7565510486421131, 0.7570260038829986, 0.7566566394624257, 0.7572269112723214, 0.7568997047061012, 0.7558601452055432, 0.754993402390253, 0.7542030407133558, 0.753523167201451, 0.7535101754324778, 0.7541835385277157, 0.7548749360584077, 0.7554293677920386, 0.7544501023065475, 0.7543268548874629, 0.7550015549432665, 0.7547923351469494, 0.7553562854585194, 0.7558397710890996, 0.7547911725725447, 0.7544827706473214, 0.7536218843005952, 0.7535106840587797, 0.7534431966145833, 0.7539658900669642, 0.7538299996512277, 0.7545367722284227, 0.7535093180338542, 0.7542140415736607, 0.7532153610956102, 0.7523978387741815, 0.7528753516787575, 0.752916506812686, 0.7520056442987352, 0.7524625069754464, 0.7525522722516741, 0.7516393752325149, 0.750882059733073, 0.75132813953218, 0.7505893089657739, 0.7499849446614584, 0.7501277378627232, 0.7506131126767114, 0.7499161783854168, 0.7493466041201637, 0.7488061087472099, 0.7493979608444942, 0.7487934221540179], "client_accs": {"T-shirt": [65.42857142857143, 93.42857142857143, 93.85714285714286, 94.57142857142857, 94.71428571428571, 95.57142857142857, 95.14285714285714, 95.0, 95.28571428571429, 94.14285714285714, 94.28571428571429, 93.85714285714286, 94.14285714285714, 94.0, 93.71428571428571, 93.85714285714286, 93.85714285714286, 94.14285714285714, 93.57142857142857, 93.0, 93.57142857142857, 93.57142857142857], "pullover": [24.142857142857142, 79.85714285714286, 86.71428571428571, 89.71428571428571, 90.42857142857143, 91.14285714285714, 91.42857142857143, 91.42857142857143, 91.28571428571429, 92.0, 92.14285714285714, 92.85714285714286, 92.85714285714286, 93.0, 92.71428571428571, 92.85714285714286, 92.85714285714286, 93.14285714285714, 93.42857142857143, 93.57142857142857, 93.0, 92.57142857142857], "shirt": [45.285714285714285, 45.142857142857146, 44.142857142857146, 42.285714285714285, 43.0, 43.285714285714285, 45.0, 46.285714285714285, 45.857142857142854, 46.0, 46.0, 46.42857142857143, 45.857142857142854, 48.0, 49.714285714285715, 49.857142857142854, 49.714285714285715, 48.142857142857146, 48.57142857142857, 49.857142857142854, 51.57142857142857, 51.714285714285715]}}