{"acc_dist": [83.42857142857143, 75.71428571428571, 71.42857142857143], "mean_curve": [36.142857142857146, 59.38095238095239, 67.0, 69.38095238095238, 71.09523809523809, 72.23809523809524, 72.90476190476191, 73.42857142857143, 74.14285714285714, 74.52380952380952, 75.0, 75.57142857142857, 75.80952380952381, 76.14285714285715, 75.90476190476191, 76.23809523809524, 76.42857142857143, 76.71428571428571, 76.57142857142857, 76.76190476190476, 76.85714285714285, 76.85714285714285], "var_curve": [12.103296902842935, 21.89409678253256, 22.236514678204713, 21.55023662080531, 19.899178984647545, 18.416693600497435, 17.344972544295317, 16.45815142412172, 15.197117521174237, 14.377956168481196, 13.374256925127458, 12.432675841162617, 11.139397102197833, 9.744351233016028, 8.693052455710387, 7.516271087830699, 6.7249155976798995, 6.350317363112249, 5.8449350129939415, 5.577326955067168, 5.007477402043146, 4.9651849134236485], "train_loss": [1.112019537062872, 1.0979284667968747, 1.0850654820033483, 1.0721471877325148, 1.0592374674479166, 1.046371314639137, 1.0335586402529764, 1.0208172898065475, 1.008225562686012, 0.9959618268694196, 0.9842946079799108, 0.9735036214192708, 0.9642113095238095, 0.9558522542317709, 0.9483864048549108, 0.9417392985026041, 0.9358191789899554, 0.9305306861514137, 0.9257837495349702, 0.921498035249256, 0.9176048932756696, 0.9140457879929316, 0.9107724144345237, 0.9077444893973216, 0.9049286469959078, 0.9022972760881696, 0.8998271833147321, 0.8974992733909971, 0.8952971540178573, 0.8932072957356771, 0.8912180728004091, 0.8893197341192335, 0.8875035167875743, 0.8857622855050223, 0.8840897187732515, 0.8824801781063988, 0.880928940545945, 0.8794315883091519, 0.8779842122395833, 0.8765838623046874, 0.8752271525065104, 0.8739114815848215, 0.8726344081333707, 0.8713936651320684, 0.8701873779296875, 0.869013671875, 0.8678708031063987, 0.866757318405878, 0.8656716918945313, 0.8646125720796132, 0.863578869047619, 0.8625695800781249, 0.8615834408714659, 0.8606194632393973, 0.859676978701637, 0.85875485374814, 0.8578523472377233, 0.8569688924153646, 0.8561036173502604, 0.8552558826264881, 0.8544251069568453, 0.8536105927966892, 0.8528119187127977, 0.8520285034179688, 0.8512595767066592, 0.8505049932570684, 0.8497642880394345, 0.8490367199125745, 0.8483221580868676, 0.8476201375325522, 0.846930178687686, 0.8462519182477678, 0.8455852690197173, 0.8449294172014509, 0.8442844935825894, 0.8436499604724702, 0.8430254255022321, 0.8424108305431547, 0.8418058704194569, 0.8412102544875372, 0.8406238083612351, 0.8400464448474704, 0.8394777134486607, 0.8389174397786459, 0.8383655221121652, 0.8378218296595982, 0.8372859700520833, 0.8367579432896205, 0.8362373279389881, 0.8357242111932663, 0.8352182733444939, 0.8347192964099702, 0.8342272077287948, 0.833741934640067, 0.833263171968006, 0.8327908470517112, 0.8323247419084822, 0.8318646530877976, 0.8314107695079985, 0.8309625825427828, 0.8305202084495908, 0.8300833565848214, 0.8296520705450149, 0.8292262195405505, 0.8288055710565475, 0.8283900233677454, 0.8279794747488839, 0.8275740123930432, 0.8271732003348214, 0.8267772129603794, 0.8263859194800968, 0.8259989565894718, 0.8256165713355655, 0.8252384004138765, 0.8248645746140252, 0.8244948904854911, 0.8241292027064732, 0.8237674967447917, 0.8234098016648065, 0.8230558558872768, 0.822705557686942, 0.8223590233212427, 0.8220159621465774, 0.8216763886951265, 0.8213402593703497, 0.8210073416573661, 0.8206779407319568, 0.8203514753069197, 0.8200282069614956, 0.8197078595842634, 0.8193905494326637, 0.8190760585239955, 0.8187643141973586, 0.8184553455171132, 0.8181490507579984, 0.8178451683407738, 0.81754395984468, 0.8172451491582962, 0.8169486200241817, 0.8166544596354166, 0.8163624209449405, 0.8160726056780133, 0.8157847667875745, 0.8154991513206845, 0.8152151925223214, 0.814933326357887, 0.8146531749906994, 0.8143747965494792, 0.8140980166480655, 0.8138228643508185, 0.8135492234002976, 0.8132772681826635, 0.8130065917968751, 0.812737310500372, 0.8124694533575149, 0.812202613467262, 0.8119370524088542, 0.8116728573753721, 0.8114095633370536, 0.8111473737444196, 0.8108861142113094, 0.8106257847377232, 0.8103664434523808, 0.8101079159691221, 0.8098503185453869, 0.8095933605375745, 0.809337158203125, 0.8090816243489583, 0.8088268752325148, 0.8085725330171131, 0.8083190046037947, 0.8080659412202381, 0.8078134009951636, 0.8075614711216518, 0.8073098900204613, 0.807058832077753, 0.8068082101004465, 0.8065579950241816, 0.8063082449776786, 0.8060587565104167, 0.8058097621372768, 0.8055611165364583, 0.8053127325148809, 0.805064697265625, 0.8048170689174107, 0.8045696149553572, 0.8043226550874256, 0.8040758696056547, 0.8038294619605654, 0.8035833158947172, 0.8033374604724702, 0.8030919538225447, 0.8028467959449405, 0.8026019287109375, 0.8023573230561757, 0.8021131243024553, 0.801869158063616, 0.8016255696614584, 0.8013823590959821, 0.8011394682384673, 0.8008969261532738], "client_accs": {"T-shirt": [39.285714285714285, 90.28571428571429, 92.85714285714286, 93.42857142857143, 93.71428571428571, 93.28571428571429, 92.85714285714286, 92.42857142857143, 92.0, 91.42857142857143, 90.85714285714286, 90.42857142857143, 89.42857142857143, 88.28571428571429, 86.71428571428571, 86.0, 85.28571428571429, 85.0, 84.28571428571429, 84.0, 83.42857142857143, 83.42857142857143], "pullover": [20.0, 42.285714285714285, 69.57142857142857, 73.57142857142857, 74.28571428571429, 75.0, 75.28571428571429, 75.57142857142857, 75.57142857142857, 75.85714285714286, 76.0, 76.28571428571429, 75.85714285714286, 75.71428571428571, 75.57142857142857, 75.0, 75.0, 75.57142857142857, 75.28571428571429, 75.85714285714286, 75.85714285714286, 75.71428571428571], "shirt": [49.142857142857146, 45.57142857142857, 38.57142857142857, 41.142857142857146, 45.285714285714285, 48.42857142857143, 50.57142857142857, 52.285714285714285, 54.857142857142854, 56.285714285714285, 58.142857142857146, 60.0, 62.142857142857146, 64.42857142857143, 65.42857142857143, 67.71428571428571, 69.0, 69.57142857142857, 70.14285714285714, 70.42857142857143, 71.28571428571429, 71.42857142857143]}}