{"acc_dist": [79.85714285714286, 80.85714285714286, 78.71428571428571], "mean_curve": [27.76190476190476, 73.52380952380953, 76.14285714285715, 77.23809523809523, 77.47619047619047, 78.76190476190476, 78.57142857142857, 78.80952380952381, 79.0, 79.38095238095237, 79.57142857142857, 79.52380952380952, 79.3809523809524, 79.42857142857143, 80.0, 80.0, 79.71428571428572, 79.47619047619048, 79.95238095238095, 79.90476190476191, 79.90476190476191, 79.80952380952381], "var_curve": [18.10488464676211, 12.68902430719087, 4.145319465299116, 2.475274555879431, 1.7470415550327787, 2.2627817848603273, 0.880630571852709, 1.361938061530963, 1.8182745801939812, 1.9943230087020885, 2.050385727772478, 1.8601928556785345, 0.6734350297014747, 1.0690449676496965, 1.726149424799226, 1.8331787195162066, 1.0168645954315512, 0.5753831415997451, 1.8307031225467663, 0.8192690730516786, 1.6176464525202907, 0.8754655386119202], "train_loss": [1.1456990850539432, 1.0393218412853422, 0.9460467238653275, 0.903838878813244, 0.883779529389881, 0.8670936366489954, 0.8569903855096727, 0.8485688709077381, 0.8420193917410715, 0.8365000842866444, 0.8318614850725446, 0.8278687540690104, 0.8244219389415922, 0.8214116559709822, 0.8187527901785714, 0.8163307698567709, 0.814020734514509, 0.8116805013020834, 0.8092167445591518, 0.8014036923363094, 0.8024513171968005, 0.8023392740885417, 0.8019526599702381, 0.7944264148530507, 0.7952567545572916, 0.7958167085193453, 0.7895211065383184, 0.7910840715680804, 0.7915426199776786, 0.7857746233258928, 0.7874968901134674, 0.7880242047991072, 0.78260009765625, 0.7843370128813244, 0.7849580601283481, 0.7798145693824404, 0.7815264020647321, 0.7822353980654762, 0.7773362513950892, 0.7790116954985118, 0.7797974214099702, 0.7751134381975447, 0.7767502848307292, 0.7776003592354911, 0.7731058756510416, 0.7747043282645089, 0.7756072126116073, 0.7712801688058035, 0.7728417387462798, 0.7737882777622769, 0.7696090262276787, 0.7711366780598957, 0.7721186174665179, 0.7680708821614584, 0.7695261637369791, 0.7705532400948661, 0.7666332717168899, 0.7680992489769345, 0.7691428629557292, 0.7653194463820684, 0.7667916434151786, 0.7637246268136161, 0.7648243059430803, 0.7667882719494048, 0.7632691592261905, 0.7646515183221726, 0.766072009858631, 0.7624598911830357, 0.763891107468378, 0.7609914143880209, 0.7621128627232143, 0.7640429396856399, 0.7606958298456101, 0.7620948428199404, 0.763494611467634, 0.7600510660807291, 0.7614876011439732, 0.7586841982886905, 0.759833751860119, 0.761726539248512, 0.7585055396670387, 0.7599294898623512, 0.7612947881789435, 0.7579866827101934, 0.7594358607700893, 0.7567022995721726, 0.7578799874441965, 0.7597264462425595, 0.7566102818080358, 0.7580530075799851, 0.7554913039434524, 0.7566589064825148, 0.7585416085379464, 0.7555314999534971, 0.7569731794084822, 0.7544832647414434, 0.7556521461123511, 0.7575272042410713, 0.7545842924572174, 0.7560269310360863, 0.7535788399832589, 0.7547527494884673, 0.7566083054315476, 0.7537178838820685, 0.7551618594215029, 0.7527446056547619, 0.753924328031994, 0.7557560221354166, 0.7529116675967261, 0.7543561953590029, 0.7519652157738096, 0.7531504313151043, 0.7549566359747023, 0.7521545119512649, 0.7535990106491816, 0.751231689453125, 0.7524220493861608, 0.7542019798642113, 0.7499823288690476, 0.7517667352585565, 0.7530615234375001, 0.7506610398065477, 0.7520230829148066, 0.7535564894903274, 0.7493977864583333, 0.7509908040364582, 0.7489762951078869, 0.7506425258091518, 0.7523695591517857, 0.7484811837332589, 0.7500760033017113, 0.7514962041945684, 0.7491439383370535, 0.7504925246465773, 0.7519826543898809, 0.7479735165550595, 0.7495395042782738, 0.7475590878441221, 0.7492173258463541, 0.7508793131510417, 0.747134283156622, 0.7486876860119048, 0.7500662376767112, 0.7477823893229166, 0.7491083635602679, 0.7470316569010417, 0.7481942022414434, 0.749910627092634, 0.7461179315476191, 0.7478707159133186, 0.7459919084821429, 0.7476072765531994, 0.7492721121651785, 0.7456834774925595, 0.7472421409970238, 0.7485784621465775, 0.7452900332496281, 0.7466047305152529, 0.7483711460658483, 0.744927978515625, 0.7464675757998512, 0.7478726922898066, 0.7446297781808036, 0.7459676978701637, 0.7476658121744792, 0.7443135288783482, 0.7458081345331101, 0.7472412690662202, 0.7440342203776041, 0.7453807431175595, 0.7470243908110118, 0.7437419201078869, 0.7452011253720238, 0.7466432117280507, 0.7434732491629464, 0.7448195393880209, 0.7464205787295386, 0.743197515578497, 0.74462890625, 0.7460693940662203, 0.7429381161644345, 0.7442792619977677, 0.7458456856863839, 0.7426757521856399, 0.7440839204334079, 0.745516851515997, 0.7424249848865326, 0.7437580798921131, 0.7452950032552085, 0.7421738688151042, 0.7435620698474703, 0.7449837530226935, 0.7419312686011904, 0.7432544817243304, 0.7447657412574404, 0.7416900053478424, 0.7430604189918156, 0.741448509579613, 0.7429371279761905, 0.7445388939267112, 0.7413609386625745], "client_accs": {"T-shirt": [2.2857142857142856, 90.42857142857143, 82.0, 80.71428571428571, 79.85714285714286, 80.14285714285714, 79.57142857142857, 80.28571428571429, 80.28571428571429, 80.57142857142857, 80.57142857142857, 80.14285714285714, 79.85714285714286, 80.57142857142857, 81.0, 80.42857142857143, 80.57142857142857, 79.14285714285714, 80.71428571428571, 80.0, 80.42857142857143, 79.85714285714286], "pullover": [38.285714285714285, 70.28571428571429, 73.0, 75.85714285714286, 75.71428571428571, 80.57142857142857, 78.71428571428571, 79.14285714285714, 80.28571428571429, 81.0, 81.42857142857143, 81.42857142857143, 79.85714285714286, 79.71428571428571, 81.42857142857143, 82.0, 80.28571428571429, 80.28571428571429, 81.71428571428571, 80.85714285714286, 81.57142857142857, 80.85714285714286], "shirt": [42.714285714285715, 59.857142857142854, 73.42857142857143, 75.14285714285714, 76.85714285714286, 75.57142857142857, 77.42857142857143, 77.0, 76.42857142857143, 76.57142857142857, 76.71428571428571, 77.0, 78.42857142857143, 78.0, 77.57142857142857, 77.57142857142857, 78.28571428571429, 79.0, 77.42857142857143, 78.85714285714286, 77.71428571428571, 78.71428571428571]}}