{"acc_dist": [91.14285714285714, 88.42857142857143, 61.57142857142857], "mean_curve": [27.76190476190476, 73.95238095238095, 76.85714285714285, 78.09523809523809, 78.76190476190476, 78.95238095238095, 79.04761904761905, 79.3809523809524, 79.85714285714286, 79.76190476190476, 79.95238095238095, 80.0, 80.09523809523809, 80.0952380952381, 80.23809523809524, 80.28571428571429, 80.19047619047619, 80.14285714285712, 80.33333333333333, 80.38095238095238, 80.47619047619047, 80.38095238095237], "var_curve": [18.10488464676211, 13.010374370856558, 12.106668764421887, 11.86163617290687, 11.986576013822603, 11.804722526298637, 11.969538055824929, 11.970674674144103, 11.974462622683356, 11.980899386664538, 11.95076824635155, 11.884363476353926, 12.040935469643836, 12.31410525408228, 12.498344561582758, 12.710807442894417, 13.045359554097832, 13.206368284479504, 13.021349989749739, 13.155446006775604, 13.212204898374987, 13.346422147039412], "train_loss": [1.1456990850539432, 1.0357973807198662, 0.9325211588541666, 0.8947668166387649, 0.873936535063244, 0.8600306628999256, 0.849704836890811, 0.8415602184477308, 0.8349002075195312, 0.8293170166015625, 0.8245481509254092, 0.8204136585053944, 0.8167854817708333, 0.8135692487444196, 0.8106938970656622, 0.8081041899181548, 0.8057567632765997, 0.8036168125697545, 0.8016562761579241, 0.7998517281668528, 0.7981841605050223, 0.7966371518089658, 0.795197288876488, 0.7938527134486607, 0.7925934564499628, 0.7914109729585194, 0.7902976917085193, 0.7892471604120165, 0.7882535661969866, 0.7873117065429688, 0.7864173961821056, 0.7855666097005208, 0.7847557140531994, 0.7839815702892485, 0.7832413736979166, 0.7825324939546131, 0.7818526349748884, 0.7812000674293155, 0.7805723208472842, 0.7799680728004091, 0.7793856811523437, 0.7788236926850818, 0.778280741373698, 0.7777557082403274, 0.7772475324358258, 0.776755124046689, 0.776277567545573, 0.7758140345982142, 0.7753635515485491, 0.7749256678989956, 0.77449951171875, 0.7740844145275299, 0.7736798967633929, 0.7732853335425967, 0.7729002598353795, 0.7725242106119792, 0.7721566772460937, 0.7717972237723215, 0.7714455886114212, 0.7711011178152901, 0.7707636951264881, 0.7704329281761533, 0.7701085263206845, 0.7697902134486606, 0.7694777134486608, 0.7691707211449033, 0.7688689749581473, 0.768572271437872, 0.7682804361979167, 0.7679932221912202, 0.7677105567568825, 0.7674319893973215, 0.7671575637090774, 0.7668870617094493, 0.7666203235444567, 0.7663571166992188, 0.766097412109375, 0.7658410644531249, 0.7655879429408482, 0.7653378295898436, 0.7650906953357515, 0.7648463367280506, 0.7646048700241815, 0.7643658737909226, 0.7641295369466145, 0.7638956560407366, 0.7636641002836683, 0.763434811546689, 0.7632078479585194, 0.7629828607468379, 0.7627599371047248, 0.7625391206287202, 0.7623202369326636, 0.7621029953729539, 0.7618877592540922, 0.7616742379324778, 0.7614623151506695, 0.761252179827009, 0.7610435558500743, 0.7608363414946057, 0.7606307256789435, 0.7604266648065477, 0.7602238827659971, 0.7600225394112723, 0.7598224894205728, 0.7596237473260788, 0.7594262114025297, 0.7592300124395462, 0.759034888857887, 0.7588409859793527, 0.7586483474004836, 0.7584566243489584, 0.7582660638718378, 0.758076665969122, 0.7578882126581101, 0.7577007330031623, 0.7575143432617187, 0.7573289271763392, 0.7571444120861236, 0.7569608706519717, 0.7567781284877232, 0.7565964907691592, 0.7564156087239584, 0.7562357729957218, 0.7560566202799479, 0.755878194173177, 0.7557007853190104, 0.7555243210565475, 0.7553485107421875, 0.7551735287620908, 0.7549993605840774, 0.7548258027576266, 0.7546531313941592, 0.7544812011718749, 0.7543097941080729, 0.754139389764695, 0.7539696103050595, 0.7538003540039062, 0.7536318969726562, 0.7534640357607887, 0.7532967558361235, 0.7531301007952008, 0.7529638817196801, 0.7527982439313616, 0.7526331293015254, 0.7524683925083706, 0.752303960890997, 0.7521400814964657, 0.7519764346168154, 0.751813470749628, 0.7516512044270834, 0.7514898245675224, 0.7513293457031249, 0.7511698840913318, 0.751011483328683, 0.7508540271577381, 0.7506974429175967, 0.7505417015438988, 0.7503867594401042, 0.7502325730096726, 0.750079098656064, 0.7499264090401786, 0.7497743588402157, 0.7496230788457962, 0.7494723510742188, 0.749322291782924, 0.7491729445684524, 0.7490242513020834, 0.7488761102585566, 0.7487286667596725, 0.7485819789341518, 0.7484358287992933, 0.7482902018229166, 0.748145286923363, 0.7480010405040923, 0.7478573172433035, 0.7477142624627976, 0.7475718035016742, 0.7474300130208333, 0.7472887021019345, 0.747148161388579, 0.7470081728980654, 0.7468687220982142, 0.7467298961821056, 0.7465917242140998, 0.7464540608723959, 0.7463170805431547, 0.7461806524367559, 0.7460447474888392, 0.7459095546177456, 0.7457748994373139, 0.745640869140625, 0.745507332938058, 0.7453744216192337, 0.7452421061197917, 0.7451104155040923, 0.7449792044503347, 0.7448485892159598, 0.7447186279296876, 0.7445891462053572, 0.7444602748325893], "client_accs": {"T-shirt": [2.2857142857142856, 90.71428571428571, 91.0, 90.85714285714286, 90.85714285714286, 90.42857142857143, 90.14285714285714, 90.28571428571429, 90.57142857142857, 90.28571428571429, 90.71428571428571, 90.71428571428571, 90.85714285714286, 90.85714285714286, 91.0, 91.0, 91.14285714285714, 91.14285714285714, 91.0, 91.14285714285714, 91.14285714285714, 91.14285714285714], "pullover": [38.285714285714285, 72.14285714285714, 78.14285714285714, 81.14285714285714, 83.0, 83.71428571428571, 84.57142857142857, 85.14285714285714, 85.85714285714286, 86.0, 85.85714285714286, 85.85714285714286, 86.14285714285714, 86.57142857142857, 87.0, 87.42857142857143, 87.57142857142857, 87.71428571428571, 88.0, 88.14285714285714, 88.42857142857143, 88.42857142857143], "shirt": [42.714285714285715, 59.0, 61.42857142857143, 62.285714285714285, 62.42857142857143, 62.714285714285715, 62.42857142857143, 62.714285714285715, 63.142857142857146, 63.0, 63.285714285714285, 63.42857142857143, 63.285714285714285, 62.857142857142854, 62.714285714285715, 62.42857142857143, 61.857142857142854, 61.57142857142857, 62.0, 61.857142857142854, 61.857142857142854, 61.57142857142857]}}