{"acc_dist": [90.0, 86.42857142857143, 65.28571428571429], "mean_curve": [36.142857142857146, 73.33333333333333, 75.76190476190476, 76.71428571428572, 77.28571428571428, 78.23809523809524, 78.52380952380952, 79.28571428571429, 79.42857142857143, 79.33333333333333, 79.57142857142857, 79.85714285714285, 80.09523809523809, 80.14285714285714, 80.04761904761905, 80.14285714285715, 80.28571428571429, 80.28571428571429, 80.38095238095237, 80.42857142857143, 80.52380952380953, 80.57142857142857], "var_curve": [12.103296902842935, 24.354058828168576, 20.09038533145743, 18.186112665370548, 17.000600229499703, 15.996740030705551, 15.04023326880422, 13.94205696376802, 13.556131730069353, 13.259489392767584, 12.817929619399974, 12.416797926530789, 12.190290177152248, 12.231330351882034, 11.9644219371539, 11.630946288442138, 11.522825617186164, 11.522825617186164, 11.266308411161996, 10.922734202065874, 10.973272001217252, 10.906529280774013], "train_loss": [0.7103317115420387, 0.6889574468703495, 0.6966076660156251, 0.7033355567568824, 0.7027866908482143, 0.7007559058779762, 0.6990479096912203, 0.697921651204427, 0.6972367640904018, 0.696854960123698, 0.6966861252557663, 0.6966675967261905, 0.6967529006231398, 0.6969057936895462, 0.6971000598725818, 0.6973165457589285, 0.6975420997256325, 0.6977675519670758, 0.6979869878859747, 0.6981969488234747, 0.6983952840169271, 0.6985811505998883, 0.6987541852678572, 0.6989148385184153, 0.6990634591238839, 0.6992005847749256, 0.6993268548874628, 0.6994427780877976, 0.6995489356631325, 0.6996458943684895, 0.6997338576543898, 0.6998133341471355, 0.6998846435546874, 0.6999481055850074, 0.7000041126069568, 0.7000528971354166, 0.7000947498139881, 0.700130150204613, 0.700159200032552, 0.7001821899414064, 0.7001995704287575, 0.7002114141555059, 0.7002182006835938, 0.7002200608026413, 0.7002173432849702, 0.7002102515811012, 0.700198960077195, 0.7001838611421131, 0.7001650855654762, 0.7001429966517857, 0.7001175798688616, 0.7000892857142856, 0.7000582013811384, 0.7000245593843005, 0.6999886358351936, 0.6999503871372768, 0.6999103800455729, 0.6998684983026413, 0.6998250616164435, 0.6997803025018602, 0.6997343081519718, 0.6996871366954985, 0.6996392386300223, 0.699590570359003, 0.6995412917364212, 0.6994915916806175, 0.6994416300455729, 0.6993915957496281, 0.6993413725353422, 0.6992913673037574, 0.699241405668713, 0.6991917928059896, 0.6991425287155879, 0.6990937005905877, 0.6990453084309896, 0.6989977010091146, 0.6989505876813616, 0.6989041283017112, 0.6988584100632441, 0.6988133893694197, 0.6987692842029389, 0.6987258911132811, 0.6986832246326266, 0.6986416916620164, 0.6986007835751488, 0.6985607474190849, 0.6985215105329242, 0.6984832473028274, 0.6984457397460937, 0.6984090605236234, 0.6983731660388764, 0.698338143484933, 0.698303934733073, 0.6982704089936757, 0.6982377261207219, 0.698205769856771, 0.6981745983305432, 0.6981439499627976, 0.6981141880580357, 0.6980851818266368, 0.6980565388997396, 0.6980287679036459, 0.6980015781947544, 0.6979749697730656, 0.6979489135742188, 0.6979234822591146, 0.6978985159737724, 0.6978741600399926, 0.6978502982003348, 0.6978270321800596, 0.6978041149321056, 0.697781735374814, 0.6977598208472843, 0.6977383132207962, 0.6977172270275297, 0.6976966785249257, 0.6976764351981027, 0.6976565406436013, 0.6976371256510417, 0.6976181030273437, 0.6975994437081473, 0.6975811040969123, 0.6975630115327381, 0.697545427594866, 0.6975281052362351, 0.6975110589890253, 0.6974943469819569, 0.6974779401506696, 0.6974618530273439, 0.697446012951079, 0.6974305071149552, 0.6974151611328124, 0.6974002075195314, 0.6973854573567708, 0.6973708815801712, 0.6973567127046131, 0.6973425874255952, 0.6973289417085193, 0.6973154994419644, 0.6973021879650299, 0.6972890799386161, 0.6972762480236234, 0.6972636340913319, 0.697251223609561, 0.6972389584495907, 0.6972269839332217, 0.6972151983351935, 0.6972035725911457, 0.6971922665550595, 0.6971809459867931, 0.6971699596586681, 0.6971591622488839, 0.69714846656436, 0.6971380179268974, 0.697127656482515, 0.6971176002139137, 0.6971077037992931, 0.697097880045573, 0.6970881725492931, 0.6970787121000744, 0.6970694405691965, 0.6970602416992188, 0.6970512753441221, 0.6970424833751859, 0.6970337785993305, 0.6970252918061757, 0.6970168486095609, 0.6970084926060268, 0.6970004853748141, 0.6969925508045015, 0.696984616234189, 0.696977030436198, 0.6969694446382069, 0.6969619460332961, 0.6969546799432664, 0.6969474429175967, 0.696940438406808, 0.6969334920247396, 0.6969267200288319, 0.6969199044363839, 0.6969132777622767, 0.6969068981352308, 0.6969005185081846, 0.6968943132672991, 0.6968880353655135, 0.6968820335751488, 0.6968761044456846, 0.6968702189127605, 0.6968645222981772, 0.6968588692801339, 0.6968533470517113, 0.6968478974841888, 0.6968425932384673, 0.6968372744605654, 0.6968321010044644, 0.6968269420805431, 0.6968219720749628, 0.6968170601981027, 0.696812264578683, 0.6968074834914435, 0.6968028767903647], "client_accs": {"T-shirt": [39.285714285714285, 94.85714285714286, 93.71428571428571, 93.42857142857143, 92.57142857142857, 92.28571428571429, 91.42857142857143, 91.14285714285714, 91.14285714285714, 90.57142857142857, 90.42857142857143, 90.42857142857143, 90.57142857142857, 90.71428571428571, 90.42857142857143, 90.28571428571429, 90.28571428571429, 90.28571428571429, 90.0, 90.0, 90.0, 90.0], "pullover": [20.0, 85.85714285714286, 85.85714285714286, 85.28571428571429, 85.71428571428571, 86.57142857142857, 86.71428571428571, 87.0, 86.71428571428571, 86.71428571428571, 86.71428571428571, 86.71428571428571, 86.71428571428571, 86.71428571428571, 86.42857142857143, 86.28571428571429, 86.42857142857143, 86.42857142857143, 86.57142857142857, 86.14285714285714, 86.42857142857143, 86.42857142857143], "shirt": [49.142857142857146, 39.285714285714285, 47.714285714285715, 51.42857142857143, 53.57142857142857, 55.857142857142854, 57.42857142857143, 59.714285714285715, 60.42857142857143, 60.714285714285715, 61.57142857142857, 62.42857142857143, 63.0, 63.0, 63.285714285714285, 63.857142857142854, 64.14285714285714, 64.14285714285714, 64.57142857142857, 65.14285714285714, 65.14285714285714, 65.28571428571429]}}