{"acc_dist": [80.71428571428571, 80.57142857142857, 76.14285714285714], "mean_curve": [27.76190476190476, 72.09523809523809, 72.3809523809524, 75.57142857142857, 76.66666666666667, 75.0, 76.0, 76.71428571428571, 77.23809523809524, 77.57142857142857, 77.80952380952381, 77.76190476190476, 77.76190476190476, 77.80952380952381, 77.76190476190477, 78.80952380952381, 78.76190476190476, 78.9047619047619, 78.95238095238095, 78.85714285714285, 78.61904761904763, 79.14285714285714], "var_curve": [18.10488464676211, 9.794023815283028, 6.8376044392111615, 3.960691206081577, 3.6465123274431726, 3.675622951505316, 2.122121900491161, 1.2616801237611206, 0.663256584627814, 0.8164965809277227, 0.7407785326716203, 0.3749527559053269, 0.3749527559053269, 0.33671751485074075, 0.7766431633476252, 2.5986216475509085, 2.2627817848603273, 1.966845374101276, 1.3265131692556345, 0.8081220356417724, 0.3749527559053203, 2.122121900491161], "train_loss": [1.1456990850539432, 1.031685994466146, 0.9238148716517857, 0.9106740025111607, 0.9194552757626487, 0.8721508207775298, 0.864722435360863, 0.8700373186383928, 0.8900014822823662, 0.8478001767113095, 0.8459006173270089, 0.8585262625558036, 0.8324225725446429, 0.8343238467261904, 0.8464742024739583, 0.8240270124162947, 0.8268052164713543, 0.8389592924572172, 0.8179264904203869, 0.8212940906343006, 0.8339247349330358, 0.8131908889043898, 0.8170485142299108, 0.8304261416480654, 0.809398193359375, 0.8137132045200893, 0.8280166480654763, 0.8063293166387648, 0.8110916864304315, 0.8000983537946428, 0.803669201078869, 0.8134517124720982, 0.7986383056640625, 0.8028922235398066, 0.8145413934616815, 0.7974931989397321, 0.8023434593563987, 0.7928270612444196, 0.7963273402622768, 0.8052875918433781, 0.7921989222935268, 0.7964976864769345, 0.8074992733909969, 0.7918895903087798, 0.7968749128069197, 0.7877818952287946, 0.791377185639881, 0.800243443080357, 0.7876680210658482, 0.7921238781156994, 0.803128894624256, 0.7879003324962799, 0.7931037248883929, 0.7840032668340774, 0.787769775390625, 0.7968516031901042, 0.7842728969029018, 0.7889540027436756, 0.7811341203962053, 0.784544212704613, 0.7925260416666666, 0.7815107654389881, 0.7858501906622024, 0.7788194638206845, 0.7820043654668898, 0.7892959449404762, 0.7792815871465774, 0.783393060593378, 0.7927892194475447, 0.7801614815848215, 0.7851321847098215, 0.7771214948381697, 0.7807629685174851, 0.7891123744419644, 0.7778777204241072, 0.782511189778646, 0.7752142333984375, 0.7786370849609375, 0.7863425118582589, 0.776007574172247, 0.7804213169642856, 0.77359619140625, 0.7768777611142114, 0.7841564069475447, 0.7744313267299107, 0.7786993117559523, 0.7721932547433036, 0.7753836495535715, 0.7823754592168899, 0.7730716668991815, 0.7772456287202382, 0.7709562755766369, 0.7740902855282737, 0.7808909388950892, 0.7718790690104166, 0.7759965297154018, 0.7698516264415923, 0.7729550606863839, 0.7796327718098958, 0.7708200509207589, 0.7749097260974702, 0.7688559105282738, 0.7719481549944196, 0.7785543968563987, 0.7698712739490329, 0.7739554559616816, 0.7679518926711308, 0.7710486421130952, 0.7776231166294644, 0.7690158226376488, 0.7731129673549106, 0.7671271333240327, 0.7702410307384673, 0.7768157087053571, 0.7682410539899553, 0.7723667399088541, 0.7663718087332589, 0.7695136369977679, 0.7761150541759673, 0.7675375511532737, 0.7717049734933036, 0.7656783331008185, 0.7688577706473213, 0.7755083065941221, 0.7668980480375743, 0.771119094122024, 0.7650408354259671, 0.7682664853050595, 0.7635513450985864, 0.7661490013485862, 0.7714744640531994, 0.764546915690104, 0.7680936104910714, 0.7630807059151786, 0.7658341761997768, 0.7714293852306547, 0.7641964867001487, 0.7679055640811012, 0.7626786004929316, 0.765552455357143, 0.771386253720238, 0.7638748023623512, 0.7677355666387649, 0.7623016066778274, 0.7652909051804316, 0.7713535853794643, 0.7635733468191964, 0.7675819905598958, 0.761944812593006, 0.7650474911644345, 0.7606033179873511, 0.7631287783668155, 0.7681859770275298, 0.7616693405877976, 0.7651369222005209, 0.7603227015904018, 0.7630433291480655, 0.7684513055710566, 0.7615265183221727, 0.7652084495907738, 0.7601071021670386, 0.7629873221261162, 0.7687175060453869, 0.7614123535156251, 0.7652984619140626, 0.7599175444103423, 0.7629527936662948, 0.7586676316034225, 0.761156005859375, 0.7660641915457589, 0.7597911725725446, 0.763219023204985, 0.7585234723772322, 0.7612320382254465, 0.7665382893880208, 0.759797828311012, 0.7634718250093006, 0.758445085797991, 0.7613369896298363, 0.7572984386625744, 0.7596841285342263, 0.7643299793061756, 0.7584154110863096, 0.7617118036179314, 0.7572389148530506, 0.7598602585565476, 0.7649331810360863, 0.7585129510788691, 0.7620770554315476, 0.7572442626953125, 0.7600655691964285, 0.7655376906622023, 0.7586371721540178, 0.7624584379650298, 0.7572710890997024, 0.7602880859375, 0.756107177734375, 0.7586014229910715, 0.7634185791015625, 0.7573290143694197, 0.7607707868303571], "client_accs": {"T-shirt": [2.2857142857142856, 85.85714285714286, 77.0, 81.14285714285714, 81.42857142857143, 75.14285714285714, 77.57142857142857, 78.0, 78.14285714285714, 78.71428571428571, 78.85714285714286, 78.28571428571429, 78.28571428571429, 77.57142857142857, 77.14285714285714, 80.85714285714286, 80.57142857142857, 80.57142857142857, 80.28571428571429, 79.42857142857143, 78.28571428571429, 80.71428571428571], "pullover": [38.285714285714285, 63.857142857142854, 62.714285714285715, 72.28571428571429, 76.0, 70.42857142857143, 73.0, 75.0, 76.57142857142857, 77.14285714285714, 77.28571428571429, 77.57142857142857, 77.57142857142857, 77.57142857142857, 77.28571428571429, 80.42857142857143, 80.14285714285714, 80.0, 79.42857142857143, 79.42857142857143, 79.14285714285714, 80.57142857142857], "shirt": [42.714285714285715, 66.57142857142857, 77.42857142857143, 73.28571428571429, 72.57142857142857, 79.42857142857143, 77.42857142857143, 77.14285714285714, 77.0, 76.85714285714286, 77.28571428571429, 77.42857142857143, 77.42857142857143, 78.28571428571429, 78.85714285714286, 75.14285714285714, 75.57142857142857, 76.14285714285714, 77.14285714285714, 77.71428571428571, 78.42857142857143, 76.14285714285714]}}