{"acc_dist": [95.28571428571429, 91.71428571428571, 51.42857142857143], "mean_curve": [36.142857142857146, 74.57142857142857, 75.80952380952381, 76.09523809523809, 76.95238095238095, 77.47619047619047, 77.04761904761905, 77.76190476190477, 78.28571428571429, 79.04761904761905, 79.14285714285715, 79.00000000000001, 78.85714285714286, 79.09523809523809, 79.23809523809524, 78.95238095238095, 79.14285714285715, 79.19047619047619, 79.23809523809524, 79.66666666666667, 79.23809523809524, 79.47619047619048], "var_curve": [12.103296902842935, 19.411757430243462, 19.927191736959376, 21.864559380790176, 20.926282447012756, 21.02681583423853, 23.19551133369873, 21.77008286471386, 20.79737032042508, 20.394187958688896, 20.348327247435044, 20.65459379648894, 20.671713230672403, 20.14448940814185, 20.04903286497535, 20.55731438206787, 20.744313211389887, 20.00045350959746, 19.551548239174124, 19.128044494087742, 20.415524749407027, 19.88618408494494], "train_loss": [1.112019537062872, 0.9867252313523065, 0.9193577067057292, 0.8880031912667411, 0.8655376325334823, 0.8546734037853422, 0.8479559326171874, 0.8415260096958704, 0.8367930530366442, 0.8316556076776415, 0.8285825602213542, 0.8249556623186383, 0.8225061616443453, 0.8196966262090774, 0.8178732009161087, 0.8153564307803199, 0.813127702985491, 0.8110728817894345, 0.8098867216564359, 0.8079546828497023, 0.8061820475260416, 0.8052721586681547, 0.8045120529901414, 0.803836204892113, 0.8032187325613839, 0.8015082223074778, 0.8001868547712053, 0.7986574009486608, 0.7971854800269718, 0.7969005766369048, 0.796539059593564, 0.7954315040225074, 0.7944163876488095, 0.7928087361653645, 0.7914206513904389, 0.7901075817289808, 0.7901379685174851, 0.7901407441638765, 0.7886151994977678, 0.7872521246047247, 0.7859902518136161, 0.7855184791201637, 0.7857406470889137, 0.7860037231445313, 0.7844430251348586, 0.7840031651088171, 0.7825129627046131, 0.7821395147414435, 0.7808886137462797, 0.7805392020089285, 0.7802395339239211, 0.7800205775669644, 0.7785789271763393, 0.7773224312918527, 0.7773263695126489, 0.777850094749814, 0.7785698154994419, 0.7783584013439361, 0.7788703991117932, 0.7794918677920387, 0.7799751645042784, 0.7803650483630952, 0.7803961326962426, 0.778028055826823, 0.7772822498139881, 0.7776459466843378, 0.777913077218192, 0.7772874959309896, 0.7756879098074777, 0.7755139450799852, 0.7741798182896206, 0.7729193987165179, 0.7734699939546131, 0.772242184593564, 0.7710909452892484, 0.770074215843564, 0.770714329310826, 0.7695728556315103, 0.7685911196754093, 0.769276384626116, 0.7699777512323288, 0.7693630690801712, 0.7688678559802827, 0.7684766642252603, 0.7681839425223215, 0.7680079578218005, 0.7679817708333333, 0.7687220982142856, 0.7692076328822545, 0.7677544875372023, 0.7664956955682664, 0.7664387003580728, 0.7661073521205357, 0.7668336995442709, 0.7654805937267485, 0.7643525768461682, 0.7651416306268602, 0.7651036289760045, 0.7647478376116071, 0.7644807942708334, 0.764327378045945, 0.764084952218192, 0.7648584420340402, 0.764484122140067, 0.7631646583193824, 0.7620230538504464, 0.762941632952009, 0.7636310831705729, 0.7643344406854539, 0.7649449230375743, 0.7634597778320312, 0.7622643461681546, 0.7629608154296874, 0.7628390502929688, 0.7635839989071801, 0.76230712890625, 0.7628572736467634, 0.7616608828590031, 0.7618279593331474, 0.7623425583612352, 0.7628023710704985, 0.7614974248976933, 0.7603592645554316, 0.7605204845610118, 0.761329127720424, 0.7601796032133556, 0.7609618849981398, 0.7598649815150669, 0.760487801688058, 0.760507100423177, 0.7594492013113839, 0.7584305245535715, 0.759255632672991, 0.7582327561151413, 0.7573796154203869, 0.7581938970656621, 0.7590067400251117, 0.7579951404389881, 0.758262677873884, 0.7585757882254464, 0.7580759974888392, 0.7570928809756324, 0.7574583653041295, 0.7578331066313244, 0.7586390613374258, 0.7590243384951637, 0.7591714041573661, 0.7594092668805802, 0.7596829950241816, 0.7598813156854538, 0.7586671084449405, 0.7587105015345982, 0.7576361519949777, 0.7581580607096354, 0.7576263718377976, 0.7565543183826264, 0.7572301810128348, 0.757778087797619, 0.7575155494326636, 0.7580760265531995, 0.7575806971958704, 0.758148207891555, 0.7585502261207216, 0.757959245954241, 0.7567084030877975, 0.7572782970610118, 0.7560467529296875, 0.7550954037620908, 0.7550510660807291, 0.7550987170991443, 0.7541595749627975, 0.7533901105608258, 0.7535900442940848, 0.7542278907412574, 0.753325907389323, 0.7540543038504465, 0.7542364211309524, 0.7533988879975819, 0.7525597708565849, 0.7518182227725075, 0.7525677490234375, 0.7517775907970611, 0.7525090680803572, 0.7530987258184524, 0.7522450183686756, 0.7520688738141742, 0.7512647210984001, 0.7505661301385788, 0.7498911975678944, 0.7506191725957961, 0.7504806809198289, 0.7512434605189732, 0.750421404157366, 0.7511810448056174, 0.7503461710611979, 0.7497108968098959, 0.7504754348028273, 0.7503712390718006, 0.7511457025437128, 0.7519337681361608, 0.7526422119140626], "client_accs": {"T-shirt": [39.285714285714285, 94.57142857142857, 94.28571428571429, 94.85714285714286, 94.71428571428571, 94.57142857142857, 94.85714285714286, 95.85714285714286, 95.28571428571429, 95.28571428571429, 95.14285714285714, 95.28571428571429, 95.42857142857143, 95.42857142857143, 95.57142857142857, 95.71428571428571, 95.28571428571429, 95.28571428571429, 95.28571428571429, 95.14285714285714, 95.28571428571429, 95.28571428571429], "pullover": [20.0, 80.85714285714286, 85.0, 88.0, 88.57142857142857, 90.0, 92.0, 90.28571428571429, 90.57142857142857, 91.57142857142857, 91.85714285714286, 91.85714285714286, 91.42857142857143, 91.14285714285714, 91.14285714285714, 91.14285714285714, 92.28571428571429, 91.28571428571429, 90.71428571428571, 91.14285714285714, 92.0, 91.71428571428571], "shirt": [49.142857142857146, 48.285714285714285, 48.142857142857146, 45.42857142857143, 47.57142857142857, 47.857142857142854, 44.285714285714285, 47.142857142857146, 49.0, 50.285714285714285, 50.42857142857143, 49.857142857142854, 49.714285714285715, 50.714285714285715, 51.0, 50.0, 49.857142857142854, 51.0, 51.714285714285715, 52.714285714285715, 50.42857142857143, 51.42857142857143]}}