{"acc_dist": [89.57142857142857, 88.14285714285714, 61.42857142857143], "mean_curve": [25.19047619047619, 74.28571428571429, 76.0, 77.09523809523809, 77.38095238095238, 77.85714285714285, 77.95238095238095, 78.09523809523809, 78.38095238095238, 78.71428571428571, 79.09523809523809, 78.85714285714286, 78.95238095238095, 79.0, 79.14285714285715, 79.42857142857143, 79.42857142857143, 79.52380952380953, 79.57142857142857, 79.66666666666667, 79.71428571428572, 79.71428571428572], "var_curve": [8.84125559259061, 16.194397284288186, 15.105524510863544, 14.262043881983045, 13.733287101170449, 13.317677883838726, 13.474255287605157, 13.238951668083136, 13.022394804332622, 12.832251036613435, 12.670783434123841, 12.804654765883749, 12.965854336865242, 12.781257536631013, 12.867191840115703, 12.96358059213223, 12.955706855901548, 13.217867382470954, 13.053005492259333, 12.912227677003159, 12.943098915012952, 12.943098915012952], "train_loss": [1.123975859142485, 0.9510160319010416, 0.9040096609933036, 0.8812296258835565, 0.866034444173177, 0.8547821916852678, 0.845976853143601, 0.8388349115280876, 0.8328847975957961, 0.8278228178478422, 0.8234437779017857, 0.819603736514137, 0.8161984398251488, 0.8131503586542038, 0.8104005068824405, 0.8079035877046131, 0.8056231253487723, 0.8035299246651787, 0.8015999058314732, 0.7998131306966146, 0.7981526983351935, 0.7966043526785714, 0.7951562064034597, 0.7937977527436756, 0.7925199090866816, 0.7913150896344866, 0.7901764497302827, 0.7890977986653646, 0.7880739629836309, 0.7871004667736236, 0.786172834123884, 0.7852876354399182, 0.7844415137881325, 0.7836314900716146, 0.7828549630301339, 0.7821094912574406, 0.7813929675874256, 0.7807035900297619, 0.7800394258045015, 0.7793989780970983, 0.7787808663504464, 0.7781834920247396, 0.7776057797386532, 0.7770465233212426, 0.7765048072451637, 0.775979498000372, 0.7754696509951637, 0.7749744669596353, 0.7744931466238839, 0.7740250505719867, 0.7735693504696801, 0.773125465029762, 0.7726928565615699, 0.7722709437779018, 0.7718591599237351, 0.7714570835658482, 0.7710643368675595, 0.770680411202567, 0.7703048270089284, 0.7699375116257441, 0.7695777239118303, 0.7692254057384673, 0.7688801211402531, 0.7685416811988467, 0.7682095918201265, 0.7678839401971725, 0.7675642467680431, 0.7672502935500373, 0.766941920689174, 0.7666388520740327, 0.7663409278506323, 0.7660479445684524, 0.7657596551804314, 0.7654760306222098, 0.7651967657180059, 0.7649219331287203, 0.7646510968889508, 0.764384271530878, 0.7641213117327009, 0.763862072172619, 0.763606436593192, 0.7633542015438989, 0.7631053670247395, 0.762859874906994, 0.762617449079241, 0.7623781476702008, 0.7621417526971727, 0.7619082350957962, 0.7616774495442709, 0.7614494396391369, 0.7612240019298735, 0.7610011364164807, 0.7607807704380581, 0.7605627586728051, 0.7603469703311011, 0.7601336088634673, 0.759922369094122, 0.7597132219587053, 0.7595062837146577, 0.7593012491861978, 0.7590982927594867, 0.7588971819196427, 0.7586979602632068, 0.7585005987258184, 0.7583049810500372, 0.7581110055106027, 0.7579187302362351, 0.757728271484375, 0.7575391351609003, 0.7573516845703127, 0.7571658761160714, 0.7569812883649553, 0.7567983718145461, 0.7566168067568825, 0.7564366077241443, 0.7562578328450521, 0.756080322265625, 0.7559040759858631, 0.7557291811988467, 0.7555553617931547, 0.7553829229445684, 0.7552115885416667, 0.7550414021809896, 0.7548723929268973, 0.7547044735863095, 0.7545375860305059, 0.7543718755812873, 0.7542071969168527, 0.7540435355050222, 0.7538808041527157, 0.7537191627139137, 0.7535583786737351, 0.7533986264183407, 0.7532397315615699, 0.7530818830217635, 0.7529248192196801, 0.7527688307989212, 0.7526134381975447, 0.7524591500418527, 0.7523055739629836, 0.7521527826218378, 0.7520008341471355, 0.7518497430710566, 0.7516994948614212, 0.7515499296642485, 0.7514011056082589, 0.7512530953543527, 0.7511057535807292, 0.750959225609189, 0.7508134097144717, 0.7506682477678571, 0.7505237978980656, 0.7503801618303573, 0.750237048921131, 0.7500947062174479, 0.7499530465262277, 0.74981201171875, 0.7496716017950149, 0.7495319039481028, 0.7493928600492931, 0.7492542521158855, 0.7491163271949404, 0.7489791724795386, 0.7488424246651787, 0.7487064470563616, 0.7485710216703869, 0.7484361485072544, 0.7483019292922247, 0.7481680879138765, 0.7480349586123513, 0.7479023960658483, 0.7477703857421876, 0.7476388985770089, 0.7475080217633928, 0.7473775954473586, 0.7472478666759672, 0.747118428548177, 0.7469896589006696, 0.7468614560081845, 0.7467337472098214, 0.74660647437686, 0.7464798118954613, 0.7463535563151042, 0.7462277802966891, 0.7461026582263764, 0.7459778122674852, 0.7458537219819569, 0.7457299514043899, 0.7456066603887649, 0.7454839797247024, 0.7453616187686012, 0.7452397809709822, 0.745118422735305, 0.7449975440615698, 0.7448772466750372, 0.7447572544642856, 0.744637698218936, 0.7445187087286086, 0.7444000825427827, 0.7442819068545387, 0.7441641525995163], "client_accs": {"T-shirt": [27.0, 92.0, 90.42857142857143, 90.28571428571429, 90.0, 89.85714285714286, 90.0, 89.71428571428571, 89.71428571428571, 89.71428571428571, 89.71428571428571, 89.57142857142857, 89.71428571428571, 89.42857142857143, 89.42857142857143, 89.71428571428571, 89.57142857142857, 89.71428571428571, 89.71428571428571, 89.57142857142857, 89.57142857142857, 89.57142857142857], "pullover": [13.571428571428571, 78.0, 82.42857142857143, 83.71428571428571, 83.85714285714286, 84.42857142857143, 84.71428571428571, 85.0, 85.28571428571429, 85.71428571428571, 86.28571428571429, 86.14285714285714, 86.42857142857143, 86.57142857142857, 87.0, 87.42857142857143, 87.57142857142857, 88.0, 87.85714285714286, 88.0, 88.14285714285714, 88.14285714285714], "shirt": [35.0, 52.857142857142854, 55.142857142857146, 57.285714285714285, 58.285714285714285, 59.285714285714285, 59.142857142857146, 59.57142857142857, 60.142857142857146, 60.714285714285715, 61.285714285714285, 60.857142857142854, 60.714285714285715, 61.0, 61.0, 61.142857142857146, 61.142857142857146, 60.857142857142854, 61.142857142857146, 61.42857142857143, 61.42857142857143, 61.42857142857143]}}