{"acc_dist": [91.28571428571429, 88.42857142857143, 62.857142857142854], "mean_curve": [36.142857142857146, 75.28571428571429, 77.71428571428571, 78.14285714285715, 78.6190476190476, 79.19047619047619, 79.33333333333333, 79.42857142857143, 79.47619047619048, 79.71428571428572, 79.8095238095238, 79.90476190476191, 80.09523809523809, 80.14285714285715, 80.28571428571429, 80.33333333333333, 80.38095238095238, 80.61904761904762, 80.66666666666667, 80.71428571428571, 80.85714285714286, 80.85714285714286], "var_curve": [12.103296902842935, 13.836263110780607, 12.892543855842797, 12.467645201510521, 12.349410370861298, 12.146684737547885, 12.306921526536092, 12.26465526248019, 12.198100294457774, 12.23133035188204, 12.331218792807942, 12.380769229414549, 12.298074255162371, 12.416797926530789, 12.403093754941853, 12.43012214372556, 12.457455944805908, 12.418076210913082, 12.44598306005057, 12.876704695283022, 12.781257536631017, 12.781257536631017], "train_loss": [1.112019537062872, 0.9873929559616816, 0.9147678629557291, 0.8883221144903274, 0.8713325863792782, 0.8586859276181175, 0.8488368297758556, 0.8409243338448661, 0.8343992396763392, 0.8289047531854538, 0.8241966610863095, 0.8201037452334449, 0.8165025983537947, 0.8133021908714658, 0.8104335530598958, 0.8078429158528646, 0.8054884992327008, 0.8033362833658856, 0.8013590785435268, 0.7995343453543526, 0.7978436133975074, 0.7962714204334077, 0.7948042224702382, 0.7934312366303944, 0.792142595563616, 0.7909301612490699, 0.7897865804036458, 0.7887056623186384, 0.7876817975725446, 0.7867101614815848, 0.7857862054734003, 0.784906499953497, 0.7840672084263393, 0.7832653517950149, 0.7824981834774926, 0.7817632184709821, 0.781058117094494, 0.7803808012462797, 0.7797295561290922, 0.7791025216238839, 0.7784982299804688, 0.7779151553199405, 0.7773521641322544, 0.7768078322637649, 0.7762813459123885, 0.7757714407784597, 0.7752772594633557, 0.7747979155040922, 0.7743324933733259, 0.7738804408482144, 0.7734409877232143, 0.7730134800502232, 0.7725972493489582, 0.7721918160574778, 0.7717964826311384, 0.7714109438941592, 0.7710346912202382, 0.7706673177083333, 0.7703083292643229, 0.7699573044549851, 0.7696140543619792, 0.7692780267624628, 0.7689490472702754, 0.7686268688383556, 0.7683108956473214, 0.7680012730189733, 0.7676974632626488, 0.7673993065243675, 0.7671064976283483, 0.7668189203171503, 0.7665362984793527, 0.766258544921875, 0.7659852963402157, 0.7657164364769345, 0.7654519072033109, 0.7651914324079242, 0.7649348813011533, 0.7646821666899181, 0.7644329979306175, 0.7641874331519717, 0.7639451817103794, 0.7637061854771204, 0.7634703427269346, 0.763237537202381, 0.763007594517299, 0.7627805292038691, 0.7625561668759301, 0.7623344639369419, 0.7621153331938243, 0.7618985130673362, 0.7616841779436384, 0.7614720662434896, 0.76126216343471, 0.7610544259207589, 0.7608487810407366, 0.7606451125372024, 0.7604432896205356, 0.7602435593377975, 0.7600454711914063, 0.7598492286318823, 0.7596546282087054, 0.7594616989862351, 0.7592703537713913, 0.7590804763067336, 0.7588922119140625, 0.7587053571428571, 0.7585199265252976, 0.7583359055292038, 0.7581532069614956, 0.7579718017578125, 0.7577915881928944, 0.7576126679920016, 0.7574348231724329, 0.7572581845238094, 0.7570827084495907, 0.7569082496279762, 0.7567348516555059, 0.75656251453218, 0.7563911655970982, 0.7562207176571801, 0.7560513886951264, 0.7558829025995163, 0.7557152739025298, 0.7555485171363467, 0.7553826177687872, 0.7552175467354911, 0.7550531732468378, 0.7548897734142486, 0.7547270856584821, 0.7545651099795386, 0.7544038754417782, 0.7542433820452009, 0.7540836007254464, 0.7539244297572546, 0.7537659418015253, 0.7536082095191592, 0.7534510149274554, 0.7532945033482142, 0.7531385875883557, 0.7529831949869793, 0.7528285289946056, 0.7526742408389137, 0.7525206792922248, 0.7523676409040178, 0.7522151256742932, 0.7520632353283111, 0.7519118390764509, 0.7517608933221727, 0.7516104997907366, 0.7514606148856027, 0.7513111950102306, 0.7511623709542411, 0.7510139683314732, 0.7508660743350074, 0.750718732561384, 0.7505717831566221, 0.7504253423781622, 0.7502794247581845, 0.7501339285714286, 0.7499889555431548, 0.7498444184802827, 0.7497002883184524, 0.7495567539760044, 0.7494136120024181, 0.7492709931873139, 0.7491287376767112, 0.748987077985491, 0.7488457234700521, 0.7487049502418155, 0.7485645112537203, 0.7484246099562872, 0.7482850719633557, 0.7481460861932664, 0.7480074782598587, 0.7478694080171131, 0.7477317737397694, 0.7475944591703868, 0.7474578130812871, 0.7473214867001489, 0.747185538155692, 0.7470501563662575, 0.7469151088169643, 0.7467805553617932, 0.7466464960007441, 0.7465127563476562, 0.7463795689174108, 0.746246817452567, 0.7461144438244047, 0.7459826078869048, 0.7458511788504465, 0.74572021484375, 0.7455897013346355, 0.7454596528552827, 0.7453299822126116, 0.7452008492606027, 0.745072036016555, 0.74494380405971, 0.7448159644717262, 0.7446885463169642, 0.7445616513206845, 0.7444351486932663], "client_accs": {"T-shirt": [39.285714285714285, 91.14285714285714, 90.71428571428571, 90.28571428571429, 90.42857142857143, 90.28571428571429, 90.28571428571429, 90.28571428571429, 90.28571428571429, 90.28571428571429, 90.71428571428571, 90.71428571428571, 90.71428571428571, 90.71428571428571, 90.71428571428571, 90.71428571428571, 90.71428571428571, 90.85714285714286, 90.85714285714286, 91.14285714285714, 91.28571428571429, 91.28571428571429], "pullover": [20.0, 77.28571428571429, 82.28571428571429, 83.14285714285714, 83.85714285714286, 85.0, 85.57142857142857, 85.71428571428571, 85.71428571428571, 86.28571428571429, 86.14285714285714, 86.42857142857143, 86.71428571428571, 87.0, 87.28571428571429, 87.42857142857143, 87.57142857142857, 87.85714285714286, 88.0, 88.42857142857143, 88.42857142857143, 88.42857142857143], "shirt": [49.142857142857146, 57.42857142857143, 60.142857142857146, 61.0, 61.57142857142857, 62.285714285714285, 62.142857142857146, 62.285714285714285, 62.42857142857143, 62.57142857142857, 62.57142857142857, 62.57142857142857, 62.857142857142854, 62.714285714285715, 62.857142857142854, 62.857142857142854, 62.857142857142854, 63.142857142857146, 63.142857142857146, 62.57142857142857, 62.857142857142854, 62.857142857142854]}}