{"acc_dist": [80.57142857142857, 78.85714285714286, 78.85714285714286], "mean_curve": [44.952380952380956, 72.95238095238095, 75.38095238095238, 76.71428571428571, 77.95238095238095, 78.38095238095237, 78.38095238095238, 79.19047619047619, 79.33333333333333, 79.0, 79.04761904761905, 79.14285714285714, 79.42857142857143, 79.38095238095238, 79.52380952380952, 79.52380952380952, 79.71428571428571, 79.90476190476191, 79.85714285714285, 80.09523809523809, 79.80952380952381, 79.42857142857143], "var_curve": [16.856470258306185, 11.502341277986996, 3.6071232122677435, 2.8284271247461903, 2.8981188675624625, 2.0548046676563256, 1.1683661091795496, 1.9564417699213443, 1.3619380615309578, 2.628985474636617, 1.2848321488792427, 1.049781318335647, 1.2616801237611222, 1.6835875742536837, 1.6835875742536837, 1.6835875742536837, 1.5163507931514917, 1.4490594337812313, 1.6035674514745488, 1.6876233473018454, 0.9920317455237941, 0.8081220356417658], "train_loss": [1.0587636893136159, 0.9451540120442709, 0.9074479457310268, 0.8871713838123139, 0.872821568080357, 0.8612242053803945, 0.8519415573846727, 0.8444220697312129, 0.8382396007719494, 0.8330432710193452, 0.8285946509951637, 0.8247250220889137, 0.8213038562593007, 0.8182159133184523, 0.8153487432570684, 0.8125954764229911, 0.8098698497953869, 0.8071247209821429, 0.8043576195126487, 0.8015990339006697, 0.7988924153645834, 0.7921233258928572, 0.7930326043991816, 0.7930159214564733, 0.7922183372860863, 0.7860597446986608, 0.7869455101376488, 0.7875139508928571, 0.7822798374720983, 0.7835147240048363, 0.7841893659319196, 0.7793292526971726, 0.7806361607142858, 0.7814603097098214, 0.7768168131510418, 0.7781417701357887, 0.7790704055059523, 0.7745933896019346, 0.7759258742559524, 0.776923334030878, 0.7725905354817709, 0.7739261300223214, 0.7749704996744793, 0.7707677350725447, 0.7721030970982143, 0.7731812976655507, 0.7690974062965029, 0.7704298909505208, 0.7715332903180804, 0.7675580415271578, 0.7688857014973959, 0.7700087193080357, 0.7661331612723213, 0.7674547467912948, 0.7685924130394346, 0.7648086693173363, 0.7661233084542411, 0.7672719319661457, 0.7635726492745536, 0.7648797026134672, 0.7660362606956846, 0.7624152192615328, 0.7637143961588543, 0.7648759533110119, 0.761327630905878, 0.7626185825892856, 0.7637829880487351, 0.7603027053106399, 0.7615851702008928, 0.7627503022693451, 0.7593339320591518, 0.7606077067057292, 0.7617722284226192, 0.7584159633091518, 0.7596810767764137, 0.7608436221168154, 0.7575443522135417, 0.7588006301153273, 0.7599602690197171, 0.7567151460193452, 0.7579624139694939, 0.7591183035714285, 0.7559246826171875, 0.757162853422619, 0.7583144414992559, 0.755170142764137, 0.7567095947265624, 0.7577253650483632, 0.7545594714936756, 0.7561045038132441, 0.7534195963541667, 0.7546888369605655, 0.7563780575706845, 0.753348127092634, 0.754896007719494, 0.7559989129929315, 0.7529617164248511, 0.7544817533947173, 0.7518879045758928, 0.7531524367559523, 0.7548229689825149, 0.7518860153924852, 0.7534257289341517, 0.754502912248884, 0.7515625290643602, 0.7530648658389136, 0.7505324009486607, 0.7517966134207589, 0.7534294782366072, 0.7505712309337799, 0.752103765578497, 0.7531404622395833, 0.7502886962890626, 0.7517741176060269, 0.7492972237723214, 0.7505604771205358, 0.752153058733259, 0.74936767578125, 0.7508921886625745, 0.7485147821335566, 0.7497673397972471, 0.7513866315569198, 0.7486659458705357, 0.7501797049386161, 0.7511996023995535, 0.748475806826637, 0.7499319893973215, 0.747541271391369, 0.7487951369512649, 0.7503215390159971, 0.7476438395182292, 0.7491478910900297, 0.7468394252232143, 0.7480862862723215, 0.7496432059151786, 0.7470200892857143, 0.7485166422526041, 0.7462500871930803, 0.747490728469122, 0.7490509323846727, 0.7464645531063988, 0.7479558744884672, 0.7457153029668899, 0.7469535609654017, 0.7485003662109375, 0.7459461321149554, 0.7474309721447172, 0.7452115885416667, 0.7464480154854911, 0.747977294921875, 0.7454529680524553, 0.7469314720517112, 0.7447314453125, 0.7459659830729167, 0.747476545061384, 0.7449807012648809, 0.7464528111049106, 0.7442710077194942, 0.7455038597470237, 0.7469952683221726, 0.7445269484747024, 0.7459925478980655, 0.743828357514881, 0.7450593494233632, 0.7465316627139137, 0.7440897333054316, 0.7455489676339285, 0.7434016345796132, 0.7446308244977679, 0.7460839843750001, 0.7436678059895834, 0.7451206461588541, 0.7429897054036458, 0.7442169480096726, 0.7456509835379465, 0.7432598005022322, 0.7447062174479168, 0.7425911458333333, 0.7438165283203125, 0.7462904866536458, 0.7422304861886161, 0.7440533156622023, 0.7419169108072916, 0.7435783458891368, 0.7446543375651041, 0.7424505905877976, 0.743766799200149, 0.7448540969122024, 0.7414082554408483, 0.7427512904575893, 0.7409058489118303, 0.7425008428664435, 0.7438716924758184, 0.7416951788039435, 0.7430429513113839, 0.7440811883835566, 0.7407440912155878, 0.7420363362630208, 0.7428971644810268, 0.7409516252790178, 0.7421518670944941], "client_accs": {"T-shirt": [65.42857142857143, 87.85714285714286, 80.28571428571429, 80.71428571428571, 80.14285714285714, 80.71428571428571, 80.0, 80.71428571428571, 81.14285714285714, 81.0, 80.85714285714286, 80.42857142857143, 80.71428571428571, 80.57142857142857, 80.71428571428571, 80.71428571428571, 80.71428571428571, 81.0, 81.57142857142857, 81.42857142857143, 81.0, 80.57142857142857], "pullover": [24.142857142857142, 71.14285714285714, 71.71428571428571, 74.71428571428571, 79.85714285714286, 78.71428571428571, 77.28571428571429, 80.42857142857143, 79.0, 80.71428571428571, 78.0, 79.14285714285714, 79.85714285714286, 80.57142857142857, 80.71428571428571, 80.71428571428571, 80.85714285714286, 80.85714285714286, 80.28571428571429, 81.14285714285714, 79.85714285714286, 78.85714285714286], "shirt": [45.285714285714285, 59.857142857142854, 74.14285714285714, 74.71428571428571, 73.85714285714286, 75.71428571428571, 77.85714285714286, 76.42857142857143, 77.85714285714286, 75.28571428571429, 78.28571428571429, 77.85714285714286, 77.71428571428571, 77.0, 77.14285714285714, 77.14285714285714, 77.57142857142857, 77.85714285714286, 77.71428571428571, 77.71428571428571, 78.57142857142857, 78.85714285714286]}}