{"acc_dist": [92.57142857142857, 83.71428571428571, 49.142857142857146], "mean_curve": [44.952380952380956, 61.8095238095238, 64.23809523809523, 65.47619047619047, 67.3809523809524, 68.95238095238095, 70.52380952380952, 71.33333333333333, 72.52380952380953, 72.80952380952381, 73.19047619047619, 73.28571428571428, 73.47619047619048, 73.90476190476191, 74.0952380952381, 74.19047619047619, 74.47619047619048, 74.71428571428571, 74.76190476190477, 74.90476190476191, 75.04761904761905, 75.14285714285714], "var_curve": [16.856470258306185, 19.664648806892348, 23.177027487894197, 24.60057333918826, 23.853958536655522, 22.93508536259608, 22.18117524270056, 21.966682666991165, 21.414069166710092, 21.358722137287813, 21.234785136027224, 21.01732359641595, 20.90156174659473, 20.593022176413946, 20.392186489959087, 20.23680668166798, 19.79498092550912, 19.575077866240733, 19.39855290673208, 19.08995295580571, 18.86916403749575, 18.736990951910414], "train_loss": [0.9633585902622767, 0.9507153901599702, 0.9403263055710566, 0.9318283226376488, 0.9248523239862352, 0.9190665399460566, 0.914195062546503, 0.9100209263392857, 0.9063784354073662, 0.9031435430617559, 0.9002238827659971, 0.897550804501488, 0.8950726318359375, 0.8927502877371652, 0.8905542864118302, 0.8884618123372396, 0.8864551653180804, 0.8845200747535342, 0.8826459321521577, 0.880823713030134, 0.8790467616489955, 0.8773094540550596, 0.8756074305943081, 0.8739374069940476, 0.872296622140067, 0.8706835792178199, 0.8690965053013393, 0.8675346592494421, 0.8659976632254464, 0.864485371907552, 0.8629977126348587, 0.8615351359049478, 0.8600980340866814, 0.8586871919177828, 0.8573031761532738, 0.8559467279343377, 0.8546185012090773, 0.8533192080543155, 0.8520493716285342, 0.8508095732189359, 0.8496000889369419, 0.8484213838123139, 0.847273472377232, 0.8461563982282366, 0.8450701613653274, 0.8440143694196429, 0.8429886590866814, 0.8419926961263021, 0.8410259573800222, 0.8400877453031995, 0.8391772460937501, 0.8382936023530506, 0.8374364362444195, 0.8366043526785715, 0.8357968720935641, 0.8350128755115328, 0.8342516363234748, 0.8335119047619047, 0.832793259393601, 0.8320945812406993, 0.8314148966471354, 0.8307535661969867, 0.8301097760881696, 0.8294826979864212, 0.8288715326218378, 0.8282758294968379, 0.8276945422944569, 0.8271272495814732, 0.8265731666201637, 0.8260320318312872, 0.8255029587518602, 0.8249856422061012, 0.8244792974562872, 0.8239838082449777, 0.8234984043666295, 0.8230228823707217, 0.8225567917596726, 0.822099609375, 0.8216512625558036, 0.8212111409505208, 0.8207789829799107, 0.8203546723865328, 0.8199377150762649, 0.8195279947916667, 0.819125031970796, 0.8187288411458334, 0.8183390590122768, 0.8179555257161458, 0.8175780959356399, 0.8172062901088171, 0.8168401808965773, 0.8164794921874999, 0.8161241367885044, 0.81577391124907, 0.8154286266508558, 0.8150882539295016, 0.814752444312686, 0.8144214448474703, 0.8140946597144717, 0.8137722923642112, 0.8134540376209078, 0.8131399245489211, 0.812829836890811, 0.812523687453497, 0.8122211565290178, 0.8119224475678943, 0.8116272844587052, 0.8113357689267113, 0.8110476248604911, 0.8107628813244047, 0.8104812912713912, 0.8102030872163318, 0.8099278767903645, 0.8096558634440104, 0.8093867710658481, 0.8091206577845981, 0.80885740734282, 0.8085970633370536, 0.8083393496558781, 0.8080843389601934, 0.8078321184430804, 0.8075823974609375, 0.8073352922712053, 0.8070907011486236, 0.8068485369001116, 0.8066087268647694, 0.8063713146391369, 0.8061363147553943, 0.8059034656343006, 0.8056729271298364, 0.805444612048921, 0.8052182152157737, 0.8049942743210566, 0.8047722371419271, 0.8045521618071056, 0.8043342953636533, 0.8041182890392484, 0.8039042154947916, 0.8036920601981027, 0.8034818376813616, 0.8032735188802084, 0.8030668422154017, 0.802862040201823, 0.8026589965820313, 0.8024577258882069, 0.8022581409272694, 0.802060096377418, 0.8018638538178943, 0.801669195265997, 0.8014761497860863, 0.8012845720563616, 0.8010947672526042, 0.8009063284737724, 0.8007193429129464, 0.8005338977632069, 0.8003499348958334, 0.8001673961821055, 0.7999861944289434, 0.799806634812128, 0.7996282813662575, 0.7994512503487723, 0.7992755853562129, 0.7991013299851191, 0.7989282081240701, 0.7987564668201266, 0.7985861206054689, 0.7984168061755953, 0.7982487415132069, 0.7980819702148437, 0.7979164196196057, 0.7977520606631324, 0.7975887770879836, 0.7974267142159599, 0.79726565406436, 0.7971058727446056, 0.7969471668061755, 0.7967894781203496, 0.7966328793480283, 0.7964773559570313, 0.7963229370117189, 0.7961694626581101, 0.7960170346214657, 0.795865711030506, 0.7957153029668899, 0.7955659702845982, 0.7954174368722099, 0.7952699643089658, 0.7951233782087054, 0.794977765764509, 0.7948331269763763, 0.7946893310546875, 0.7945465669177828, 0.7944046020507812, 0.7942635527111236, 0.7941233607700893, 0.7939839971633185, 0.7938454764229911, 0.7937078421456473, 0.7935711233956474, 0.7934351167224701, 0.7932999965122768], "client_accs": {"T-shirt": [65.42857142857143, 87.57142857142857, 91.85714285714286, 93.0, 93.28571428571429, 93.71428571428571, 93.57142857142857, 93.57142857142857, 93.57142857142857, 93.57142857142857, 93.42857142857143, 93.42857142857143, 93.28571428571429, 93.42857142857143, 93.28571428571429, 93.14285714285714, 92.85714285714286, 93.0, 92.85714285714286, 92.71428571428571, 92.57142857142857, 92.57142857142857], "pullover": [24.142857142857142, 58.0, 65.71428571428571, 70.14285714285714, 73.14285714285714, 74.71428571428571, 77.42857142857143, 79.0, 80.85714285714286, 81.42857142857143, 82.28571428571429, 82.14285714285714, 82.57142857142857, 82.85714285714286, 83.14285714285714, 83.28571428571429, 83.57142857142857, 83.57142857142857, 83.57142857142857, 83.57142857142857, 83.71428571428571, 83.71428571428571], "shirt": [45.285714285714285, 39.857142857142854, 35.142857142857146, 33.285714285714285, 35.714285714285715, 38.42857142857143, 40.57142857142857, 41.42857142857143, 43.142857142857146, 43.42857142857143, 43.857142857142854, 44.285714285714285, 44.57142857142857, 45.42857142857143, 45.857142857142854, 46.142857142857146, 47.0, 47.57142857142857, 47.857142857142854, 48.42857142857143, 48.857142857142854, 49.142857142857146]}}