{"acc_dist": [95.85714285714286, 91.42857142857143, 50.857142857142854], "mean_curve": [27.76190476190476, 73.47619047619048, 74.76190476190476, 75.80952380952381, 75.80952380952381, 76.76190476190476, 76.52380952380952, 76.80952380952381, 77.76190476190476, 78.33333333333333, 78.09523809523809, 78.57142857142857, 78.85714285714286, 78.95238095238096, 79.38095238095237, 79.23809523809524, 79.38095238095237, 79.04761904761905, 79.04761904761905, 79.0, 79.57142857142857, 79.38095238095238], "var_curve": [18.10488464676211, 18.294764625389767, 21.296843793284385, 21.729422460192417, 23.16058501879213, 22.160310581744223, 23.13413513872477, 23.471601985660087, 21.948093786515447, 21.52496836324153, 22.245486688416936, 21.390760291545043, 21.093894399858478, 20.959738967753676, 19.76402742472676, 20.166090394869777, 19.75266565437472, 21.007395307281, 20.71981316509326, 20.988172892382607, 20.163616455671548, 20.25024845176663], "train_loss": [1.1456990850539432, 1.0357973807198662, 0.9325211588541666, 0.8922029622395833, 0.871893775576637, 0.861797863188244, 0.8533321998232886, 0.8470868065243676, 0.8417274693080357, 0.8370608520507813, 0.832961919875372, 0.8292946806408109, 0.826579822358631, 0.8243574305943081, 0.8216854713076637, 0.8195479474748885, 0.8172253999255953, 0.8151215326218377, 0.8137019856770834, 0.8125828188941592, 0.8115454828171504, 0.8100081380208334, 0.8091196114676339, 0.8070902215866815, 0.8058215913318452, 0.8039900716145834, 0.8023399135044643, 0.8008292207263764, 0.7999204653785342, 0.7991523524693079, 0.7989026750837054, 0.7986095610119047, 0.7975946044921874, 0.7966710844494047, 0.7965215919131324, 0.7963821847098215, 0.7944511486235118, 0.7943674723307291, 0.7942159307570685, 0.7932691301618305, 0.7914512270972843, 0.7898222714378721, 0.7898919677734376, 0.7892538016183036, 0.7877860369001116, 0.7864214797247024, 0.7851594180152531, 0.7853635224841891, 0.7855682227725075, 0.7840904744466147, 0.783619864327567, 0.7839374069940476, 0.7834014747256325, 0.7830059669131324, 0.7832171340215773, 0.78249267578125, 0.7828055972144717, 0.7822776576450893, 0.7814984857468378, 0.7810563005719865, 0.7807435825892858, 0.7808458455403645, 0.780895763578869, 0.7793083844866072, 0.778704339890253, 0.7789844331287202, 0.7792464773995537, 0.778556678408668, 0.7788133312406994, 0.7780796886625744, 0.7773171706426711, 0.777618146623884, 0.7760235305059524, 0.7757223946707589, 0.7759158179873512, 0.7745546177455358, 0.773989025297619, 0.7728201003301711, 0.7733357747395834, 0.7721258399600074, 0.7710980805896578, 0.7711501348586309, 0.7701555669875372, 0.770631815592448, 0.7706245930989583, 0.7706825329008556, 0.7701451474144344, 0.7690966070265998, 0.7696191696893601, 0.7695682779947917, 0.7685171072823661, 0.768200233096168, 0.7679495529901414, 0.7685982985723586, 0.7691884068080356, 0.7697086152576266, 0.7701198032924106, 0.7704893275669642, 0.7698141043526786, 0.7693161446707588, 0.7687039329892112, 0.7691388520740327, 0.7686527070545015, 0.7690619041806176, 0.768694603329613, 0.767467055547805, 0.7663294183640253, 0.765330548967634, 0.7659294055757068, 0.7659186953590029, 0.7649251156761533, 0.7650110444568452, 0.7640822201683407, 0.764220929827009, 0.7638011823381697, 0.7629425775437128, 0.7621908714657738, 0.7628166126069568, 0.7632916114443824, 0.7633948044549852, 0.7635593668619792, 0.7626404244559151, 0.7618052455357143, 0.7624457659040179, 0.7615920293898809, 0.7618642897832961, 0.7622650582449776, 0.761370617094494, 0.7605786423456102, 0.7612303088960193, 0.7614510236467634, 0.7606185913085938, 0.7598734683082218, 0.75958494640532, 0.7597981770833333, 0.7590650721958706, 0.7584110804966518, 0.7578104364304316, 0.7572568620954242, 0.7575782993861607, 0.757006370907738, 0.7575735182989211, 0.7569580368768601, 0.7572461373465401, 0.7578542509533109, 0.7575791713169643, 0.7578203764415923, 0.7581206984747024, 0.7573932320731028, 0.7579420689174108, 0.7571808587937127, 0.7574683053152902, 0.757176266624814, 0.7569508870442707, 0.7562435622442335, 0.7568399629138765, 0.7561112903413317, 0.7554978724888392, 0.7553830537341889, 0.7547779482886905, 0.75503904796782, 0.7556224714006697, 0.7554597255161829, 0.7561201259068081, 0.7561810157412575, 0.7553927321661087, 0.7556247965494792, 0.7553934006463914, 0.7560685511997769, 0.7566417875744048, 0.7572643752325149, 0.7577226184663318, 0.7575639997209821, 0.7581402151925222, 0.7586192685081845, 0.7590889630998884, 0.7579534185500373, 0.7584911528087798, 0.7574622308640254, 0.7576134381975447, 0.7570296223958333, 0.7561686488560267, 0.7567674909319196, 0.7558676292782739, 0.7564773704892113, 0.7567289661225819, 0.7562252371651784, 0.756258806501116, 0.7553777494884674, 0.756002691359747, 0.7562669881184897, 0.7553805832635788, 0.755960678827195, 0.7554949224562871, 0.7546295747302828, 0.7547818283807665, 0.7540433465866817, 0.753339611235119, 0.7531130981445312, 0.7524991571335565, 0.7526741972423734], "client_accs": {"T-shirt": [2.2857142857142856, 94.0, 94.85714285714286, 95.0, 95.42857142857143, 95.0, 95.85714285714286, 95.57142857142857, 95.71428571428571, 95.71428571428571, 95.71428571428571, 95.85714285714286, 96.0, 96.0, 95.71428571428571, 95.85714285714286, 95.57142857142857, 95.85714285714286, 95.85714285714286, 96.0, 95.71428571428571, 95.85714285714286], "pullover": [38.285714285714285, 76.85714285714286, 84.14285714285714, 87.0, 88.71428571428571, 89.71428571428571, 89.71428571428571, 91.14285714285714, 90.71428571428571, 91.28571428571429, 91.85714285714286, 91.42857142857143, 91.42857142857143, 91.42857142857143, 90.85714285714286, 91.0, 91.0, 91.85714285714286, 91.42857142857143, 91.57142857142857, 91.85714285714286, 91.42857142857143], "shirt": [42.714285714285715, 49.57142857142857, 45.285714285714285, 45.42857142857143, 43.285714285714285, 45.57142857142857, 44.0, 43.714285714285715, 46.857142857142854, 48.0, 46.714285714285715, 48.42857142857143, 49.142857142857146, 49.42857142857143, 51.57142857142857, 50.857142857142854, 51.57142857142857, 49.42857142857143, 49.857142857142854, 49.42857142857143, 51.142857142857146, 50.857142857142854]}}