{"acc_dist": [88.28571428571429, 77.28571428571429, 66.28571428571429], "mean_curve": [27.76190476190476, 54.19047619047618, 66.38095238095238, 69.38095238095238, 70.95238095238096, 71.42857142857143, 72.19047619047619, 73.09523809523809, 73.80952380952381, 74.23809523809524, 74.80952380952381, 75.09523809523809, 75.61904761904762, 76.09523809523809, 76.42857142857143, 76.66666666666667, 76.90476190476191, 76.85714285714285, 76.80952380952381, 77.1904761904762, 77.28571428571429, 77.28571428571429], "var_curve": [18.10488464676211, 6.608933691235479, 11.873100755150276, 13.340304300159783, 12.768122152871877, 12.224097980160801, 11.691227790794075, 11.212440450752817, 10.747778339220854, 10.275347509447517, 9.942920999612493, 9.883906615166104, 9.953861817373452, 9.563488770334674, 9.365590516047863, 9.208346800248718, 9.011959803568466, 8.88551523280338, 8.993825042154695, 8.926253667421031, 8.981462390204987, 8.981462390204987], "train_loss": [1.1456990850539432, 1.1332609049479168, 1.121064947219122, 1.109286382765997, 1.097511218843006, 1.0855682954334078, 1.0733013044084823, 1.0606004115513392, 1.0474469575427827, 1.0339637974330358, 1.020433117094494, 1.0072484479631696, 0.995834234328497, 0.9852673921130952, 0.9755985804966518, 0.9668311418805803, 0.9588705880301339, 0.9516398402622768, 0.945057634626116, 0.9390458461216517, 0.9335340227399552, 0.9284602283296132, 0.9237706356956844, 0.9194197009858631, 0.9153676932198661, 0.9115812755766369, 0.9080304245721726, 0.9046913074311757, 0.9015424165271577, 0.8985654413132441, 0.8957441348121279, 0.8930650983537948, 0.8905155726841518, 0.8880848039899553, 0.8857635498046875, 0.8835429454985119, 0.881415521530878, 0.8793745640345981, 0.8774140566871281, 0.8755284481956845, 0.8737126813616071, 0.8719624837239582, 0.8702737281436012, 0.868642839704241, 0.8670660981677828, 0.8655408586774554, 0.8640638078962054, 0.8626326497395834, 0.8612448846726192, 0.8598982747395834, 0.8585908435639881, 0.8573205566406249, 0.8560857573009674, 0.8548844691685268, 0.8537156459263393, 0.8525774855840774, 0.8514687965029761, 0.85038818359375, 0.849334716796875, 0.8483068557012649, 0.8473038155691964, 0.8463246082124255, 0.8453682745070684, 0.8444338843936011, 0.8435206821986606, 0.8426277669270833, 0.8417544410342263, 0.8408999197823661, 0.8400638543991815, 0.8392451695033483, 0.8384434872581844, 0.8376583135695684, 0.8368888927641369, 0.8361348760695684, 0.8353955368768601, 0.8346705264136904, 0.833959466843378, 0.8332617187500001, 0.8325771658761161, 0.8319051978701637, 0.8312454659598214, 0.8305976213727679, 0.8299611700148809, 0.8293361700148809, 0.8287218075706845, 0.828118169875372, 0.8275247918991816, 0.8269412958054315, 0.8263676089332218, 0.82580323718843, 0.8252482968284971, 0.8247021775018601, 0.8241646757579986, 0.8236357770647321, 0.8231151617140998, 0.8226025535946802, 0.8220979091099331, 0.8216008794875371, 0.8211112176804315, 0.8206291126069569, 0.8201538667224701, 0.8196858142671131, 0.8192244030180431, 0.8187696620396205, 0.8183213878813245, 0.8178794642857143, 0.8174436878022693, 0.8170140438988095, 0.8165902273995536, 0.8161722237723215, 0.8157598731631325, 0.8153530883789063, 0.8149517822265624, 0.8145556204659599, 0.8141648065476191, 0.8137790062313988, 0.8133981759207588, 0.8130222138904389, 0.8126510765438989, 0.8122845894949776, 0.8119227527436755, 0.8115652465820312, 0.8112122889927456, 0.8108636329287574, 0.810519292922247, 0.8101789202008929, 0.8098426891508556, 0.8095105271112351, 0.8091823032924107, 0.8088579305013021, 0.8085372052873884, 0.8082203165690105, 0.8079070463634673, 0.8075972929454984, 0.8072911435081845, 0.8069883074079242, 0.8066890462239583, 0.8063929675874256, 0.8061002168201266, 0.8058107212611607, 0.805524393717448, 0.8052410307384673, 0.8049607631138392, 0.804683619907924, 0.8044093976702008, 0.804137936546689, 0.8038694109235491, 0.8036037336077008, 0.8033407592773436, 0.8030806332542784, 0.802822992234003, 0.8025680541992187, 0.8023157028924851, 0.802065938313802, 0.8018185715448288, 0.8015737479073661, 0.8013313802083334, 0.8010913376581102, 0.8008536929175967, 0.8006183006649926, 0.8003853062220982, 0.8001544334774925, 0.7999258568173363, 0.799699430919829, 0.79947509765625, 0.7992529296875, 0.7990328543526785, 0.7988148280552455, 0.798598865327381, 0.7983848208472842, 0.7981728108723959, 0.7979626174200148, 0.7977545166015624, 0.7975481305803571, 0.7973436482747395, 0.7971409243629092, 0.796940162295387, 0.7967410714285714, 0.7965438552129837, 0.7963481939406621, 0.7961543782552084, 0.795962190173921, 0.7957716878255209, 0.7955827404203869, 0.7953954060872395, 0.7952098156156994, 0.7950256928943453, 0.7948431687127977, 0.7946620977492559, 0.7944826107933408, 0.7943044753301711, 0.7941279965355282, 0.7939528837658111, 0.7937792096819196, 0.7936069452194942, 0.7934360903785342, 0.7932666306268601, 0.7930984351748512, 0.7929316784086682, 0.7927662440708705, 0.792602059500558], "client_accs": {"T-shirt": [2.2857142857142856, 44.857142857142854, 83.14285714285714, 88.14285714285714, 89.0, 88.71428571428571, 88.71428571428571, 88.85714285714286, 88.85714285714286, 88.57142857142857, 88.57142857142857, 88.57142857142857, 89.0, 88.71428571428571, 88.71428571428571, 88.57142857142857, 88.42857142857143, 88.14285714285714, 88.14285714285714, 88.28571428571429, 88.28571428571429, 88.28571428571429], "pullover": [38.285714285714285, 59.285714285714285, 57.142857142857146, 58.285714285714285, 61.42857142857143, 63.0, 64.42857142857143, 66.71428571428571, 68.14285714285714, 69.14285714285714, 70.42857142857143, 71.57142857142857, 72.71428571428571, 74.0, 74.57142857142857, 75.28571428571429, 75.85714285714286, 76.0, 76.14285714285714, 76.85714285714286, 77.28571428571429, 77.28571428571429], "shirt": [42.714285714285715, 58.42857142857143, 58.857142857142854, 61.714285714285715, 62.42857142857143, 62.57142857142857, 63.42857142857143, 63.714285714285715, 64.42857142857143, 65.0, 65.42857142857143, 65.14285714285714, 65.14285714285714, 65.57142857142857, 66.0, 66.14285714285714, 66.42857142857143, 66.42857142857143, 66.14285714285714, 66.42857142857143, 66.28571428571429, 66.28571428571429]}}