{"acc_dist": [83.0, 73.85714285714286, 72.71428571428571], "mean_curve": [38.476190476190474, 66.85714285714285, 68.52380952380952, 70.0952380952381, 70.85714285714286, 71.76190476190476, 72.0, 73.42857142857143, 73.38095238095237, 74.19047619047619, 74.71428571428572, 74.47619047619048, 74.95238095238095, 75.14285714285715, 75.28571428571429, 75.61904761904763, 75.6190476190476, 75.90476190476191, 76.14285714285715, 76.3809523809524, 76.23809523809524, 76.52380952380952], "var_curve": [12.896412691809314, 16.978978599601163, 16.42808832968098, 15.024847145513055, 13.56817003487346, 12.19140621452375, 10.784216231506633, 10.008839630461628, 9.549251730726338, 8.761645958910748, 8.187430219882318, 7.766431633476234, 7.509027069357566, 6.459712931428341, 6.40896480969999, 6.138241159741725, 5.5822036627506115, 5.436502143433363, 5.254088139427309, 5.092789798971476, 4.680736806545974, 4.603065132797933], "train_loss": [1.0864107549758184, 1.0655385044642856, 1.0471524193173363, 1.0313772728329613, 1.0180326625279017, 1.0068166968936012, 0.9974168178013393, 0.9895535132998511, 0.9770197986421132, 0.9714329601469492, 0.9667864699590775, 0.9563424537295386, 0.9530703299386162, 0.9504114932105656, 0.9413925025576638, 0.9395629592168899, 0.9381805129278273, 0.930115705217634, 0.9292406645275296, 0.9222815813337052, 0.9217449660528274, 0.9215384928385416, 0.9149792771112351, 0.9149798293340773, 0.9091929408482143, 0.9093297758556548, 0.9041591971261161, 0.9043879045758928, 0.904895252046131, 0.8997462681361608, 0.9002980550130207, 0.8956337483723958, 0.8962112572079614, 0.8970565650576637, 0.8923070998418899, 0.8931497047061012, 0.888803478422619, 0.8896354457310268, 0.8856237502325149, 0.8864414178757439, 0.8827115885416666, 0.8835138230096726, 0.8845519438244048, 0.880631859188988, 0.8816363234747024, 0.8779822067987352, 0.8789548165457589, 0.875527576264881, 0.8764708310081847, 0.8776461356026787, 0.8740017554873513, 0.8751320103236607, 0.8717110770089285, 0.8728000895182292, 0.8695716494605654, 0.8706234305245536, 0.8675629243396578, 0.8685811941964285, 0.8698240734281995, 0.8665305873325893, 0.8677250453404017, 0.8646069626581102, 0.8657580275762649, 0.8627931140718005, 0.8639051455543155, 0.8610757882254463, 0.8621527099609375, 0.8594442603701636, 0.8604893566313244, 0.8617483375186011, 0.8588055129278273, 0.8600187174479167, 0.8572099958147321, 0.8583822486514138, 0.8556924293154763, 0.8568279738653274, 0.8542447335379464, 0.8553474353608631, 0.8566608247302826, 0.8538443138485863, 0.8551118977864584, 0.8524152483258929, 0.8536419096447173, 0.8510519845145089, 0.8522420538039435, 0.8497478085472471, 0.8509047735305059, 0.8484973435174852, 0.8496244594029019, 0.8509578450520833, 0.8483216785249256, 0.8496128045944941, 0.8470777820405506, 0.848330833798363, 0.8458859979538692, 0.8471047828311011, 0.8447418794177827, 0.8459295363653275, 0.8436411830357143, 0.8448004150390626, 0.8425806826636905, 0.8437137567429316, 0.8450453694661458, 0.8426063755580357, 0.8438997686476934, 0.8415435791015625, 0.8428020949590774, 0.8405205426897321, 0.841747320265997, 0.8395340983072916, 0.8407318696521577, 0.8385812523251488, 0.8397523425874255, 0.837659650530134, 0.8388059488932291, 0.8401431419735864, 0.8378411283947172, 0.8391419328962053, 0.8369111560639881, 0.8381788271949405, 0.8360127766927082, 0.8372501627604167, 0.8351433454241071, 0.8363528006417411, 0.834300769624256, 0.8354844447544644, 0.8334833635602678, 0.8346428862072172, 0.8359865606398809, 0.8337849062965029, 0.8350937034970238, 0.8329551188151042, 0.834232177734375, 0.8321512276785713, 0.8333988734654018, 0.8313708205450149, 0.832591552734375, 0.8306124441964285, 0.8318080647786458, 0.8298747326078869, 0.8310469563802084, 0.829156523204985, 0.8303070359002976, 0.8316325741722471, 0.8295524379185268, 0.8308460053943452, 0.8288200160435268, 0.8300841413225446, 0.8281078810918898, 0.8293450927734375, 0.82741455078125, 0.8286265927269345, 0.826739007859003, 0.8279275367373512, 0.8260799153645833, 0.8272466750372024, 0.8254367210751488, 0.8265828741164434, 0.827896728515625, 0.8259064301990326, 0.8271902901785714, 0.8252481515066964, 0.8265044294084821, 0.8246065557570684, 0.8258373151506696, 0.8239802769252232, 0.8251873779296875, 0.8233687337239584, 0.8245536586216518, 0.8227710251581101, 0.8239350818452381, 0.8221864246186756, 0.8233310372488839, 0.8216145252046131, 0.8227405657087054, 0.8240255010695684, 0.8221392822265625, 0.823396955217634, 0.8215526181175595, 0.8227849469866072, 0.8209790910993303, 0.8221881975446429, 0.8204182942708332, 0.8216055152529762, 0.8198692975725447, 0.8210362025669643, 0.8193316359747024, 0.8204792712983631, 0.8188048444475445, 0.8199343726748513, 0.8182887195405506, 0.8194007800874257, 0.8206646437872024, 0.8188580031622023, 0.8200964936755953, 0.8183272298177083, 0.8195421491350446, 0.8178075881231398, 0.8190007382347471, 0.817298351469494, 0.8184710112072172], "client_accs": {"T-shirt": [56.714285714285715, 90.71428571428571, 91.71428571428571, 91.28571428571429, 90.0, 89.0, 87.14285714285714, 87.57142857142857, 86.71428571428571, 86.57142857142857, 86.28571428571429, 85.42857142857143, 85.57142857142857, 84.14285714285714, 84.28571428571429, 84.28571428571429, 83.42857142857143, 83.57142857142857, 83.57142857142857, 83.57142857142857, 82.85714285714286, 83.0], "pullover": [29.285714285714285, 52.57142857142857, 55.714285714285715, 58.142857142857146, 62.42857142857143, 62.857142857142854, 62.857142857142854, 65.85714285714286, 64.85714285714286, 67.57142857142857, 69.28571428571429, 68.28571428571429, 69.57142857142857, 69.28571428571429, 69.85714285714286, 70.85714285714286, 70.71428571428571, 71.57142857142857, 72.57142857142857, 73.14285714285714, 72.85714285714286, 73.85714285714286], "shirt": [29.428571428571427, 57.285714285714285, 58.142857142857146, 60.857142857142854, 60.142857142857146, 63.42857142857143, 66.0, 66.85714285714286, 68.57142857142857, 68.42857142857143, 68.57142857142857, 69.71428571428571, 69.71428571428571, 72.0, 71.71428571428571, 71.71428571428571, 72.71428571428571, 72.57142857142857, 72.28571428571429, 72.42857142857143, 73.0, 72.71428571428571]}}