{"acc_dist": [80.71428571428571, 72.0, 72.28571428571429], "mean_curve": [36.142857142857146, 60.047619047619044, 65.61904761904762, 68.38095238095238, 69.85714285714285, 71.0, 71.14285714285715, 72.47619047619048, 72.23809523809523, 72.80952380952381, 72.85714285714285, 73.33333333333333, 73.52380952380953, 73.90476190476191, 74.33333333333333, 74.09523809523809, 74.52380952380953, 74.85714285714285, 74.28571428571429, 74.85714285714285, 75.28571428571429, 75.0], "var_curve": [12.103296902842935, 22.506335716688543, 18.132668055022975, 16.110305711356897, 14.424091713820578, 12.919425862856693, 11.824107738409854, 10.317631256215208, 9.325798707990113, 8.791100426682547, 8.182443458550809, 7.599976130765715, 6.858465480910035, 6.436855332844116, 6.050055752071598, 5.904377867695727, 5.467695274059931, 5.356666645500763, 4.790864322059327, 4.257046978786097, 4.268218255294586, 4.042293415181749], "train_loss": [1.112019537062872, 1.0980561174665178, 1.0838480340866814, 1.069638381231399, 1.0555874488467263, 1.0417701648530506, 1.0282232666015625, 1.0150199672154017, 1.002328345889137, 0.9964581880115327, 0.9846641322544644, 0.9803349958147322, 0.9767229933965774, 0.9659582810174853, 0.9633290027436755, 0.9611605108351934, 0.9513494873046874, 0.9498182314918155, 0.948631824311756, 0.9396421886625744, 0.9388763137090773, 0.9384070114862352, 0.9300811186290923, 0.9298863292875744, 0.9226599993024553, 0.9226337251209077, 0.9228814406622025, 0.9159808058965774, 0.9163258289155506, 0.9169363548642112, 0.910257597423735, 0.9109243047805059, 0.9050329880487352, 0.9057068743024553, 0.9066463506789434, 0.9007730829148065, 0.9016986374627977, 0.896447492327009, 0.8973426164899553, 0.8925954182942708, 0.8934543863932292, 0.8945817057291667, 0.8896809895833334, 0.8907547723679315, 0.8862903413318453, 0.8873114594959078, 0.8886087472098215, 0.883944614955357, 0.88517333984375, 0.8808987862723215, 0.8820638892764138, 0.8781132289341517, 0.8792210751488095, 0.8806059919084821, 0.8764077613467262, 0.8777190290178573, 0.8738293747674851, 0.8750747535342261, 0.8714456903366816, 0.8726325916108632, 0.8740951683407738, 0.8701981608072916, 0.8715855480375745, 0.8679478527250742, 0.8692685953776041, 0.8658522251674108, 0.8671138799758186, 0.8638890438988095, 0.8650985281808037, 0.8665738641648065, 0.8630732073102679, 0.8644789341517857, 0.861180681501116, 0.8625248790922618, 0.8594018845331101, 0.8606914411272322, 0.8577225748697916, 0.8589632742745535, 0.8604603503999256, 0.8572190638950893, 0.8586505417596726, 0.8555775960286459, 0.8569508579799107, 0.8540254720052083, 0.8553466215587798, 0.8525519380115326, 0.853826410202753, 0.8553492664155505, 0.8522882080078125, 0.8537482561383928, 0.8508334205264138, 0.8522374616350447, 0.8494513230096725, 0.8508052862258184, 0.848133777436756, 0.8494425165085566, 0.8509930710565476, 0.8480616687593007, 0.8495517403738839, 0.8467504010881696, 0.848186267671131, 0.8455001104445684, 0.8468874395461311, 0.8443042573474703, 0.8456475248790922, 0.843157493954613, 0.8444607979910713, 0.845994611467634, 0.8432554408482144, 0.8447345261346726, 0.8421043468656993, 0.843534168061756, 0.841001209077381, 0.8423865908668154, 0.8399414643787203, 0.8412862723214286, 0.8389212762741814, 0.8402288818359375, 0.8417579578218005, 0.8391538492838543, 0.8406321498325893, 0.8381231108165923, 0.8395553152901786, 0.8371317836216517, 0.838522193545387, 0.8361763218470983, 0.8375284249441964, 0.8352535574776786, 0.8365704926990327, 0.8343612234933037, 0.8356457519531251, 0.8371395147414434, 0.8347042701357887, 0.8361527797154018, 0.8337973167782738, 0.8352047002883185, 0.8329215494791667, 0.834291003999256, 0.8320740618024555, 0.833408929734003, 0.8312531098865327, 0.8325556873139881, 0.8304565429687502, 0.8317293875558036, 0.8332015845889137, 0.8308878871372768, 0.8323185221354167, 0.8300747244698661, 0.8314671688988096, 0.8292869349888393, 0.8306444731212798, 0.8285226004464286, 0.829847935267857, 0.8277800641741072, 0.829075433640253, 0.8270580182756696, 0.828325456891741, 0.8297841971261161, 0.8275618780226934, 0.828981701078869, 0.8268219866071429, 0.8282061476934524, 0.8261035737537202, 0.8274548921130952, 0.8254049827938988, 0.826725841703869, 0.8247250220889137, 0.8260173979259672, 0.8240623546781993, 0.8253283400762649, 0.823416253952753, 0.8246573021298363, 0.8260799734933036, 0.8239741443452381, 0.8253617640904017, 0.8233102562313986, 0.8246654401506697, 0.8226638648623511, 0.8239891415550594, 0.8220337204706101, 0.8233311535063245, 0.8214188929966517, 0.8226902262369792, 0.8208186558314732, 0.8220655459449405, 0.8202320207868303, 0.8214560081845238, 0.8228536551339286, 0.8208358328683035, 0.8222007824125744, 0.8202315848214287, 0.8215665980747767, 0.8196422758556547, 0.8209494163876488, 0.8190666271391369, 0.8203477260044644, 0.8185039992559524, 0.8197608584449405, 0.8179536655970981, 0.8191875930059523, 0.8174152192615328], "client_accs": {"T-shirt": [39.285714285714285, 91.28571428571429, 91.14285714285714, 91.14285714285714, 90.14285714285714, 89.0, 87.42857142857143, 87.0, 85.14285714285714, 85.14285714285714, 84.14285714285714, 84.0, 82.85714285714286, 82.85714285714286, 82.85714285714286, 82.14285714285714, 82.14285714285714, 82.42857142857143, 80.85714285714286, 80.85714285714286, 81.28571428571429, 80.71428571428571], "pullover": [20.0, 49.714285714285715, 50.714285714285715, 56.142857142857146, 57.857142857142854, 59.285714285714285, 59.714285714285715, 64.0, 63.42857142857143, 65.28571428571429, 65.0, 66.85714285714286, 66.57142857142857, 68.0, 69.42857142857143, 68.14285714285714, 69.57142857142857, 70.85714285714286, 69.57142857142857, 71.42857142857143, 72.85714285714286, 72.0], "shirt": [49.142857142857146, 39.142857142857146, 55.0, 57.857142857142854, 61.57142857142857, 64.71428571428571, 66.28571428571429, 66.42857142857143, 68.14285714285714, 68.0, 69.42857142857143, 69.14285714285714, 71.14285714285714, 70.85714285714286, 70.71428571428571, 72.0, 71.85714285714286, 71.28571428571429, 72.42857142857143, 72.28571428571429, 71.71428571428571, 72.28571428571429]}}