{"acc_dist": [89.14285714285714, 86.14285714285714, 62.714285714285715], "mean_curve": [25.19047619047619, 73.23809523809524, 74.85714285714286, 75.76190476190476, 76.57142857142857, 77.0, 77.47619047619047, 77.80952380952381, 78.04761904761904, 77.95238095238095, 78.23809523809524, 78.90476190476191, 78.71428571428571, 78.80952380952381, 78.95238095238095, 79.0, 79.23809523809524, 79.23809523809524, 79.28571428571428, 79.23809523809524, 79.33333333333333, 79.33333333333333], "var_curve": [8.84125559259061, 23.76338386464379, 20.676648894920316, 18.51725921644153, 16.67333200053307, 15.748015748023622, 15.230355177108036, 14.531847892632346, 13.889913794384022, 13.715443072857953, 13.380020303073444, 12.831897613832576, 12.497074487587057, 12.351062822059772, 12.256517540566822, 12.284053043831804, 12.043759969171228, 12.03302334385049, 11.882073618244744, 11.854752101680162, 11.815090853738118, 11.815090853738118], "train_loss": [0.6968434070405506, 0.6783753458658855, 0.6967474365234375, 0.6969437372116815, 0.6954419962565105, 0.694508042108445, 0.6941811843145461, 0.6941526431129091, 0.6942428734188987, 0.6943814813523065, 0.694536365327381, 0.6946883573986234, 0.694825933547247, 0.6949423363095238, 0.6950348045712426, 0.6951031058175223, 0.6951489839099704, 0.695175301688058, 0.6951852707635789, 0.6951823933919271, 0.6951701718284969, 0.6951515997023808, 0.6951289730980283, 0.6951048206147693, 0.6950805809384301, 0.6950574747721353, 0.6950363159179688, 0.6950177147274926, 0.6950016130719866, 0.6949883161272322, 0.6949775913783481, 0.6949693661644346, 0.6949635387602306, 0.6949595133463542, 0.6949575660342262, 0.6949573044549849, 0.6949583071754093, 0.694960690452939, 0.6949640909830729, 0.6949685232979911, 0.6949739002046131, 0.6949799601236979, 0.6949866739908854, 0.6949940272739955, 0.6950018455868676, 0.695010274251302, 0.6950189499627976, 0.6950281778971354, 0.695037609281994, 0.6950474911644345, 0.6950577072870164, 0.6950681559244791, 0.6950789823986235, 0.6950901140485491, 0.6951015799386161, 0.6951133800688245, 0.6951256888253349, 0.6951385207403273, 0.6951519194103423, 0.6951658703031994, 0.69518064953032, 0.6951962134951636, 0.6952125621977308, 0.695229739234561, 0.6952477591378349, 0.6952665201822916, 0.6952861676897321, 0.695306396484375, 0.6953274972098215, 0.6953491065615699, 0.6953713843936011, 0.6953943016415551, 0.6954176112583705, 0.695441414969308, 0.6954656255812872, 0.6954902576264881, 0.6955151948474702, 0.6955404227120536, 0.6955659412202381, 0.6955917213076637, 0.6956176612490698, 0.6956437465122768, 0.6956700206938246, 0.6956964256649926, 0.6957228887648809, 0.6957494245256696, 0.6957760329473587, 0.6958026268368677, 0.6958292788550967, 0.6958558436802456, 0.6958824811662946, 0.6959090169270833, 0.6959354800269718, 0.6959617978050595, 0.6959881882440477, 0.6960143316359747, 0.6960403878348215, 0.6960663132440477, 0.6960922095889136, 0.6961178152901786, 0.696143304734003, 0.696168706984747, 0.69619384765625, 0.6962188430059525, 0.696243649437314, 0.6962682378859748, 0.6962927391415551, 0.6963168625604538, 0.6963408551897321, 0.6963647751581101, 0.6963882736932664, 0.6964116850353422, 0.6964348493303572, 0.6964577956426711, 0.6964805675688245, 0.6965029761904762, 0.6965252685546875, 0.6965473574683779, 0.6965691121419271, 0.6965907214936756, 0.696612083798363, 0.6966331990559896, 0.6966540817987351, 0.6966747756231398, 0.6966952369326638, 0.6967154657273066, 0.6967354329427083, 0.6967551821754093, 0.6967746988932292, 0.6967941284179687, 0.6968132091703869, 0.6968320864722842, 0.6968507603236608, 0.6968691871279762, 0.6968874250139508, 0.6969054158528646, 0.6969233049665178, 0.6969408453078497, 0.6969582257952008, 0.6969754028320313, 0.696992420014881, 0.6970091465541294, 0.6970256987072173, 0.6970420474097843, 0.6970582362583705, 0.6970742652529762, 0.6970900036039805, 0.6971055821010045, 0.6971210443405877, 0.6971362595331101, 0.6971512712751116, 0.6971661086309524, 0.6971807134719121, 0.6971952020554316, 0.6972094726562501, 0.6972235834030878, 0.6972375488281249, 0.6972512962704612, 0.6972648111979168, 0.6972782679966517, 0.6972915358770462, 0.6973046293712798, 0.6973175048828125, 0.6973301769438244, 0.6973427908761161, 0.697355230422247, 0.6973675101143973, 0.6973795136951265, 0.6973915172758556, 0.6974033319382441, 0.6974149576822918, 0.6974264671688988, 0.6974377732049852, 0.6974489484514509, 0.6974600074404762, 0.6974708629789806, 0.6974816313244049, 0.6974922834123883, 0.697502659388951, 0.697512962704613, 0.6975231497628348, 0.697533191499256, 0.6975430588495164, 0.6975528680710564, 0.697562488374256, 0.6975719197591146, 0.6975813656761533, 0.697590564546131, 0.6975996616908482, 0.6976086135137649, 0.6976174781436012, 0.6976261829194569, 0.697634785970052, 0.6976432582310267, 0.6976516432989212, 0.6976598103841146, 0.6976679193405877, 0.6976759556361607, 0.6976837448846726, 0.6976915196010044, 0.6976991780598958], "client_accs": {"T-shirt": [27.0, 95.42857142857143, 94.0, 92.71428571428571, 91.42857142857143, 91.0, 90.71428571428571, 90.28571428571429, 90.0, 89.71428571428571, 89.42857142857143, 89.57142857142857, 89.14285714285714, 89.0, 89.14285714285714, 89.14285714285714, 89.14285714285714, 89.0, 89.14285714285714, 89.14285714285714, 89.14285714285714, 89.14285714285714], "pullover": [13.571428571428571, 84.0, 84.42857142857143, 84.57142857142857, 85.0, 85.0, 85.57142857142857, 85.71428571428571, 85.57142857142857, 85.42857142857143, 85.85714285714286, 86.28571428571429, 85.85714285714286, 86.0, 86.0, 86.14285714285714, 86.28571428571429, 86.42857142857143, 86.14285714285714, 86.0, 86.14285714285714, 86.14285714285714], "shirt": [35.0, 40.285714285714285, 46.142857142857146, 50.0, 53.285714285714285, 55.0, 56.142857142857146, 57.42857142857143, 58.57142857142857, 58.714285714285715, 59.42857142857143, 60.857142857142854, 61.142857142857146, 61.42857142857143, 61.714285714285715, 61.714285714285715, 62.285714285714285, 62.285714285714285, 62.57142857142857, 62.57142857142857, 62.714285714285715, 62.714285714285715]}}