{"acc_dist": [91.85714285714286, 80.57142857142857, 61.142857142857146], "mean_curve": [38.476190476190474, 68.23809523809524, 69.90476190476191, 71.04761904761905, 71.95238095238095, 72.71428571428571, 73.71428571428571, 74.14285714285715, 74.66666666666667, 75.0, 75.66666666666667, 76.14285714285715, 76.57142857142857, 76.57142857142857, 76.85714285714285, 76.95238095238095, 77.14285714285714, 77.38095238095238, 77.57142857142857, 77.71428571428572, 77.76190476190476, 77.85714285714286], "var_curve": [12.896412691809314, 18.263503375736963, 17.780342785479725, 16.86615309373794, 15.955863159384318, 15.066293415399544, 14.669603911202394, 14.116618276507513, 13.791614001995752, 13.769729197659288, 13.414041446801479, 13.18058766354758, 12.948879078428186, 12.83702129180514, 12.611947688196139, 12.632607270073319, 12.607631853460068, 12.553197458811407, 12.514481407471871, 12.727922061357857, 12.737716950324183, 12.685092219840199], "train_loss": [1.0864107549758184, 1.0650785028366816, 1.0458479527064732, 1.0288394601004465, 1.0139049711681547, 1.0007863071986607, 0.9892193894159226, 0.9789710925874257, 0.9698458135695684, 0.9616802106584821, 0.9543372744605655, 0.9477018810453869, 0.9416770717075892, 0.9361811174665178, 0.9311451939174108, 0.9265105619884673, 0.9222281901041667, 0.9182560511997768, 0.9145581635974702, 0.911103980654762, 0.9078674025762649, 0.9048253813244047, 0.901958501906622, 0.8992499069940476, 0.8966842796688989, 0.8942488316127233, 0.8919320824032738, 0.8897237723214286, 0.8876150367373512, 0.8855979120163692, 0.8836654517764136, 0.8818110002790179, 0.8800290643601191, 0.8783144705636161, 0.87666259765625, 0.8750692313058036, 0.8735305640811012, 0.8720433989025298, 0.8706043061755953, 0.8692106119791667, 0.8678594970703125, 0.8665486944289436, 0.8652759370349702, 0.8640392485119047, 0.8628367106119792, 0.8616664632161459, 0.8605271693638392, 0.8594171142578125, 0.8583349609375, 0.8572795177641369, 0.856249273390997, 0.855243370419457, 0.854260718936012, 0.853300301688058, 0.8523609851655506, 0.851442144484747, 0.8505428931826637, 0.8496623302641368, 0.8487998889741443, 0.8479549008324033, 0.847126711890811, 0.8463146246047248, 0.8455182466052827, 0.8447366914295014, 0.8439699300130208, 0.8432170758928571, 0.8424778820219494, 0.8417517235165551, 0.8410385131835937, 0.8403375244140626, 0.8396485682896205, 0.8389711361839658, 0.8383051263718378, 0.8376499430338541, 0.8370054989769345, 0.8363713873000371, 0.8357473318917411, 0.8351332600911459, 0.8345285324823289, 0.833933337983631, 0.8333470226469494, 0.832769760858445, 0.8322010730561756, 0.8316407993861606, 0.8310889398484003, 0.8305450294131326, 0.8300090244838169, 0.8294808814639136, 0.8289601789202009, 0.8284469023204984, 0.827940891810826, 0.8274420311337426, 0.826949956984747, 0.8264647565569195, 0.825986328125, 0.825514410109747, 0.8250489007859003, 0.8245896548316592, 0.8241366431826638, 0.8236896914527531, 0.8232486688523065, 0.8228135172526042, 0.8223840186709449, 0.821960216703869, 0.8215418933686757, 0.8211289033435639, 0.8207212611607143, 0.8203188796270462, 0.8199214390345982, 0.8195291864304316, 0.8191415841238839, 0.818759068080357, 0.818381115141369, 0.8180077543712798, 0.8176390438988094, 0.8172746494838169, 0.8169147309802828, 0.8165590413411458, 0.8162075660342262, 0.815860130673363, 0.8155167352585565, 0.8151774088541668, 0.8148419334774925, 0.8145101056780134, 0.81418212890625, 0.813857930501302, 0.8135372488839286, 0.8132201276506695, 0.8129064214797247, 0.8125961594354539, 0.8122891961960566, 0.8119856480189732, 0.8116852387927826, 0.8113880702427455, 0.8110939534505208, 0.8108029901413691, 0.8105149478004092, 0.8102298990885416, 0.8099476550874255, 0.8096683901832217, 0.8093918573288691, 0.8091182599748884, 0.8088472493489584, 0.8085789126441592, 0.8083133225213914, 0.8080503045944941, 0.807789800734747, 0.8075317237490699, 0.8072762770879836, 0.8070230829148065, 0.8067723301478794, 0.8065241059802828, 0.8062780907040551, 0.8060343569800966, 0.8057928612118676, 0.8055535888671875, 0.8053165690104166, 0.8050816999162946, 0.8048489234561012, 0.8046182541620164, 0.8043895467122395, 0.8041631789434524, 0.8039384387788319, 0.80371583484468, 0.8034952218191965, 0.8032765270414807, 0.8030597069149925, 0.8028447905040923, 0.8026315743582589, 0.8024203781854539, 0.8022108532133556, 0.8020031883603052, 0.801797136579241, 0.8015929739815849, 0.8013905552455357, 0.8011895606631324, 0.8009903244745162, 0.8007927740187872, 0.8005967785063244, 0.8004024541945686, 0.8002096848260788, 0.8000185285295759, 0.7998287237258185, 0.7996405755905878, 0.7994539097377231, 0.7992686244419643, 0.7990848650251117, 0.7989025878906251, 0.798721676781064, 0.7985422188895089, 0.7983640543619791, 0.7981873866489956, 0.798011954171317, 0.7978379603794643, 0.7976651872907365, 0.7974938674200148, 0.797323724655878, 0.7971549188523066, 0.7969872756231399, 0.7968209257579986, 0.7966558401925224], "client_accs": {"T-shirt": [56.714285714285715, 92.71428571428571, 93.57142857142857, 93.42857142857143, 92.85714285714286, 92.42857142857143, 92.71428571428571, 92.28571428571429, 92.14285714285714, 92.14285714285714, 92.14285714285714, 92.28571428571429, 92.28571428571429, 92.0, 91.85714285714286, 91.71428571428571, 91.57142857142857, 91.71428571428571, 91.71428571428571, 91.85714285714286, 91.85714285714286, 91.85714285714286], "pullover": [29.285714285714285, 63.142857142857146, 65.42857142857143, 67.0, 68.85714285714286, 69.85714285714286, 71.42857142857143, 72.28571428571429, 73.42857142857143, 74.42857142857143, 75.57142857142857, 76.14285714285714, 76.85714285714286, 77.14285714285714, 77.71428571428571, 78.28571428571429, 79.0, 79.28571428571429, 79.71428571428571, 80.28571428571429, 80.42857142857143, 80.57142857142857], "shirt": [29.428571428571427, 48.857142857142854, 50.714285714285715, 52.714285714285715, 54.142857142857146, 55.857142857142854, 57.0, 57.857142857142854, 58.42857142857143, 58.42857142857143, 59.285714285714285, 60.0, 60.57142857142857, 60.57142857142857, 61.0, 60.857142857142854, 60.857142857142854, 61.142857142857146, 61.285714285714285, 61.0, 61.0, 61.142857142857146]}}