{"acc_dist": [84.28571428571429, 85.0, 78.0], "mean_curve": [38.476190476190474, 74.80952380952381, 77.66666666666667, 79.04761904761905, 79.47619047619048, 80.33333333333333, 80.95238095238095, 81.38095238095237, 81.57142857142857, 81.66666666666667, 81.47619047619048, 82.0952380952381, 82.14285714285715, 82.19047619047619, 82.52380952380952, 82.38095238095238, 82.38095238095238, 82.33333333333333, 82.23809523809524, 82.28571428571428, 82.33333333333333, 82.42857142857143], "var_curve": [12.896412691809314, 12.942748519113898, 5.3723065813982664, 3.6910137857287824, 3.2666805497414275, 4.891104424803364, 3.8797105813464143, 2.8507865803991947, 3.9606912060815835, 3.3732306187475887, 2.881641003887099, 3.001889049995139, 2.757796616299093, 2.5134558515041263, 3.097801136626779, 2.5350155531821223, 2.51616091688055, 2.368539069608741, 2.3015325663989645, 2.1412692529444834, 2.1832177878757424, 3.1450209001825473], "train_loss": [1.0864107549758184, 0.9405775669642858, 0.8988993036179315, 0.8777906290690104, 0.8672194417317708, 0.8578883870442708, 0.8504654366629465, 0.84426025390625, 0.8389688546316965, 0.834370596749442, 0.8303572300502232, 0.826806393577939, 0.8236559767950148, 0.8208189174107142, 0.8180907040550595, 0.8152662295386905, 0.8122773088727678, 0.8091823904854912, 0.8060437011718751, 0.7985198683965774, 0.799273216610863, 0.7988865734281995, 0.7979352678571429, 0.7912684268043155, 0.7920320056733631, 0.7923117792038691, 0.7913922991071428, 0.7854663376581102, 0.7864212762741816, 0.7869067673456102, 0.7863049897693452, 0.780847429547991, 0.7818745640345982, 0.7824937220982143, 0.7778561546688989, 0.7791405378069197, 0.7797968110584078, 0.7798745872860863, 0.7749288795107887, 0.7760489327566965, 0.7767266555059523, 0.7725743175688246, 0.7738664027622768, 0.7746146065848215, 0.7707207670665922, 0.7720132300967263, 0.7728620256696428, 0.7691115606398808, 0.7703898693266368, 0.7712858363560269, 0.7676511637369791, 0.7689162772042409, 0.7698333449590774, 0.7663023739769345, 0.7675537690662203, 0.7684815325055804, 0.7650456601097471, 0.7662843831380209, 0.7672241210937499, 0.7638752383277531, 0.7651028006417411, 0.766052013578869, 0.7627832903180805, 0.7639988490513394, 0.7649521891276042, 0.7617589169456845, 0.7629615711030505, 0.7639168584914434, 0.7607945614769345, 0.7619842529296875, 0.7629402959914434, 0.7598844110398065, 0.7610611107235864, 0.7620170084635417, 0.7590234375000001, 0.7601874651227679, 0.7611419677734376, 0.7582071068173364, 0.7593590146019346, 0.7603111630394346, 0.7574314081101191, 0.7585714867001488, 0.7595204380580357, 0.7566928245907739, 0.7578213646298363, 0.7587664794921875, 0.7559881301153274, 0.7571055675688244, 0.7580463227771577, 0.7553147088913691, 0.7564212762741814, 0.7573571486700148, 0.7546697416759672, 0.7557659330822172, 0.756696544828869, 0.7540514846075149, 0.7551375906808037, 0.7560626801990328, 0.7534577869233631, 0.7545340111142114, 0.7554535493396578, 0.7528869338262649, 0.7539535377139136, 0.7548675827752976, 0.7523373558407739, 0.7533947463262649, 0.754302978515625, 0.7518075125558035, 0.7528560093470982, 0.753758312406994, 0.7512961832682291, 0.7523359026227677, 0.7532322765531995, 0.7508019438244048, 0.7518332926432292, 0.7527233305431548, 0.7503236316499255, 0.7513467261904762, 0.7522303118024554, 0.7498602004278273, 0.7508751569475448, 0.7517523484002977, 0.7494105747767857, 0.7504175385974703, 0.7512881324404761, 0.7489739699590774, 0.7499731154668899, 0.7508368791852679, 0.7485493977864582, 0.7495408993675595, 0.7503979201543899, 0.7481363641648064, 0.7491202508835566, 0.749970441545759, 0.7477341134207589, 0.7487105305989582, 0.7495537748790922, 0.747342035202753, 0.7483110119047619, 0.7491475713820684, 0.7469596063523065, 0.7479213750930059, 0.7487512207031249, 0.7465865652901785, 0.7475410388764882, 0.7483641996837798, 0.7462222726004465, 0.7477452160063244, 0.7457203311011904, 0.7470431373232888, 0.7480544607979911, 0.745811767578125, 0.7474164109002975, 0.7453611828031995, 0.7467015438988095, 0.7476354108537947, 0.7454218401227678, 0.7470094807942708, 0.7449698602585566, 0.7463052804129463, 0.7472181338355655, 0.7450286574590773, 0.7466073753720238, 0.7445843215215774, 0.7459154982793899, 0.7468086751302083, 0.744644048781622, 0.7462135532924107, 0.744207763671875, 0.7455342320033482, 0.746409650530134, 0.7442692347935268, 0.7458295259021578, 0.7438409423828126, 0.7451628476097469, 0.7460207984561013, 0.7439040992373512, 0.7454554385230655, 0.7434838285900298, 0.7448011707124257, 0.7456422351655506, 0.7435486711774554, 0.7450910877046132, 0.7431361025855655, 0.7444488234747023, 0.7452735246930803, 0.7432024855840774, 0.7447362699962797, 0.7427974446614583, 0.7441056024460565, 0.7449143473307291, 0.7428653099423362, 0.7443905494326638, 0.7424674769810268, 0.743771216982887, 0.7445644996279762, 0.7425368536086309, 0.7440535481770834, 0.7421461123511905, 0.7434454636346727, 0.7442235165550595], "client_accs": {"T-shirt": [56.714285714285715, 91.42857142857143, 84.42857142857143, 84.0, 83.42857142857143, 84.14285714285714, 84.57142857142857, 84.42857142857143, 84.85714285714286, 84.85714285714286, 84.71428571428571, 84.42857142857143, 84.57142857142857, 84.57142857142857, 84.71428571428571, 84.71428571428571, 84.57142857142857, 84.28571428571429, 84.14285714285714, 84.14285714285714, 84.28571428571429, 84.28571428571429], "pullover": [29.285714285714285, 73.14285714285714, 77.28571428571429, 78.0, 79.57142857142857, 83.42857142857143, 82.71428571428571, 82.14285714285714, 83.85714285714286, 83.14285714285714, 82.0, 84.0, 83.57142857142857, 83.28571428571429, 84.71428571428571, 83.57142857142857, 83.71428571428571, 83.71428571428571, 83.57142857142857, 83.42857142857143, 83.42857142857143, 85.0], "shirt": [29.428571428571427, 59.857142857142854, 71.28571428571429, 75.14285714285714, 75.42857142857143, 73.42857142857143, 75.57142857142857, 77.57142857142857, 76.0, 77.0, 77.71428571428571, 77.85714285714286, 78.28571428571429, 78.71428571428571, 78.14285714285714, 78.85714285714286, 78.85714285714286, 79.0, 79.0, 79.28571428571429, 79.28571428571429, 78.0]}}