{"acc_dist": [93.42857142857143, 92.28571428571429, 50.857142857142854], "mean_curve": [25.19047619047619, 73.66666666666667, 75.04761904761904, 75.71428571428571, 76.57142857142857, 76.66666666666667, 76.71428571428572, 77.0, 77.33333333333333, 77.23809523809524, 77.85714285714286, 77.85714285714286, 77.90476190476191, 78.33333333333333, 78.42857142857143, 78.42857142857143, 78.71428571428571, 78.61904761904762, 78.71428571428571, 78.95238095238095, 78.95238095238095, 78.85714285714286], "var_curve": [8.84125559259061, 24.523300965600715, 23.14853937689043, 23.317973564537347, 21.99474272372817, 22.24548668841694, 22.879750724107087, 22.25394561056747, 21.881043059037975, 22.633529198755763, 22.036457114900998, 22.032443610016827, 22.163687079168728, 21.269995261228864, 20.841807800211388, 21.3321640836038, 20.92389838939015, 21.570114540026, 20.933649635809562, 20.577490288564437, 19.874892147342102, 19.80448653903529], "train_loss": [1.123975859142485, 0.9496486118861607, 0.9015851556687128, 0.8828840128580729, 0.8701371256510417, 0.8603914097377232, 0.8531218319847471, 0.8464679245721726, 0.841240713936942, 0.8362507847377231, 0.8329475184849331, 0.8289318702334448, 0.8258339582170757, 0.8231811232793899, 0.8212565249488467, 0.8193198649088541, 0.8163326881045387, 0.8141530500139509, 0.8116197713216146, 0.8098194231305804, 0.8075863938104538, 0.8066703287760416, 0.8058747209821427, 0.8037265450613841, 0.8027192034040178, 0.8019901529947916, 0.8004802304222469, 0.7985827346075148, 0.7968260265531993, 0.7965544782366072, 0.7961281331380209, 0.7942337472098214, 0.7926578485398065, 0.7912436058407738, 0.7910775756835937, 0.7901334344773066, 0.7885716465541295, 0.7872393798828125, 0.786577875046503, 0.785289829799107, 0.7849889410109747, 0.7843435232979911, 0.7837616257440475, 0.7832518804640998, 0.7818463425409227, 0.781474609375, 0.7802344621930803, 0.78058834984189, 0.7792864554268973, 0.7796833001999629, 0.778416995093936, 0.7782777186802455, 0.7781798589797247, 0.7781142171223957, 0.7783552187965029, 0.778571050734747, 0.7783241344633556, 0.7787180582682293, 0.7790416608537946, 0.7787402634393601, 0.7777105567568824, 0.776352292015439, 0.7755833943684896, 0.77600096203032, 0.7745764596121653, 0.7744812883649553, 0.7732068888346354, 0.7720410737537202, 0.7715903436569941, 0.7705646623883928, 0.7710562424432664, 0.771625729515439, 0.77036131359282, 0.7692358979724703, 0.7682118007114956, 0.7688214547293527, 0.7677824619838169, 0.7675502813430061, 0.7666049920944941, 0.7672308930896578, 0.7678854951404389, 0.7685036068870907, 0.7691055443173364, 0.7696664138067337, 0.7701331002371652, 0.7705348714192709, 0.7695958600725445, 0.7699990408761161, 0.7695894368489583, 0.7693456013997396, 0.7693524751209079, 0.7692982555571057, 0.7692909313383557, 0.7692260306222098, 0.7675737798781622, 0.766890157063802, 0.7671587408156623, 0.767423822312128, 0.7667818632579985, 0.765367417108445, 0.7640742420014881, 0.7638041178385416, 0.7644168962751117, 0.7630522664388021, 0.7637933349609375, 0.764215364002046, 0.7647650873093378, 0.7643064081101191, 0.7636492193312873, 0.7622856067475818, 0.7619362240745908, 0.7625096493675595, 0.7621023123604912, 0.7618530128115699, 0.7617046973818824, 0.7612101527622768, 0.7610735648018974, 0.7618067568824406, 0.7622481718517484, 0.7607791137695313, 0.7613165864490328, 0.7609246826171875, 0.7607171485537574, 0.759588375999814, 0.7585595703125, 0.7591954985119047, 0.7588509405226934, 0.7587223016648066, 0.758423854282924, 0.7583084542410714, 0.7573098028273809, 0.7580109369187129, 0.7585357811337424, 0.7574313209170387, 0.7565543183826264, 0.7556915428524925, 0.7563893054780505, 0.7555058651878719, 0.7547806512741815, 0.7549998256138393, 0.755724371047247, 0.7562892223539807, 0.7568542916434152, 0.7557897077287947, 0.7558234514508929, 0.7555245245070683, 0.7562181454613096, 0.755156511579241, 0.7543262300037202, 0.7550247918991816, 0.7556869070870537, 0.7556799316406249, 0.7557577078683035, 0.7562082054501489, 0.7551367768787202, 0.7557071940104167, 0.7562469337100075, 0.7557581438337054, 0.7553711228143601, 0.7542832583472842, 0.7540940202985492, 0.7547859700520835, 0.7553442528134301, 0.7541655912853423, 0.7547923496791293, 0.7552344621930803, 0.7550425211588543, 0.7549547031947544, 0.755552019391741, 0.7560682024274553, 0.7553919764927456, 0.755913812546503, 0.7563623918805803, 0.7562172589983259, 0.7555033075241816, 0.7544607398623512, 0.7539783441452753, 0.7530250621977306, 0.7522266787574404, 0.7514322480701265, 0.7519909377325149, 0.7524897984095982, 0.7530581955682664, 0.7520415533156622, 0.7526076398577008, 0.7522595941452753, 0.7528244163876487, 0.7524757748558407, 0.7514835030691964, 0.7506165422712053, 0.7513652692522322, 0.7520057460239956, 0.750968003045945, 0.7509235781715029, 0.7509036400204613, 0.7499310738699777, 0.7501308332170759, 0.750570082891555, 0.749618661063058, 0.7488484409877231, 0.748135245186942], "client_accs": {"T-shirt": [27.0, 95.57142857142857, 94.85714285714286, 94.57142857142857, 94.28571428571429, 94.28571428571429, 94.71428571428571, 94.14285714285714, 94.14285714285714, 94.85714285714286, 94.42857142857143, 94.28571428571429, 94.28571428571429, 94.57142857142857, 94.57142857142857, 94.57142857142857, 94.42857142857143, 95.0, 94.71428571428571, 94.0, 93.71428571428571, 93.42857142857143], "pullover": [13.571428571428571, 86.0, 87.71428571428571, 89.71428571428571, 89.85714285714286, 90.42857142857143, 91.0, 91.28571428571429, 91.42857142857143, 91.57142857142857, 92.42857142857143, 92.57142857142857, 92.85714285714286, 92.14285714285714, 91.71428571428571, 92.42857142857143, 92.57142857142857, 92.71428571428571, 92.28571428571429, 93.0, 92.28571428571429, 92.28571428571429], "shirt": [35.0, 39.42857142857143, 42.57142857142857, 42.857142857142854, 45.57142857142857, 45.285714285714285, 44.42857142857143, 45.57142857142857, 46.42857142857143, 45.285714285714285, 46.714285714285715, 46.714285714285715, 46.57142857142857, 48.285714285714285, 49.0, 48.285714285714285, 49.142857142857146, 48.142857142857146, 49.142857142857146, 49.857142857142854, 50.857142857142854, 50.857142857142854]}}