{"acc_dist": [89.42857142857143, 80.42857142857143, 59.285714285714285], "mean_curve": [25.19047619047619, 65.6190476190476, 69.04761904761905, 70.76190476190476, 71.38095238095238, 72.52380952380953, 73.38095238095238, 73.42857142857143, 73.71428571428571, 74.14285714285715, 74.71428571428572, 75.04761904761905, 75.47619047619048, 75.90476190476191, 76.04761904761905, 76.23809523809524, 76.33333333333333, 76.28571428571429, 76.38095238095237, 76.42857142857143, 76.38095238095238, 76.38095238095238], "var_curve": [8.84125559259061, 17.220985984450603, 17.75507337032116, 16.95625958839463, 16.365441161150923, 15.520595635763758, 14.75529806075357, 14.469296604109235, 13.947910871778427, 13.671062840308853, 13.285458266862465, 13.07869084407959, 12.870011196911086, 12.76918768735942, 12.498888839501781, 12.472191289246473, 12.461823789245098, 12.525891552447414, 12.5119444066247, 12.490540638506282, 12.634222681528135, 12.634222681528135], "train_loss": [1.123975859142485, 1.101363554454985, 1.0797980608258928, 1.0600418526785713, 1.0422451055617559, 1.0263736397879464, 1.0122674560546876, 0.9997289167131697, 0.9885610235305059, 0.9785825020926339, 0.9696313767206101, 0.9615655517578124, 0.9542630731491816, 0.9476197451636906, 0.9415475609188988, 0.9359718831380208, 0.9308302815755208, 0.9260698300316221, 0.9216454496837798, 0.9175191243489583, 0.913658447265625, 0.9100355166480654, 0.9066260056268601, 0.9034094819568453, 0.9003675188337054, 0.897484363374256, 0.8947460646856399, 0.8921406191871281, 0.8896568952287947, 0.8872854468936012, 0.8850175839378721, 0.8828457496279762, 0.8807630266462053, 0.8787630498976936, 0.8768406459263393, 0.8749903796968006, 0.8732077171688988, 0.8714885602678573, 0.8698290434337798, 0.8682257661365327, 0.8666754441034227, 0.8651751127697173, 0.8637221272786458, 0.8623138718377975, 0.8609481375558036, 0.8596227155412945, 0.8583357747395833, 0.8570853097098214, 0.8558695475260416, 0.8546870640345983, 0.8535361735026042, 0.8524155535016741, 0.8513239833286831, 0.8502599807012649, 0.8492225428989956, 0.8482106236049107, 0.8472230166480655, 0.8462588355654762, 0.845317121233259, 0.8443970017206102, 0.8434977213541667, 0.842618379138765, 0.8417582920619419, 0.8409167480468751, 0.8400929623558407, 0.8392867024739584, 0.8384969366164435, 0.8377233741396949, 0.8369652448381696, 0.8362222871326265, 0.835493687220982, 0.8347792852492559, 0.8340785289946057, 0.8333909098307292, 0.8327160353887648, 0.8320535423642114, 0.8314031691778275, 0.8307643636067709, 0.8301369367327008, 0.8295204380580358, 0.8289146350678944, 0.828319106329055, 0.8277336047944569, 0.8271578543526785, 0.8265916951497395, 0.8260347202845982, 0.8254868425641742, 0.8249476260230656, 0.824416983468192, 0.8238945225306918, 0.8233802577427456, 0.8228739275251117, 0.8223751685732887, 0.8218838936941965, 0.8213999285016741, 0.8209230550130208, 0.8204531715029763, 0.8199901617140997, 0.8195335896809895, 0.8190835861932664, 0.8186399042038691, 0.8182024274553571, 0.8177708943684897, 0.8173453049432663, 0.8169254121326265, 0.8165111578078497, 0.8161024257114956, 0.8156990995861234, 0.8153011067708332, 0.8149082438151041, 0.8145203799293155, 0.8141375296456473, 0.813759489513579, 0.8133861287434896, 0.8130175199962798, 0.8126534452892485, 0.8122937883649554, 0.8119385782877604, 0.8115875825427827, 0.8112407720656623, 0.8108980596633183, 0.8105594453357515, 0.8102249145507813, 0.8098941476004464, 0.8095672316778274, 0.8092439778645834, 0.8089245169503348, 0.8086086309523809, 0.8082961454845611, 0.8079872494652158, 0.807681870233445, 0.8073797316778274, 0.8070809791201636, 0.806785409109933, 0.8064928036644344, 0.8062036859421503, 0.8059174310593379, 0.8056343732561384, 0.8053541201636905, 0.8050768316359748, 0.8048023623511905, 0.8045307268415179, 0.804261939639137, 0.8039957972935268, 0.803732416062128, 0.8034716070265997, 0.8032134573800224, 0.8029578218005953, 0.8027047584170387, 0.8024541364397321, 0.8022058250790551, 0.8019600713820685, 0.8017166428338913, 0.8014756702241442, 0.8012368483770461, 0.8010002644856771, 0.8007659476143973, 0.8005337524414062, 0.8003038097563243, 0.8000759451729911, 0.7998501150948659, 0.7996264212472098, 0.7994046892438617, 0.7991851080031621, 0.7989674014136905, 0.7987515694754465, 0.7985376993815104, 0.7983258347284226, 0.7981156994047619, 0.7979074242001488, 0.7977009655180431, 0.7974962797619048, 0.7972933959960936, 0.7970921979631697, 0.7968927147274926, 0.7966949172247023, 0.7964987763904391, 0.7963043067568824, 0.7961115228562128, 0.795920163109189, 0.7957304309663318, 0.7955423845563616, 0.7953558494931176, 0.7951707095191592, 0.7949871244884673, 0.7948049926757812, 0.7946243286132812, 0.7944451468331474, 0.7942673892066593, 0.7940909830729167, 0.7939159429640997, 0.7937423270089287, 0.7935700770786832, 0.7933990914481027, 0.7932294718424479, 0.793061058407738, 0.792894025530134, 0.792728256952195, 0.7925635782877604, 0.7924003237769718, 0.7922382173084078], "client_accs": {"T-shirt": [27.0, 88.28571428571429, 92.42857142857143, 92.71428571428571, 92.14285714285714, 91.85714285714286, 91.42857142857143, 90.85714285714286, 90.42857142857143, 90.28571428571429, 90.14285714285714, 90.0, 90.0, 89.85714285714286, 89.57142857142857, 89.57142857142857, 89.42857142857143, 89.42857142857143, 89.57142857142857, 89.42857142857143, 89.42857142857143, 89.42857142857143], "pullover": [13.571428571428571, 62.0, 65.28571428571429, 68.14285714285714, 69.85714285714286, 71.85714285714286, 73.42857142857143, 74.0, 74.42857142857143, 75.28571428571429, 76.28571428571429, 77.0, 77.71428571428571, 78.85714285714286, 79.14285714285714, 79.57142857142857, 80.0, 80.0, 80.0, 80.28571428571429, 80.42857142857143, 80.42857142857143], "shirt": [35.0, 46.57142857142857, 49.42857142857143, 51.42857142857143, 52.142857142857146, 53.857142857142854, 55.285714285714285, 55.42857142857143, 56.285714285714285, 56.857142857142854, 57.714285714285715, 58.142857142857146, 58.714285714285715, 59.0, 59.42857142857143, 59.57142857142857, 59.57142857142857, 59.42857142857143, 59.57142857142857, 59.57142857142857, 59.285714285714285, 59.285714285714285]}}