{"acc_dist": [92.42857142857143, 89.28571428571429, 62.57142857142857], "mean_curve": [38.476190476190474, 72.99999999999999, 75.19047619047619, 76.76190476190476, 78.3809523809524, 79.19047619047619, 79.66666666666667, 79.85714285714286, 80.33333333333333, 80.33333333333333, 80.47619047619047, 80.76190476190477, 80.95238095238095, 81.09523809523809, 81.23809523809523, 81.33333333333333, 81.42857142857143, 81.52380952380952, 81.57142857142857, 81.47619047619048, 81.42857142857143, 81.42857142857143], "var_curve": [12.896412691809314, 23.090770309138403, 20.74343870801335, 19.38311676226249, 17.121547602078774, 16.555137038341805, 16.042602013547533, 15.6544314649174, 15.07908103324789, 14.677639680001809, 14.476973663024644, 14.156238658998427, 13.970977367986107, 13.970977367986107, 13.78174546044542, 13.647821751061697, 13.513913213430666, 13.474255287605159, 13.407277950457217, 13.434817865001358, 13.395602893141778, 13.395602893141778], "train_loss": [0.6916349574497768, 0.6845787266322545, 0.6950431315104165, 0.6963211786179316, 0.6965162295386905, 0.6967996361142114, 0.697230980282738, 0.6977166021437872, 0.6981993175688244, 0.6986518932524182, 0.6990593465169271, 0.6994133794875372, 0.6997106497628348, 0.6999506923130582, 0.7001353817894346, 0.7002672322591147, 0.7003500947498139, 0.7003876023065475, 0.7003837367466518, 0.7003427995954241, 0.7002689179920015, 0.7001671055385045, 0.7000422450474332, 0.6999000040690104, 0.6997459774925595, 0.6995853969029019, 0.6994232177734375, 0.6992627970377604, 0.6991066196986607, 0.6989564296177456, 0.6988141159784226, 0.6986815970284598, 0.6985617501395088, 0.698457510811942, 0.6983714948381697, 0.6983047775995163, 0.69825682140532, 0.6982254609607516, 0.698207775297619, 0.698200451078869, 0.6982007126581101, 0.6982063511439732, 0.6982154773530506, 0.6982268415178572, 0.6982394554501488, 0.6982528541201637, 0.6982664126441592, 0.6982798403785342, 0.6982930646623884, 0.6983059837704614, 0.698318379720052, 0.6983305722191219, 0.6983423578171503, 0.6983538527715774, 0.6983652169363839, 0.6983762759254093, 0.6983875674293154, 0.6983987717401413, 0.6984101068405879, 0.6984216599237351, 0.6984334455217635, 0.6984455653599331, 0.6984581647600446, 0.6984710548037575, 0.6984845697312129, 0.6984984770275298, 0.6985130528041296, 0.6985282534644718, 0.6985438755580358, 0.6985602387927828, 0.6985771978469121, 0.698594709123884, 0.6986128888811384, 0.6986316499255952, 0.6986509631928944, 0.6986708722795759, 0.6986912899925595, 0.6987122453962055, 0.6987337239583334, 0.6987558128720238, 0.6987781778971355, 0.6988010515485491, 0.6988243466331845, 0.6988479904901413, 0.6988719540550595, 0.6988963099888391, 0.6989208693731399, 0.6989457629975818, 0.6989709327334449, 0.6989961315336681, 0.6990217372349331, 0.6990473865327381, 0.699073239281064, 0.6990991356259301, 0.699125249953497, 0.6991512480236235, 0.6991774640764509, 0.6992036510649182, 0.6992298525855655, 0.6992560250418526, 0.6992822265625, 0.6993084135509672, 0.6993344842819941, 0.6993605550130209, 0.6993865094866072, 0.6994124348958334, 0.699438200451079, 0.6994638642810639, 0.6994894845145089, 0.699514901297433, 0.6995402308872768, 0.69956541515532, 0.6995904976981028, 0.6996152895972841, 0.6996400233677456, 0.699664539155506, 0.6996889386858259, 0.6997130766369049, 0.6997371709914435, 0.6997610328311011, 0.6997846330915177, 0.6998081316266741, 0.6998314267113095, 0.6998545619419643, 0.6998774065290179, 0.6999001057942708, 0.699922587076823, 0.6999448794410342, 0.6999669392903646, 0.6999888538178943, 0.7000105358305432, 0.7000320725213913, 0.7000534202938988, 0.7000744338262649, 0.7000953892299107, 0.7001160975864956, 0.7001365588960193, 0.7001568603515625, 0.7001769728887649, 0.7001968674432663, 0.7002165149507068, 0.7002360171363468, 0.7002553158714658, 0.7002744838169642, 0.7002933175223215, 0.7003120640345982, 0.7003305199032738, 0.7003489321754092, 0.7003670828683036, 0.700385030110677, 0.70040283203125, 0.7004203869047618, 0.700437767392113, 0.7004549589611235, 0.7004720197405133, 0.7004888044084822, 0.7005055454799107, 0.7005220685686383, 0.7005384463355654, 0.7005546061197916, 0.7005706496465773, 0.700586431594122, 0.7006020100911458, 0.7006175449916294, 0.7006328619094123, 0.7006479753766741, 0.7006630597795759, 0.7006778390066964, 0.7006925891694569, 0.7007070632207961, 0.7007214646112351, 0.7007356625511534, 0.7007498314267114, 0.7007636079334078, 0.7007774425688243, 0.7007910010928201, 0.7008045450846354, 0.7008178856259301, 0.7008310227167037, 0.7008440580822173, 0.7008570353190103, 0.7008698091052827, 0.7008824811662947, 0.7008949788411458, 0.7009073457263765, 0.7009196544828868, 0.7009317452566964, 0.7009437197730654, 0.7009555780319942, 0.7009673490978422, 0.7009789748418899, 0.7009905133928571, 0.7010019211542039, 0.7010130964006697, 0.7010242425827752, 0.7010353015718005, 0.7010462007068452, 0.7010570271809895, 0.7010677955264137, 0.701078374953497, 0.7010887654622396], "client_accs": {"T-shirt": [56.714285714285715, 95.14285714285714, 94.57142857142857, 94.14285714285714, 93.42857142857143, 93.57142857142857, 93.28571428571429, 93.0, 93.0, 92.71428571428571, 92.71428571428571, 92.57142857142857, 92.42857142857143, 92.57142857142857, 92.71428571428571, 92.71428571428571, 92.71428571428571, 92.71428571428571, 92.71428571428571, 92.57142857142857, 92.42857142857143, 92.42857142857143], "pullover": [29.285714285714285, 82.71428571428571, 84.57142857142857, 86.42857142857143, 87.28571428571429, 88.0, 88.57142857142857, 88.71428571428571, 88.85714285714286, 88.57142857142857, 88.57142857142857, 88.85714285714286, 89.14285714285714, 89.28571428571429, 89.14285714285714, 89.14285714285714, 89.14285714285714, 89.28571428571429, 89.28571428571429, 89.28571428571429, 89.28571428571429, 89.28571428571429], "shirt": [29.428571428571427, 41.142857142857146, 46.42857142857143, 49.714285714285715, 54.42857142857143, 56.0, 57.142857142857146, 57.857142857142854, 59.142857142857146, 59.714285714285715, 60.142857142857146, 60.857142857142854, 61.285714285714285, 61.42857142857143, 61.857142857142854, 62.142857142857146, 62.42857142857143, 62.57142857142857, 62.714285714285715, 62.57142857142857, 62.57142857142857, 62.57142857142857]}}