{"acc_dist": [90.0, 89.71428571428571, 59.857142857142854], "mean_curve": [44.952380952380956, 73.61904761904762, 75.80952380952381, 76.85714285714286, 77.28571428571428, 77.3809523809524, 78.09523809523809, 78.6190476190476, 78.90476190476191, 78.95238095238096, 79.28571428571429, 79.42857142857143, 79.38095238095237, 79.42857142857143, 79.23809523809523, 79.38095238095237, 79.47619047619048, 79.61904761904762, 79.66666666666667, 79.61904761904763, 79.85714285714286, 79.85714285714286], "var_curve": [16.856470258306185, 12.657891697365018, 11.637573053517803, 11.51810169544733, 11.824107738409852, 12.01378648718368, 12.060129021620813, 12.216490100904085, 12.089424924757084, 12.483640087781682, 12.497074487587057, 12.485093152251933, 12.658429115194314, 12.771140936358288, 13.03962215831985, 13.321933902496827, 13.49342663515375, 13.781745460445418, 13.909490389748084, 14.076725294305417, 14.142616640571747, 14.142616640571747], "train_loss": [1.0587636893136159, 0.9430489095052083, 0.9086572556268601, 0.887357439313616, 0.8710041736421131, 0.8580861990792411, 0.8477805437360492, 0.8394455682663691, 0.8325804937453497, 0.8268148222423735, 0.821890375046503, 0.8176255725678944, 0.8138897123790922, 0.810585704985119, 0.8076397705078125, 0.8049947684151785, 0.8026049950009301, 0.8004339018322172, 0.7984514944893973, 0.7966331409272693, 0.7949581763857886, 0.7934095982142857, 0.7919724673316592, 0.7906345040457589, 0.7893850998651413, 0.788214837937128, 0.7871161324637277, 0.7860816156296503, 0.7851056344168527, 0.784182623000372, 0.78330810546875, 0.7824777076357887, 0.781687999906994, 0.7809355381556919, 0.7802174886067709, 0.7795311046781994, 0.7788741048177084, 0.7782443963913691, 0.777639872233073, 0.7770588756742932, 0.7764998953683037, 0.7759612310500371, 0.7754416765485491, 0.7749399966285342, 0.7744550287155878, 0.7739857700892857, 0.773531261625744, 0.7730904860723586, 0.7726627604166666, 0.7722473871140253, 0.7718434506370908, 0.7714505295526415, 0.771067868187314, 0.7706949579148067, 0.7703312174479167, 0.769976327078683, 0.7696295747302827, 0.7692906116303945, 0.7689592343284971, 0.7686348760695685, 0.7683171880812871, 0.7680059087844122, 0.7677006458100818, 0.7674012829008556, 0.7671072678338914, 0.7668185860770089, 0.766534932454427, 0.7662559291294643, 0.7659815034412203, 0.765711408342634, 0.7654455275762649, 0.7651835414341518, 0.7649253772553944, 0.7646708170572917, 0.7644197155180432, 0.7641719563802084, 0.7639273216610863, 0.7636857096354167, 0.7634470476422992, 0.7632111176990327, 0.7629779343377976, 0.7627472214471727, 0.7625189790271577, 0.7622931489490328, 0.762069571358817, 0.76184814453125, 0.7616288103376117, 0.7614114815848215, 0.7611961728050595, 0.7609825206938244, 0.7607708013625372, 0.7605607096354167, 0.760352318173363, 0.7601456269763766, 0.7599403018043155, 0.7597365461077009, 0.7595342436290923, 0.7593331618536086, 0.7591335623604912, 0.7589351690383185, 0.7587380690801712, 0.7585421752929687, 0.758347415015811, 0.758153802780878, 0.757961207798549, 0.7577697899228051, 0.7575792875744046, 0.7573897152855283, 0.7572013201032366, 0.7570137532552083, 0.7568270728701636, 0.7566413661411829, 0.7564564732142857, 0.7562724376860119, 0.7560892450241816, 0.7559068806966146, 0.7557252720424108, 0.7555443754650297, 0.7553643653506324, 0.7551850818452381, 0.7550064377557663, 0.7548285348074777, 0.7546513730003719, 0.7544748360770089, 0.754299069359189, 0.7541239711216517, 0.7539494977678571, 0.7537756492978049, 0.7536024983723958, 0.7534299287341891, 0.7532581874302456, 0.7530869547526041, 0.7529162742978052, 0.7527463495163692, 0.7525769769577754, 0.7524081711542038, 0.7522400338309151, 0.7520724196661086, 0.7519055466424852, 0.7517391967773438, 0.7515733700706845, 0.7514082554408482, 0.7512437075660342, 0.7510797119140625, 0.7509163411458334, 0.7507534499395462, 0.7505912126813615, 0.7504296148390998, 0.7502685110909599, 0.7501079595656622, 0.7499480619884672, 0.7497887166341147, 0.7496299525669642, 0.7494717407226562, 0.7493142409551711, 0.7491571335565476, 0.7490006365094866, 0.7488447788783482, 0.7486895025344121, 0.7485347784133185, 0.7483805919828869, 0.7482270595005581, 0.7480740792410714, 0.7479217965262276, 0.7477698916480655, 0.747618640718006, 0.747468029203869, 0.7473179553803945, 0.7471685064406621, 0.7470196242559523, 0.7468713524228051, 0.74672364734468, 0.7465766543433779, 0.7464300973074778, 0.7462842523484002, 0.7461390177408854, 0.7459943789527529, 0.7458501615978422, 0.7457067580450149, 0.7455638485863094, 0.745421651204427, 0.7452800060453869, 0.7451388840448289, 0.7449984450567336, 0.7448585582914807, 0.7447191801525298, 0.7445804850260417, 0.7444423421223959, 0.7443047514415922, 0.7441678001767112, 0.7440312994094122, 0.7438953363327753, 0.7437599545433408, 0.7436251540411086, 0.7434908040364583, 0.7433570789155506, 0.7432238188244047, 0.7430910818917411, 0.742958722795759, 0.7428269885835194, 0.7426959083193824], "client_accs": {"T-shirt": [65.42857142857143, 89.28571428571429, 88.57142857142857, 88.42857142857143, 88.71428571428571, 88.57142857142857, 89.0, 89.57142857142857, 89.57142857142857, 89.57142857142857, 89.71428571428571, 89.71428571428571, 89.85714285714286, 89.71428571428571, 89.71428571428571, 89.71428571428571, 90.0, 90.0, 89.85714285714286, 89.85714285714286, 90.0, 90.0], "pullover": [24.142857142857142, 73.28571428571429, 78.42857142857143, 81.0, 82.14285714285714, 82.85714285714286, 84.0, 84.71428571428571, 85.14285714285714, 85.85714285714286, 86.42857142857143, 86.71428571428571, 86.71428571428571, 87.14285714285714, 87.14285714285714, 87.85714285714286, 88.0, 88.71428571428571, 89.14285714285714, 89.28571428571429, 89.71428571428571, 89.71428571428571], "shirt": [45.285714285714285, 58.285714285714285, 60.42857142857143, 61.142857142857146, 61.0, 60.714285714285715, 61.285714285714285, 61.57142857142857, 62.0, 61.42857142857143, 61.714285714285715, 61.857142857142854, 61.57142857142857, 61.42857142857143, 60.857142857142854, 60.57142857142857, 60.42857142857143, 60.142857142857146, 60.0, 59.714285714285715, 59.857142857142854, 59.857142857142854]}}