{"acc_dist": [97.85714285714286, 83.42857142857143, 47.857142857142854], "mean_curve": [25.19047619047619, 73.19047619047619, 74.42857142857143, 75.09523809523809, 75.47619047619048, 75.71428571428571, 75.80952380952381, 75.80952380952381, 75.90476190476191, 76.04761904761905, 76.04761904761905, 76.23809523809524, 76.23809523809524, 76.47619047619047, 76.23809523809524, 76.23809523809524, 76.09523809523809, 76.19047619047619, 76.33333333333333, 76.28571428571428, 76.38095238095238, 76.38095238095238], "var_curve": [8.84125559259061, 25.624269250130325, 25.186920263917788, 24.178849849514172, 23.573977736136406, 22.947144235643542, 22.750146395083537, 22.686965700560588, 22.641943299369917, 22.618195472669992, 22.641943299369913, 22.625412638273676, 22.453984187571074, 22.21121042358398, 22.030385118756453, 21.863003675277913, 21.809419837556288, 21.51485275080657, 21.238629077211296, 21.1412483300391, 21.011928369068084, 21.011928369068084], "train_loss": [1.123975859142485, 0.9502223423549108, 0.9012394205729167, 0.8823795282273066, 0.8704151553199404, 0.8615779767717635, 0.8546044485909597, 0.8488696143740699, 0.8440101696196057, 0.8397988600957961, 0.8360882132393973, 0.8327792503720238, 0.82980228969029, 0.8271069335937499, 0.8246545700799851, 0.8224150012788319, 0.8203632754371281, 0.818478727794829, 0.8167435128348215, 0.8151423717680432, 0.8136617751348586, 0.8122898065476191, 0.8110159447079613, 0.809830569312686, 0.8087254260835194, 0.8076927984328496, 0.8067257835751489, 0.8058182489304316, 0.8049644542875743, 0.8041586884998141, 0.803395516531808, 0.8026693870907738, 0.8019771176292783, 0.8013224719819568, 0.800708487374442, 0.8001288423084078, 0.7995780145554315, 0.7990529087611608, 0.7985515776134674, 0.7980721173967633, 0.7976132202148438, 0.7971735345749629, 0.7967514910016741, 0.7963464064825149, 0.7959568423316593, 0.7955819847470238, 0.7952209617978051, 0.7948728870210194, 0.7945370919363839, 0.7942126900809151, 0.7938992454892113, 0.7935958716982886, 0.793302263532366, 0.793017796107701, 0.7927421351841518, 0.7924745686848959, 0.7922148786272322, 0.7919627017066593, 0.7917176891508557, 0.7914794921875, 0.7912477475120907, 0.7910221935453868, 0.7908025687081474, 0.7905886404854909, 0.7903799874441964, 0.7901764787946428, 0.7899775623139881, 0.7897831362769717, 0.7895929391043527, 0.7894065057663692, 0.7892237781343007, 0.7890442475818452, 0.7888678414481026, 0.7886945306687126, 0.7885239955357143, 0.7883560907273065, 0.788190670921689, 0.7880274018787202, 0.7878655569893973, 0.7877042643229167, 0.7875428699311756, 0.7873801095145089, 0.7872164045061384, 0.7870526413690476, 0.7868898664202009, 0.7867282540457589, 0.7865676879882812, 0.7864074125744048, 0.7862455095563616, 0.7860793776739211, 0.7859044247581846, 0.7857169160388766, 0.7855170840308779, 0.7853131394159226, 0.7851173182896205, 0.784937744140625, 0.7847750563848587, 0.7846247500465031, 0.784481666201637, 0.7843428402855283, 0.7842094203404019, 0.7840850394112723, 0.7839710053943453, 0.783866228376116, 0.7837677583240327, 0.7836738077799478, 0.7835829089936756, 0.7834941464378721, 0.7834070696149554, 0.7833206612723215, 0.7832346743629093, 0.7831486002604167, 0.7830622645786831, 0.782975856236049, 0.7828899274553572, 0.7828053065708706, 0.7827228655133928, 0.782642807733445, 0.782565191359747, 0.7824900599888394, 0.7824168613978796, 0.7823452758789061, 0.7822753179640998, 0.7822064208984375, 0.7821387736002604, 0.7820720999581473, 0.782006356375558, 0.7819413103376117, 0.7818771216982888, 0.7818134998139881, 0.7817504446847098, 0.7816878545851935, 0.7816256568545388, 0.7815638369605655, 0.7815022059849331, 0.7814408075241815, 0.7813795398530506, 0.7813182576497395, 0.7812569609142486, 0.7811956205822171, 0.7811342657180059, 0.781072750999814, 0.7810111345563616, 0.7809493291945685, 0.7808874947684151, 0.7808256603422619, 0.7807640729631696, 0.7807025727771578, 0.780641334170387, 0.7805803716750371, 0.78052000499907, 0.7804598563058036, 0.7804004342215402, 0.7803415352957589, 0.7802832176571801, 0.7802254522414435, 0.7801682245163691, 0.7801115780784972, 0.7800555855887277, 0.7800001743861608, 0.7799452427455357, 0.779890877859933, 0.7798370506649924, 0.7797837175641741, 0.7797310529436384, 0.779678722563244, 0.779626973470052, 0.779575674874442, 0.7795248122442336, 0.779474371047247, 0.7794243367513021, 0.7793747093563989, 0.7793252999441963, 0.7792763119652157, 0.7792276872907365, 0.7791792224702382, 0.7791311500186012, 0.7790833682105656, 0.7790358334495909, 0.7789883858816964, 0.7789412144252231, 0.7788941882905506, 0.7788472929454985, 0.7788005865187871, 0.7787539527529761, 0.7787075224376862, 0.7786610775902157, 0.778614763532366, 0.7785685657319568, 0.7785224405924479, 0.7784763299851191, 0.7784302629743304, 0.7783843558175224, 0.778338390531994, 0.7782924688430061, 0.7782466634114584, 0.7782008434477307, 0.7781550089518229, 0.7781092907133557, 0.7780635579427083, 0.7780177961077008], "client_accs": {"T-shirt": [27.0, 96.14285714285714, 96.28571428571429, 96.42857142857143, 96.57142857142857, 97.0, 97.14285714285714, 97.28571428571429, 97.28571428571429, 97.28571428571429, 97.42857142857143, 97.85714285714286, 97.85714285714286, 97.85714285714286, 97.85714285714286, 97.85714285714286, 97.85714285714286, 97.85714285714286, 97.85714285714286, 97.85714285714286, 97.85714285714286, 97.85714285714286], "pullover": [13.571428571428571, 86.0, 87.85714285714286, 87.57142857142857, 87.28571428571429, 86.28571428571429, 86.0, 85.71428571428571, 85.85714285714286, 86.14285714285714, 86.0, 85.85714285714286, 85.57142857142857, 85.71428571428571, 84.85714285714286, 84.57142857142857, 84.14285714285714, 83.85714285714286, 83.71428571428571, 83.42857142857143, 83.42857142857143, 83.42857142857143], "shirt": [35.0, 37.42857142857143, 39.142857142857146, 41.285714285714285, 42.57142857142857, 43.857142857142854, 44.285714285714285, 44.42857142857143, 44.57142857142857, 44.714285714285715, 44.714285714285715, 45.0, 45.285714285714285, 45.857142857142854, 46.0, 46.285714285714285, 46.285714285714285, 46.857142857142854, 47.42857142857143, 47.57142857142857, 47.857142857142854, 47.857142857142854]}}