{"acc_dist": [95.71428571428571, 94.71428571428571, 50.142857142857146], "mean_curve": [38.476190476190474, 73.33333333333333, 75.19047619047619, 76.57142857142857, 77.19047619047619, 78.09523809523809, 78.28571428571429, 78.57142857142857, 78.47619047619048, 78.71428571428571, 79.14285714285715, 79.0, 79.23809523809524, 79.61904761904763, 79.57142857142857, 79.90476190476191, 79.95238095238095, 80.0, 80.0, 80.19047619047619, 80.23809523809523, 80.19047619047619], "var_curve": [12.896412691809314, 23.505487370142667, 24.564321600475964, 23.895463947764473, 23.800855564949398, 23.20870506792021, 23.04210874703537, 22.632226736996735, 22.96680044983398, 22.54820987811412, 21.637395193236625, 22.83063939617319, 22.797640805659142, 22.056924910511356, 22.226110770892866, 21.44961929266936, 21.68743118033609, 21.620096471305843, 21.224744896426138, 21.350758189896833, 21.283423760854994, 21.250796970515857], "train_loss": [1.0864107549758184, 0.9327299572172619, 0.8966451735723586, 0.8807488723028274, 0.8697408185686384, 0.8610101173037573, 0.854390389578683, 0.8489469546363467, 0.8443654232933407, 0.8395750645228794, 0.8354744902111234, 0.8317817470005581, 0.8284932890392485, 0.826229974655878, 0.823616943359375, 0.8212592279343379, 0.8187284487769717, 0.8167880249023437, 0.8149522472563245, 0.8136842273530506, 0.8119520205543155, 0.81084716796875, 0.8091934058779762, 0.8082270013718378, 0.8066397094726563, 0.8041915748232888, 0.8021535818917411, 0.8003556024460566, 0.7999211338588169, 0.7980838593982514, 0.7972791980561755, 0.7965838768368675, 0.7963848295665922, 0.7946916126069569, 0.7941279820033481, 0.7940314301990327, 0.7939148385184153, 0.7927394467308408, 0.7910857863653273, 0.7902134195963542, 0.789387468610491, 0.7886278860909598, 0.7870271955217634, 0.7864733741396949, 0.7866316877092633, 0.7849382818312872, 0.7834996831984747, 0.7822136143275671, 0.78102540515718, 0.7813797578357514, 0.7817650495256695, 0.7803271920340401, 0.7807835606166295, 0.7802724202473957, 0.7789537702287946, 0.7785805257161459, 0.7790175083705358, 0.7776411946614582, 0.776457039969308, 0.7769276500883557, 0.7774019804454985, 0.7760439627511161, 0.7765343511672248, 0.7752041335332961, 0.7740924798874627, 0.7745809936523438, 0.7742039126441593, 0.7747112601143974, 0.7751741391136533, 0.7737266613188244, 0.7725185575939361, 0.7723509434291295, 0.7728922526041666, 0.7716551281156994, 0.771328837076823, 0.7710645403180804, 0.7715923636300223, 0.7703097679501488, 0.7708731369745164, 0.7706229945591517, 0.771083751860119, 0.7698087129138765, 0.7697182646251859, 0.768646254766555, 0.7682457188197546, 0.7688049897693453, 0.7687692987351191, 0.7687821451822917, 0.7677036394391741, 0.7681124296642485, 0.7680786714099703, 0.7670083908807662, 0.7675997488839287, 0.7670598202659971, 0.7659860229492187, 0.7665730212983631, 0.7670357695079986, 0.7658370099748885, 0.7648443894159226, 0.7648949614025297, 0.763994634719122, 0.7644897896902902, 0.7650824991861979, 0.7656788271949404, 0.7656344459170387, 0.7650342087518601, 0.7653922380719868, 0.7657178025018601, 0.7644471232096354, 0.7649299403599331, 0.765293462844122, 0.7639616612025669, 0.7628549630301339, 0.7627582513718378, 0.7633345540364583, 0.7637306140718007, 0.7642126900809152, 0.7644710141136533, 0.7631616937546504, 0.7636353556315104, 0.7630989728655134, 0.7635467093331473, 0.7638254946754093, 0.7632745797293526, 0.7628009614490328, 0.7624830845424108, 0.7613820248558407, 0.7610788545154389, 0.7601064918154762, 0.759927963983445, 0.7597965204148066, 0.7589457194010416, 0.7588612147739955, 0.7593847365606399, 0.7599459548223586, 0.7604612659272694, 0.7601343064081102, 0.7605886114211309, 0.7610241117931548, 0.7605436343238466, 0.7594223313104539, 0.7584664916992189, 0.7576477196103051, 0.7576669020879837, 0.7574292428152901, 0.7566667829241073, 0.756012922014509, 0.7565723818824406, 0.7564568074544272, 0.7556959606352306, 0.7550315784272694, 0.755034470331101, 0.7551004173642113, 0.7556653413318452, 0.7557354736328126, 0.755025373186384, 0.7548661876860119, 0.7542323230561756, 0.7541440836588542, 0.7542618233816963, 0.7548261951264882, 0.7549063110351563, 0.7542125883556547, 0.7547985985165551, 0.7553602527436757, 0.7551730346679687, 0.7550792875744049, 0.7542596435546876, 0.7543662370954242, 0.7548915172758557, 0.7540793427966891, 0.7546777634393601, 0.7552108038039435, 0.754303937639509, 0.7541007777622767, 0.753338143484933, 0.7534573218936012, 0.753256356375558, 0.7538451421828496, 0.7539049711681548, 0.7531383841378348, 0.7537386648995535, 0.754148428780692, 0.7538067626953125, 0.7538096255347843, 0.7542782156808037, 0.7534018380301339, 0.7526463535853795, 0.7525486828031993, 0.7530673653738839, 0.7522635904947917, 0.7528278314499629, 0.7520716639927455, 0.7519752284458706, 0.7525031389508928, 0.7524837239583334, 0.7530562337239584, 0.7527310761951265, 0.751932358514695, 0.7512337820870535, 0.7512566702706472], "client_accs": {"T-shirt": [56.714285714285715, 95.71428571428571, 95.0, 95.42857142857143, 95.42857142857143, 95.28571428571429, 95.42857142857143, 95.14285714285714, 95.14285714285714, 95.85714285714286, 95.57142857142857, 95.42857142857143, 95.71428571428571, 95.57142857142857, 95.71428571428571, 95.28571428571429, 95.71428571428571, 95.71428571428571, 95.85714285714286, 95.71428571428571, 95.71428571428571, 95.71428571428571], "pullover": [29.285714285714285, 83.42857142857143, 90.0, 91.42857142857143, 92.57142857142857, 93.71428571428571, 93.71428571428571, 94.0, 94.28571428571429, 93.42857142857143, 93.28571428571429, 94.85714285714286, 95.0, 94.85714285714286, 94.85714285714286, 94.85714285714286, 94.85714285714286, 94.85714285714286, 94.14285714285714, 94.85714285714286, 94.85714285714286, 94.71428571428571], "shirt": [29.428571428571427, 40.857142857142854, 40.57142857142857, 42.857142857142854, 43.57142857142857, 45.285714285714285, 45.714285714285715, 46.57142857142857, 46.0, 46.857142857142854, 48.57142857142857, 46.714285714285715, 47.0, 48.42857142857143, 48.142857142857146, 49.57142857142857, 49.285714285714285, 49.42857142857143, 50.0, 50.0, 50.142857142857146, 50.142857142857146]}}