{"acc_dist": [81.28571428571429, 81.42857142857143, 77.0], "mean_curve": [25.19047619047619, 74.04761904761905, 76.23809523809524, 77.42857142857143, 77.80952380952381, 78.42857142857143, 79.04761904761905, 79.14285714285715, 79.14285714285715, 79.28571428571428, 79.52380952380952, 79.66666666666667, 79.6190476190476, 79.66666666666667, 79.90476190476191, 79.42857142857143, 79.6190476190476, 79.80952380952381, 79.42857142857143, 79.76190476190476, 80.00000000000001, 79.90476190476191], "var_curve": [8.84125559259061, 15.140760561658968, 4.789917604468411, 3.388656547553754, 2.9191680236179285, 3.9434782119549303, 2.6912135525609107, 1.9897697538834438, 3.1450209001825478, 1.8220120447341912, 2.1006423809631234, 2.425301252999398, 2.9098316414194674, 2.6453227452059327, 2.54037688920936, 1.9272482233188655, 1.8601928556785319, 2.39708818069585, 1.2177820811947093, 1.540091583694882, 2.2345463250762037, 2.0548046676563274], "train_loss": [1.123975859142485, 0.9590117245628719, 0.9033239019484748, 0.8801713053385417, 0.8681746855236234, 0.8579955618722098, 0.8497960117885045, 0.843024408249628, 0.8372959391276042, 0.8323539079938617, 0.8280146135602678, 0.8241674514043899, 0.8207433791387647, 0.8176471673874629, 0.8148024350120909, 0.8121225411551339, 0.8095276460193452, 0.8069481549944196, 0.8043494233630953, 0.8017281959170387, 0.7991189720517112, 0.7965544782366072, 0.7940875534784225, 0.787863537016369, 0.7887335205078125, 0.7888374255952381, 0.7880605352492559, 0.7824114408947173, 0.7832595389229912, 0.7838384719122024, 0.7830919828869048, 0.7779291352771578, 0.7788876778738839, 0.7796314929780506, 0.7750887625558036, 0.7762857200985863, 0.7770756603422618, 0.7771399797712054, 0.7723131742931547, 0.7733423142206101, 0.7742044793991815, 0.7700215657552083, 0.7712623232886905, 0.772163347516741, 0.7682191394624257, 0.7694868977864583, 0.7704890950520834, 0.7666658819289435, 0.7679346575055804, 0.7689957682291667, 0.765262451171875, 0.7665328543526786, 0.7676273600260416, 0.7639715285528274, 0.7652437046595981, 0.7663589622860864, 0.7627734374999999, 0.7640463983444942, 0.76517578125, 0.7616553606305804, 0.7629276820591517, 0.7640671212332589, 0.7606076485770089, 0.7618778192429315, 0.7630243791852678, 0.7596221923828125, 0.7608889625186012, 0.7620401146298365, 0.7586922781808036, 0.7599545433407737, 0.7611084856305803, 0.7578124128069197, 0.7590690685453869, 0.7602243477957589, 0.756977800641741, 0.7582279459635416, 0.7593831089564732, 0.7561839367094495, 0.7574270193917411, 0.7585808163597472, 0.7554274495442708, 0.7566627429780506, 0.7578143019903273, 0.7547050258091517, 0.7559319777715774, 0.7570804559616815, 0.7540139334542411, 0.7555258033389137, 0.7565636335100446, 0.7534673781622024, 0.7549787248883929, 0.7523617117745536, 0.7536118861607143, 0.7552650378999255, 0.7523211669921874, 0.7538248988560268, 0.7549591645740327, 0.751978033156622, 0.7534631638299851, 0.7509284319196429, 0.752174072265625, 0.7538131277901785, 0.7509554036458334, 0.7524471609933036, 0.7535650053478422, 0.7506712413969495, 0.7521361432756697, 0.7496576509021576, 0.7509017217726934, 0.7525094459170387, 0.7497245279947918, 0.7512057931082589, 0.7522925095331101, 0.7494786435081845, 0.7509252348400297, 0.7484972853887649, 0.749739292689732, 0.7513117327008928, 0.7485941278366816, 0.7500655982607887, 0.7477410888671875, 0.7489706566220239, 0.7505769275483631, 0.7479227120535713, 0.7493853469122024, 0.7471083286830357, 0.7483301653180803, 0.7499354480561756, 0.7473233177548363, 0.7487788027808779, 0.7465313430059525, 0.7477493431454613, 0.7493416631789435, 0.7467644682384672, 0.7482129778180804, 0.7459887985956101, 0.7472043863932293, 0.7487793840680803, 0.746233636765253, 0.7476760428292412, 0.7454723249162946, 0.7466859072730655, 0.748241460890997, 0.7444702729724703, 0.746104503813244, 0.7470579020182292, 0.7449460274832589, 0.7462492152622767, 0.7477351888020833, 0.7439798409598214, 0.7455126081194196, 0.7435933721633184, 0.7452352178664433, 0.7467303757440477, 0.7444051397414434, 0.7457865106491816, 0.7437076532273066, 0.7449055408296131, 0.7472997756231399, 0.7432404436383929, 0.7450584484281993, 0.7429866827101934, 0.7446310279482887, 0.7458992222377231, 0.74254879906064, 0.743847133091518, 0.7451040794735864, 0.7430099923270088, 0.7442945207868304, 0.7456480771019346, 0.7421014258975074, 0.743554193405878, 0.741701427641369, 0.7433140927269345, 0.7447157214936757, 0.7414605567568824, 0.7428004964192708, 0.7439599028087797, 0.7419546363467262, 0.7432161167689731, 0.7445744105747768, 0.7411188906715029, 0.7425733875093007, 0.7407489013671874, 0.7423502313523066, 0.7436923072451638, 0.7405382283528645, 0.7418377104259672, 0.7429854620070685, 0.7410233851841518, 0.742268298921131, 0.7435864548456101, 0.7402230544317336, 0.7416544596354168, 0.7398604910714286, 0.7414474632626488, 0.7427359735398066, 0.7396742757161459, 0.7409370930989584, 0.7420700218563988, 0.7392513020833333], "client_accs": {"T-shirt": [27.0, 91.28571428571429, 82.28571428571429, 81.42857142857143, 81.28571428571429, 81.42857142857143, 81.42857142857143, 81.14285714285714, 81.0, 80.71428571428571, 80.71428571428571, 80.85714285714286, 81.0, 80.85714285714286, 80.85714285714286, 81.0, 81.14285714285714, 81.28571428571429, 80.14285714285714, 80.14285714285714, 81.28571428571429, 81.28571428571429], "pullover": [13.571428571428571, 76.42857142857143, 75.85714285714286, 77.71428571428571, 78.0, 81.0, 80.42857142857143, 79.85714285714286, 81.71428571428571, 80.42857142857143, 81.28571428571429, 81.85714285714286, 82.28571428571429, 82.14285714285714, 82.42857142857143, 80.57142857142857, 80.71428571428571, 81.71428571428571, 80.42857142857143, 81.42857142857143, 81.85714285714286, 81.42857142857143], "shirt": [35.0, 54.42857142857143, 70.57142857142857, 73.14285714285714, 74.14285714285714, 72.85714285714286, 75.28571428571429, 76.42857142857143, 74.71428571428571, 76.71428571428571, 76.57142857142857, 76.28571428571429, 75.57142857142857, 76.0, 76.42857142857143, 76.71428571428571, 77.0, 76.42857142857143, 77.71428571428571, 77.71428571428571, 76.85714285714286, 77.0]}}