{"acc_dist": [91.42857142857143, 84.71428571428571, 68.14285714285714], "mean_curve": [38.476190476190474, 71.71428571428572, 74.52380952380952, 76.04761904761905, 77.38095238095238, 77.76190476190476, 77.71428571428572, 78.47619047619047, 78.90476190476191, 79.28571428571429, 79.6190476190476, 79.66666666666667, 80.0, 80.33333333333333, 80.80952380952381, 81.04761904761904, 81.19047619047619, 81.28571428571429, 81.33333333333333, 81.42857142857143, 81.42857142857143, 81.42857142857143], "var_curve": [12.896412691809314, 13.936200596820857, 11.972947587077401, 11.054800621451538, 10.0909694479318, 9.741092797468307, 9.816687167205416, 9.83699343851042, 10.158159706205653, 10.245954901166344, 10.631958838936244, 10.563274418470312, 10.49975704286455, 10.401683101203787, 10.219584595131652, 10.054500013503503, 10.017897815609366, 9.81945867690694, 9.834918585467113, 9.70587871512173, 9.786148756430858, 9.786148756430858], "train_loss": [0.00019400189320246378, 0.00018415843447049457, 0.00017786176786536263, 0.00017352880111762455, 0.00017023336319696336, 0.00016758000566845848, 0.000165373913588978, 0.00016349925526550838, 0.00016187902717363267, 0.00016045907068820228, 0.00015920026316529229, 0.0001580735579842613, 0.0001570568411123185, 0.0001561329442830313, 0.0001552881442365192, 0.000154511353799275, 0.0001537933661824181, 0.0001531266172726949, 0.00015250474569343384, 0.0001519223799308141, 0.00015137510285491036, 0.00015085916434015546, 0.0001503714919090271, 0.0001499095523641223, 0.00014947138726711275, 0.00014905533620289394, 0.00014866002258800325, 0.00014828428980850038, 0.00014792699898992265, 0.0001475870254493895, 0.0001472632232166472, 0.00014695442503406887, 0.0001466595239582516, 0.0001463774662642252, 0.00014610726563703445, 0.00014584800671963466, 0.00014559893026238395, 0.0001453593195903869, 0.00014512850415138973, 0.0001449059411173775, 0.00014469110185191746, 0.00014448352512859162, 0.00014428276036466871, 0.00014408846341428303, 0.0001439002582005092, 0.0001437178360564368, 0.00014354086702778228, 0.00014336913114502316, 0.00014320231974124906, 0.00014304022349062419, 0.0001428826188757306, 0.00014272929657073246, 0.00014258006853716716, 0.0001424347644760495, 0.00014229321763629008, 0.00014215523997942607, 0.00014202070023332323, 0.00014188947422163827, 0.00014176141293275926, 0.00014163639219034283, 0.00014151431265331448, 0.0001413950359537488, 0.00014127845565478007, 0.00014116452208587103, 0.00014105306849593208, 0.00014094405585811249, 0.0001408373883792332, 0.00014073297736190614, 0.00014063075184822082, 0.00014053062668868474, 0.0001404325451169695, 0.000140336404244105, 0.00014024220407009123, 0.00014014984525385357, 0.00014005925328958602, 0.00013997041753360202, 0.00013988323509693147, 0.00013979767404851458, 0.0001397137095530828, 0.00013963123872166587, 0.0001395502651021594, 0.00013947071773665293, 0.0001393925824335643, 0.0001393157917828787, 0.00013924031385353634, 0.00013916608478341784, 0.00013909314714726949, 0.0001390213661250614, 0.00013895077364785332, 0.00013888133068879448, 0.00013881299467313857, 0.00013874573012193046, 0.00013867952284358798, 0.0001386143054280962, 0.00013855012045020147, 0.00013848688630830675, 0.00013842458526293436, 0.0001383632031225023, 0.000138302743434906, 0.00013824313879013064, 0.00013818438918817612, 0.00013812647688956486, 0.00013806936641534167, 0.00013801305776550658, 0.00013795753320058185, 0.00013790276433740342, 0.00013784871924491155, 0.00013779541921047936, 0.00013774282875515166, 0.00013769091594786873, 0.00013763970562389918, 0.00013758914456481026, 0.00013753923986639294, 0.0001374899595975876, 0.0001374413108541852, 0.00013739327234881264, 0.00013734581569830576, 0.0001372989834774108, 0.00013725268344084423, 0.00013720694751966566, 0.00013716177216597969, 0.00013711713964030856, 0.0001370730357510703, 0.0001370294214714141, 0.00013698631454081762, 0.00013694373624665394, 0.00013690161917890821, 0.00013685998817284902, 0.0001368188112974167, 0.00013677810629208882, 0.00013673784477370127, 0.00013669800545488086, 0.0001366586167187918, 0.00013661964308647883, 0.000136581084557942, 0.00013654295177686782, 0.00013650521281219664, 0.00013646784992445084, 0.00013643088440100351, 0.00013639430559816816, 0.00013635807803698947, 0.0001363222301006317, 0.00013628674759751276, 0.00013625161633605047, 0.00013621681502887182, 0.00013618237915493192, 0.00013614825904369353, 0.00013611447598252976, 0.00013608100158827644, 0.00013604787488778432, 0.000136015039114725, 0.00013598252974805376, 0.0001359503148567109, 0.00013591838734490532, 0.00013588675785632362, 0.00013585542993886128, 0.00013582437520935422, 0.00013579361140727997, 0.0001357630995057878, 0.0001357328643401464, 0.0001357029165540423, 0.00013567321712062473, 0.0001356437624919982, 0.00013561460233870004, 0.00013558565151123775, 0.00013555697387173063, 0.0001355285339412235, 0.00013550033881550743, 0.00013547238139879135, 0.0001354446474994932, 0.00013541714421340398, 0.00013538987154052372, 0.00013536282593295688, 0.00013533600029491243, 0.00013530938753059931, 0.00013528299473580859, 0.00013525680771895817, 0.00013523084421952566, 0.0001352050829501379, 0.0001351795168150039, 0.00013515416710149674, 0.0001351289983306612, 0.0001351040459814526, 0.00013507928521860215, 0.0001350547160421099, 0.0001350303278082893, 0.00013500612761293139, 0.00013498210126445406, 0.00013495825940654393, 0.00013493462332657405, 0.00013491115044979822, 0.0001348878407762164, 0.00013486470494951521, 0.0001348417571612767, 0.00013481896548044116, 0.00013479634409859065, 0.00013477388946782974, 0.00013475159094447183, 0.00013472945917220342, 0.00013470748705523354, 0.0001346856639498756], "client_accs": {"T-shirt": [56.714285714285715, 90.28571428571429, 90.28571428571429, 90.14285714285714, 89.85714285714286, 89.57142857142857, 89.28571428571429, 89.85714285714286, 90.42857142857143, 90.71428571428571, 91.28571428571429, 91.0, 91.28571428571429, 91.71428571428571, 91.71428571428571, 91.71428571428571, 91.71428571428571, 91.42857142857143, 91.42857142857143, 91.42857142857143, 91.42857142857143, 91.42857142857143], "pullover": [29.285714285714285, 68.14285714285714, 72.0, 74.85714285714286, 77.14285714285714, 78.0, 78.57142857142857, 79.71428571428571, 80.57142857142857, 81.28571428571429, 82.0, 82.42857142857143, 82.71428571428571, 82.71428571428571, 83.57142857142857, 83.85714285714286, 84.14285714285714, 84.42857142857143, 84.57142857142857, 84.57142857142857, 84.71428571428571, 84.71428571428571], "shirt": [29.428571428571427, 56.714285714285715, 61.285714285714285, 63.142857142857146, 65.14285714285714, 65.71428571428571, 65.28571428571429, 65.85714285714286, 65.71428571428571, 65.85714285714286, 65.57142857142857, 65.57142857142857, 66.0, 66.57142857142857, 67.14285714285714, 67.57142857142857, 67.71428571428571, 68.0, 68.0, 68.28571428571429, 68.14285714285714, 68.14285714285714]}}