{"acc_dist": [64.42857142857143, 68.71428571428571, 74.28571428571429], "mean_curve": [27.76190476190476, 36.19047619047619, 40.142857142857146, 43.8095238095238, 47.38095238095238, 49.23809523809524, 53.095238095238095, 55.666666666666664, 58.047619047619044, 59.04761904761904, 60.61904761904761, 62.38095238095238, 63.80952380952382, 65.09523809523809, 65.95238095238095, 66.71428571428571, 67.61904761904762, 68.14285714285715, 68.52380952380952, 68.80952380952381, 69.14285714285715, 69.14285714285715], "var_curve": [18.10488464676211, 23.995558923945957, 26.326831195879354, 27.13642363187059, 25.130227708303835, 23.233898918539612, 19.39715012847444, 16.290865239435046, 14.121115242487402, 12.041500422551328, 10.32158647652047, 8.54785117074392, 7.1536426507481625, 6.37206203698415, 6.011704381384781, 5.598833697790122, 5.195934220744507, 4.85013500057571, 4.738513980060523, 4.6734644367182065, 4.151878519188059, 4.035556254807298], "train_loss": [0.00020458913275173734, 0.00020387624700864157, 0.00020318404549644106, 0.0002025113786969866, 0.0002018572390079498, 0.00020122054786909197, 0.00020059926169259206, 0.00019999227353504723, 0.0001993985828899202, 0.00019881740212440488, 0.00019824791522253128, 0.00019768944808415002, 0.00019714134080069405, 0.0001966030186130887, 0.0001960740415822892, 0.00019555389881134033, 0.00019504218584015257, 0.00019453857626233783, 0.0001940427152883439, 0.0001935543119907379, 0.00019307313930420648, 0.00019259893468448095, 0.00019213143558729262, 0.0001916705426715669, 0.00019121605015936353, 0.00019076776646432422, 0.00019032559579326995, 0.0001898894210656484, 0.000189459068434579, 0.00018903451661268872, 0.00018861561304046992, 0.00018820225482895262, 0.0001877944242386591, 0.0001873920006411416, 0.0001869948988869077, 0.0001866030622096289, 0.00018621645867824554, 0.00018583498540378752, 0.0001854585998115085, 0.00018508724513508024, 0.0001847208433208011, 0.0001843593766291936, 0.00018400275991076512, 0.00018365095059076942, 0.0001833038848070871, 0.0001829614880539122, 0.00018262377807072233, 0.00018229063422906964, 0.00018196202104999904, 0.00018163788886297317, 0.00018131818090166366, 0.00018100283685184662, 0.00018069179639929817, 0.0001803850382566452, 0.00018008247372649965, 0.00017978407442569735, 0.000179489723273686, 0.0001791994522015254, 0.0001789131618681408, 0.0001786307671240398, 0.00017835228925659543, 0.0001780776253768376, 0.00017780668323948268, 0.00017753950187138147, 0.00017727591806933994, 0.00017701597795599983, 0.00017675959638186863, 0.00017650669174534934, 0.00017625722147169567, 0.00017601116072563897, 0.00017576843854926881, 0.00017552897334098812, 0.00017529278993606566, 0.0001750597712539491, 0.00017482989245936982, 0.00017460308614231294, 0.00017437931682382307, 0.00017415853838125862, 0.00017394072243145532, 0.00017372576608544303, 0.00017351364805584863, 0.0001733043754384631, 0.00017309788082327162, 0.00017289402229445322, 0.00017269277501673927, 0.00017249385161059242, 0.00017229715983072916, 0.00017210257550080615, 0.00017191008088134584, 0.00017171958372706457, 0.0001715311088732311, 0.00017134464922405421, 0.0001711601267258326, 0.00017097754492646173, 0.0001707968506075087, 0.00017061800829001837, 0.00017044099668661754, 0.00017026577322255997, 0.00017009235208942776, 0.00016992069071247466, 0.00016975073942116327, 0.00016958246983232953, 0.00016941588194597338, 0.0001692509615705127, 0.0001690876554875147, 0.00016892593531381514, 0.0001687658152409962, 0.00016860723140693843, 0.00016845018381164188, 0.00016829466535931543, 0.00016814061928363075, 0.0001679880242972147, 0.00016783688749585834, 0.00016768716275691986, 0.00016753887846356346, 0.00016739193172681899, 0.00016724640060038792, 0.00016710216800371806, 0.00016695930134682426, 0.00016681772257600512, 0.00016667743169126057, 0.00016653843933627717, 0.00016640069584051764, 0.00016626417636871334, 0.0001661289163998195, 0.0001659948378801346, 0.00016586195145334515, 0.00016573022518839156, 0.00016559968746843794, 0.0001654702779792604, 0.00016534201091244108, 0.00016521481885796503, 0.00016508874439057848, 0.00016496376267501287, 0.00016483983823231286, 0.0001647169781582696, 0.0001645951256865547, 0.0001644743269398099, 0.00016435457127434867, 0.00016423578063646952, 0.00016411800114881424, 0.00016400117249715894, 0.00016388533016045888, 0.00016377042446817668, 0.00016365644477662586, 0.0001635434336605526, 0.00016343130242256888, 0.00016332009363742103, 0.00016320975053878055, 0.0001631003086056028, 0.00016299174300261906, 0.00016288402889456068, 0.00016277713435036795, 0.00016267109484899612, 0.0001625659139383407, 0.00016246154194786435, 0.00016235794339861188, 0.00016225518215270268, 0.00016215316241695768, 0.00016205197288876488, 0.00016195153906231835, 0.00016185182191076736, 0.00016175289239202226, 0.00016165471857502347, 0.00016155725078923362, 0.0001614605032262348, 0.00016136448298181808, 0.0001612691723165058, 0.000161174571230298, 0.000161080654887926, 0.00016098740200201669, 0.00016089484805152532, 0.00016080296465328763, 0.00016071173761572158, 0.0001606211279119764, 0.00016053120649996255, 0.00016044190596966516, 0.00016035323341687523, 0.00016026517819790612, 0.00016017775450434004, 0.00016009092330932615, 0.00016000473073550633, 0.0001599190845375969, 0.00015983406276929947, 0.00015974959092480797, 0.00015966573641413735, 0.0001595824353751682, 0.00015949968780790057, 0.0001594175079039165, 0.00015933587082794733, 0.00015925479431947072, 0.00015917426773480006, 0.00015909425914287567, 0.00015901476499580202, 0.0001589358172246388, 0.00015885737325463975, 0.00015877945437317803, 0.0001587020286491939, 0.00015862510672637393, 0.0001585487134399868, 0.0001584727671884355], "client_accs": {"T-shirt": [2.2857142857142856, 2.5714285714285716, 3.4285714285714284, 5.857142857142857, 12.428571428571429, 17.0, 26.428571428571427, 33.42857142857143, 38.857142857142854, 42.857142857142854, 46.857142857142854, 51.142857142857146, 54.57142857142857, 57.0, 58.42857142857143, 59.857142857142854, 61.42857142857143, 62.42857142857143, 63.0, 63.285714285714285, 64.28571428571429, 64.42857142857143], "pullover": [38.285714285714285, 49.0, 53.142857142857146, 57.857142857142854, 59.285714285714285, 59.857142857142854, 60.857142857142854, 61.57142857142857, 62.857142857142854, 62.57142857142857, 63.285714285714285, 64.14285714285714, 64.85714285714286, 65.71428571428571, 66.28571428571429, 66.71428571428571, 67.28571428571429, 67.71428571428571, 68.0, 68.42857142857143, 68.71428571428571, 68.71428571428571], "shirt": [42.714285714285715, 57.0, 63.857142857142854, 67.71428571428571, 70.42857142857143, 70.85714285714286, 72.0, 72.0, 72.42857142857143, 71.71428571428571, 71.71428571428571, 71.85714285714286, 72.0, 72.57142857142857, 73.14285714285714, 73.57142857142857, 74.14285714285714, 74.28571428571429, 74.57142857142857, 74.71428571428571, 74.42857142857143, 74.28571428571429]}}