{"acc_dist": [89.71428571428571, 72.0, 61.57142857142857], "mean_curve": [38.476190476190474, 59.333333333333336, 65.57142857142857, 67.95238095238095, 68.33333333333333, 69.33333333333333, 69.66666666666666, 70.42857142857143, 70.80952380952381, 71.28571428571428, 71.52380952380952, 71.90476190476191, 72.28571428571428, 72.61904761904762, 73.09523809523809, 73.38095238095238, 73.6190476190476, 73.85714285714286, 74.19047619047619, 74.42857142857143, 74.42857142857143, 74.42857142857143], "var_curve": [12.896412691809314, 15.040233268804222, 15.278369396914428, 15.434449203720304, 15.675420914976348, 15.318093580132784, 15.10837643655839, 14.777718104665297, 14.221921056902012, 13.783061674230664, 13.68266858113335, 13.42671381950661, 12.828539611796373, 12.665413471841275, 12.580263850522085, 12.079292075786322, 11.867943063663489, 11.805106700817538, 11.826600556610662, 11.805106700817536, 11.616900660347445, 11.616900660347445], "train_loss": [0.00019400189320246378, 0.00019293085450217836, 0.0001918982820851462, 0.00019090406951450167, 0.0001899478052343641, 0.00018902873709088276, 0.00018814589296068467, 0.00018729818009194875, 0.00018648428931122732, 0.0001857028298434757, 0.00018495230802467892, 0.00018423127631346384, 0.0001835381913752783, 0.0001828716163124357, 0.0001822300964877719, 0.0001816122091951824, 0.0001810166310696375, 0.0001804420564855848, 0.00017988731108960652, 0.0001793512666509265, 0.00017883285525299253, 0.0001783310728413718, 0.00017784495793637774, 0.00017737371580941335, 0.00017691649141765779, 0.0001764725609904244, 0.00017604116527807144, 0.00017562176145258406, 0.00017521371089276815, 0.00017481641400428046, 0.00017442940246491204, 0.00017405220085666293, 0.00017368430892626444, 0.00017332537543205987, 0.00017297495688710894, 0.00017263270914554595, 0.00017229828451360973, 0.00017197137432438985, 0.00017165167345887137, 0.0001713389264685767, 0.00017103283533028194, 0.00017073315523919604, 0.0001704396555821101, 0.00017015214832056137, 0.00016987037091028122, 0.0001695941530522846, 0.00016932331025600435, 0.00016905765093508222, 0.0001687970083384287, 0.00016854124055022286, 0.00016829017372358413, 0.00016804365529900504, 0.00016780156110014234, 0.00016756377404644374, 0.00016733011674313319, 0.00016710054661546434, 0.00016687485078970593, 0.000166652968951634, 0.000166434808855965, 0.00016622024987425122, 0.0001660091571864628, 0.00016580149176574884, 0.00016559714007945289, 0.00016539600633439563, 0.00016519801247687565, 0.00016500305916581837, 0.00016481112511385055, 0.00016462208259673347, 0.00016443583582128796, 0.00016425239543120065, 0.00016407160886696404, 0.00016389346548489162, 0.00016371788723128187, 0.00016354478540874664, 0.00016337414227780842, 0.00016320589397634776, 0.00016303993051960356, 0.0001628762519075757, 0.0001627148333049956, 0.00016255554698762438, 0.00016239839295546215, 0.0001622433108942849, 0.00016209026887303307, 0.00016193918883800507, 0.00016179004950182777, 0.0001616427976460684, 0.00016149742972283135, 0.00016135385703472862, 0.00016121206539017815, 0.0001610720476933888, 0.00016093370460328602, 0.00016079702547618321, 0.00016066201740787145, 0.00016052857750938052, 0.00016039672706808362, 0.0001602664306050255, 0.00016013761361440023, 0.00016001029028778985, 0.0001598844145025526, 0.00015975997206710635, 0.00015963692040670485, 0.0001595152417818705, 0.00015939488297417052, 0.00015927587236676897, 0.00015915813190596443, 0.00015904166513965243, 0.00015892647206783295, 0.00015881249237628212, 0.00015869968349025362, 0.00015858810572397141, 0.00015847765264056978, 0.00015836833843163082, 0.000158260159549259, 0.00015815306987081255, 0.00015804707649208252, 0.00015794211555094945, 0.00015783822607426414, 0.00015773533355622064, 0.00015763347347577414, 0.0001575325997102828, 0.00015743272999922434, 0.00015733377564521064, 0.00015723577567509242, 0.00015713868751412346, 0.00015704257502442316, 0.0001569472998380661, 0.00015685291162558963, 0.0001567594316743669, 0.0001566667819306964, 0.00015657498722984676, 0.00015648400144917623, 0.00015639382813658034, 0.00015630448503153665, 0.00015621591891561235, 0.0001561281475282851, 0.00015604112829480855, 0.0001559548434757051, 0.0001558693356457211, 0.00015578453029905048, 0.000155700466462544, 0.0001556171299446197, 0.000155534456883158, 0.0001554525111402784, 0.00015537121466227942, 0.00015529059228442963, 0.00015521063691093808, 0.00015513134854180474, 0.00015505266331491017, 0.00015497463799658275, 0.00015489723001207623, 0.00015482042516980852, 0.00015474424475715273, 0.0001546686426514671, 0.00015459363304433368, 0.0001545192017441704, 0.00015444535584676833, 0.00015437205632527667, 0.00015429934575444175, 0.00015422714962845757, 0.00015415551406996593, 0.00015408440714790707, 0.00015401379693122136, 0.00015394372954255058, 0.0001538741695029395, 0.0001538051203602836, 0.00015373658211458298, 0.0001536685228347778, 0.00015360094961665925, 0.00015353386955601828, 0.00015346724717389971, 0.00015340108956609454, 0.0001533354109241849, 0.00015327017222132002, 0.00015320539474487305, 0.0001531410643032619, 0.0001530771560612179, 0.00015301367001874106, 0.00015295063455899558, 0.00015288800710723513, 0.000152825823142415, 0.0001527640081587292, 0.0001527026295661926, 0.00015264164479005904, 0.00015258105028243292, 0.00015252086733068737, 0.00015246106400376277, 0.00015240162965797242, 0.00015234258912858508, 0.0001522839069366455, 0.00015222559727373576, 0.00015216768497512454, 0.0001521100742476327, 0.00015205286798023043, 0.00015199599876290277, 0.00015193947369144078, 0.0001518833176011131, 0.00015182749146506897, 0.00015177199173541296, 0.00015171684679530917, 0.00015166200342632476, 0.00015160750775110155], "client_accs": {"T-shirt": [56.714285714285715, 80.42857142857143, 86.71428571428571, 89.28571428571429, 89.71428571428571, 90.14285714285714, 90.14285714285714, 90.28571428571429, 90.0, 89.71428571428571, 89.71428571428571, 89.85714285714286, 89.42857142857143, 89.42857142857143, 89.71428571428571, 89.42857142857143, 89.28571428571429, 89.42857142857143, 89.85714285714286, 90.0, 89.71428571428571, 89.71428571428571], "pullover": [29.285714285714285, 51.142857142857146, 58.857142857142854, 61.285714285714285, 62.714285714285715, 64.14285714285714, 64.71428571428571, 66.14285714285714, 66.42857142857143, 67.57142857142857, 68.14285714285714, 68.28571428571429, 68.85714285714286, 69.57142857142857, 70.28571428571429, 70.42857142857143, 71.0, 71.28571428571429, 71.42857142857143, 71.85714285714286, 72.0, 72.0], "shirt": [29.428571428571427, 46.42857142857143, 51.142857142857146, 53.285714285714285, 52.57142857142857, 53.714285714285715, 54.142857142857146, 54.857142857142854, 56.0, 56.57142857142857, 56.714285714285715, 57.57142857142857, 58.57142857142857, 58.857142857142854, 59.285714285714285, 60.285714285714285, 60.57142857142857, 60.857142857142854, 61.285714285714285, 61.42857142857143, 61.57142857142857, 61.57142857142857]}}