{"acc_dist": [85.71428571428571, 73.14285714285714, 76.28571428571429], "mean_curve": [36.142857142857146, 65.28571428571428, 69.57142857142857, 71.71428571428572, 72.76190476190476, 73.66666666666667, 74.14285714285714, 74.95238095238095, 75.52380952380952, 75.95238095238095, 76.47619047619048, 77.14285714285715, 77.33333333333333, 77.52380952380952, 77.80952380952381, 77.66666666666667, 77.85714285714285, 78.00000000000001, 78.04761904761905, 78.19047619047619, 78.33333333333333, 78.38095238095237], "var_curve": [12.103296902842935, 15.662685845382855, 11.60752746615536, 9.573205236669759, 8.865843141132972, 8.359550596042858, 7.925675146674401, 7.344147870005607, 6.891119527672641, 6.519811079159926, 6.201089802545115, 6.023762469230862, 6.004911066460497, 5.874345623806664, 5.650035618855074, 5.87434562380666, 5.856562108258665, 5.743970515149913, 5.584640419649238, 5.5011851949150765, 5.388742780355584, 5.3418299666210105], "train_loss": [0.0001985748963696616, 0.0001933791736761729, 0.0001887719865356173, 0.00018461161780925026, 0.00018087331383001237, 0.00017756412781420208, 0.00017468282864207312, 0.00017219867379892443, 0.00017005705052898046, 0.0001681968108529136, 0.00016656300141697838, 0.00016511148994877224, 0.0001638087027129673, 0.00016262947803451902, 0.00016155485950765155, 0.0001605701588449024, 0.00015966387731688363, 0.0001588265597820282, 0.00015805045408861978, 0.00015732900372573307, 0.00015665656399159203, 0.00015602817847615197, 0.0001554396322795323, 0.00015488712915352415, 0.00015436728795369464, 0.00015387717457044693, 0.00015341409969897495, 0.00015297568270138332, 0.00015255984096300033, 0.00015216459830602009, 0.00015178835462956202, 0.00015142953112011863, 0.00015108677602949596, 0.00015075882275899252, 0.0001504445927483695, 0.00015014309613477615, 0.00014985338917800357, 0.0001495747019847234, 0.0001493062504700252, 0.00014904738536902835, 0.0001487974716084344, 0.0001485559521686463, 0.00014832233034429095, 0.0001480961520047415, 0.00014787694882778893, 0.0001476643944070453, 0.00014745806654294333, 0.00014725767430805024, 0.00014706291258335114, 0.00014687347270193554, 0.00014668914533796766, 0.00014650965730349222, 0.0001463347992726735, 0.0001461643867549442, 0.00014599818558919998, 0.00014583604676382883, 0.0001456778035277412, 0.00014552328558195204, 0.0001453723758459091, 0.00014522489337694076, 0.00014508077431292762, 0.00014493984835488457, 0.00014480202325752804, 0.00014466716065293268, 0.00014453520732266562, 0.0001444060674735478, 0.00014427959564186277, 0.00014415572796549117, 0.00014403440058231355, 0.00014391552479494187, 0.0001437990190017791, 0.00014368481579281033, 0.00014357284066222962, 0.00014346299781685783, 0.00014335526951721737, 0.00014324958125750225, 0.00014314584788821993, 0.00014304402328672863, 0.00014294407552196866, 0.00014284592654023853, 0.00014274953021889642, 0.00014265482624371847, 0.00014256178977943603, 0.00014247036051182518, 0.00014238048877034866, 0.0001422921639113199, 0.00014220529014155977, 0.0001421198852005459, 0.00014203588522615886, 0.0001419532334520703, 0.0001418719192345937, 0.00014179190354687827, 0.0001417131367183867, 0.00014163561874911898, 0.00014155930706432888, 0.0001414841732808522, 0.00014141016418025608, 0.00014133724783148085, 0.00014126545261769068, 0.00014119470758097513, 0.00014112500562554314, 0.00014105630772454398, 0.00014098858549481345, 0.00014092185312793368, 0.00014085603611809869, 0.00014079114510899497, 0.00014072715881324952, 0.0001406640311082204, 0.000140601797472863, 0.00014054038694926672, 0.00014047978179795403, 0.00014041999266261145, 0.00014036100180376144, 0.00014030274890718008, 0.00014024528009550912, 0.00014018852086294267, 0.00014013250314054036, 0.00014007717016197387, 0.00014002255031040736, 0.00013996858327161698, 0.00013991527614139375, 0.00013986263601552872, 0.00013981062741506668, 0.00013975924324421656, 0.00013970846221560523, 0.0001396582949729193, 0.0001396086776540393, 0.00013955967412108465, 0.0001395112169640405, 0.0001394633168265933, 0.00013941595242137, 0.00013936914503574372, 0.00013932283435549053, 0.0001392770665032523, 0.00013923175278164092, 0.00013918698188804444, 0.00013914265448138825, 0.0001390988202322097, 0.00013905545075734458, 0.00013901254960468836, 0.00013897010613055457, 0.00013892809549967446, 0.00013888651061625708, 0.00013884534793240683, 0.00013880461809181034, 0.0001387643033549899, 0.00013872440726984115, 0.00013868488016582673, 0.00013864575397400631, 0.00013860703579017094, 0.0001385686546564102, 0.000138530670886948, 0.00013849304545493352, 0.0001384557925519489, 0.0001384188944385165, 0.00013838232627936772, 0.00013834610936187561, 0.00013831023304235367, 0.00013827469732080187, 0.00013823945962247394, 0.00013820456252211616, 0.00013816998118445988, 0.00013813570851371404, 0.0001381017445098786, 0.00013806808207716262, 0.00013803471766767048, 0.0001380016441856112, 0.00013796885098729816, 0.00013793635936010451, 0.00013790413737297058, 0.00013787218147800082, 0.0001378405342499415, 0.00013780910344350907, 0.00013777796001661393, 0.00013774706849030088, 0.00013771645015194303, 0.00013768608016627174, 0.00013765595853328704, 0.00013762606041772024, 0.0001375964390380042, 0.00013756705536728813, 0.00013753789521398998, 0.0001375089727696918, 0.00013748024900754293, 0.00013745179488545373, 0.00013742353944551377, 0.0001373955146187828, 0.00013736772750105175, 0.00013734012487388793, 0.00013731275285993304, 0.00013728558307602294, 0.00013725863326163518, 0.00013723186793781464, 0.00013720531903562092, 0.00013717898655505407, 0.00013715283146926334, 0.00013712687506562188, 0.0001371011067004431, 0.0001370755299216225, 0.0001370501553728467, 0.0001370249546709515], "client_accs": {"T-shirt": [39.285714285714285, 80.42857142857143, 81.85714285714286, 83.14285714285714, 83.71428571428571, 84.28571428571429, 84.42857142857143, 84.71428571428571, 84.85714285714286, 84.85714285714286, 85.0, 85.42857142857143, 85.57142857142857, 85.57142857142857, 85.57142857142857, 85.71428571428571, 85.85714285714286, 85.85714285714286, 85.71428571428571, 85.71428571428571, 85.71428571428571, 85.71428571428571], "pullover": [20.0, 43.714285714285715, 54.0, 59.714285714285715, 62.0, 63.857142857142854, 65.14285714285714, 67.0, 68.42857142857143, 69.42857142857143, 70.42857142857143, 71.28571428571429, 71.42857142857143, 71.71428571428571, 72.28571428571429, 71.85714285714286, 72.0, 72.28571428571429, 72.57142857142857, 72.71428571428571, 73.0, 73.14285714285714], "shirt": [49.142857142857146, 71.71428571428571, 72.85714285714286, 72.28571428571429, 72.57142857142857, 72.85714285714286, 72.85714285714286, 73.14285714285714, 73.28571428571429, 73.57142857142857, 74.0, 74.71428571428571, 75.0, 75.28571428571429, 75.57142857142857, 75.42857142857143, 75.71428571428571, 75.85714285714286, 75.85714285714286, 76.14285714285714, 76.28571428571429, 76.28571428571429]}}