{"acc_dist": [93.57142857142857, 75.14285714285714, 50.142857142857146], "mean_curve": [27.76190476190476, 35.666666666666664, 40.666666666666664, 45.76190476190476, 53.333333333333336, 58.47619047619048, 61.85714285714286, 64.47619047619048, 66.57142857142857, 67.52380952380953, 68.42857142857143, 69.14285714285714, 70.04761904761905, 70.90476190476191, 71.0, 71.19047619047619, 72.0, 72.33333333333333, 72.61904761904762, 73.0, 72.95238095238095, 72.95238095238095], "var_curve": [18.10488464676211, 22.945464280893503, 24.33589586730678, 19.803570534014607, 11.290435018301748, 3.55775158940054, 1.8771812708978122, 5.832507230134321, 7.720456086065818, 9.412925932098615, 10.534685179763786, 11.963095178861677, 13.387136344309557, 14.160082503570962, 15.197117521174237, 15.633703924940448, 16.21454793159064, 16.972299694387317, 17.152907107024813, 17.47340058177447, 17.797169129525717, 17.797169129525717], "train_loss": [0.00020458913275173734, 0.00020386392161959692, 0.0002031543141319638, 0.00020245913238752458, 0.00020177723396392095, 0.00020110765383357093, 0.00020044938439414616, 0.00019980165930021378, 0.00019916370511054992, 0.0001985348477250054, 0.00019791454076766967, 0.00019730224495842345, 0.0001966975061666398, 0.00019609993412381124, 0.0001955092733814603, 0.00019492513367107937, 0.00019434737307684761, 0.00019377573615028744, 0.00019321011645453317, 0.00019265037916955493, 0.00019209645333744232, 0.0001915481970423744, 0.00019100563866751534, 0.00019046876402128312, 0.00018993695576985676, 0.00018940981654893784, 0.00018888738183748155, 0.00018836964453969684, 0.00018785671818824043, 0.00018734857439994812, 0.0001868452841327304, 0.00018634688286554247, 0.00018585343446050372, 0.00018536496730077833, 0.00018488157363164993, 0.00018440320733047666, 0.00018392999612149737, 0.00018346193645681652, 0.0001829990567195983, 0.00018254136045773824, 0.0001820889115333557, 0.0001816417205901373, 0.00018119979472387403, 0.00018076307007244656, 0.00018033164242903393, 0.00017990546567099434, 0.00017948453270253683, 0.00017906877256575085, 0.00017865828105381558, 0.00017825294818196976, 0.00017785274201915377, 0.00017745768030484515, 0.00017706766369796935, 0.00017668269574642182, 0.00017630274097124737, 0.00017592773196243105, 0.00017555759776206244, 0.00017519233837014152, 0.00017483186154138475, 0.0001744761247010458, 0.00017412508527437842, 0.00017377863327662147, 0.00017343677225567045, 0.00017309942415782382, 0.00017276649318990252, 0.0001724379864476976, 0.00017211376556328363, 0.0001717938127971831, 0.00017147806428727646, 0.00017116646681513106, 0.00017085892813546318, 0.00017055539502984, 0.00017025581782772426, 0.00016996014331068312, 0.0001696682898771195, 0.0001693802114043917, 0.0001690958546740668, 0.00016881513098875684, 0.0001685380226089841, 0.00016826443019367398, 0.00016799435374282657, 0.00016772769391536712, 0.0001674644223281315, 0.00016720446802320936, 0.00016694778487795874, 0.00016669430903026037, 0.00016644400854905444, 0.00016619683021590825, 0.00016595273145607542, 0.00016571165195533206, 0.0001654735952615738, 0.00016523840171950204, 0.00016500613164334066, 0.00016477668923991066, 0.00016455007450921194, 0.00016432623068491617, 0.00016410508326121737, 0.0001638866393339066, 0.00016367079956190926, 0.00016345760297207604, 0.00016324696441491447, 0.00016303884486357372, 0.00016283322303068068, 0.00016263006343728023, 0.00016242933060441698, 0.00016223098905313583, 0.0001620349855650039, 0.00016184131304423013, 0.00016164992891606832, 0.00016146082608472733, 0.00016127394068808784, 0.00016108927982194082, 0.0001609067689804804, 0.00016072639042422887, 0.00016054814415318626, 0.0001603719875926063, 0.00016019788881142935, 0.00016002580168701351, 0.00015985575105462757, 0.000159687673052152, 0.0001595215570359003, 0.00015935738526639482, 0.00015919507968993415, 0.00015903470062074207, 0.00015887615581353508, 0.00015871943462462653, 0.00015856456188928514, 0.00015841146664960043, 0.00015826013471399034, 0.00015811054124718622, 0.00015796270753656115, 0.00015781657326789132, 0.00015767208877063934, 0.00015752928242796944, 0.00015738814714409056, 0.0001572486190568833, 0.00015711068042687006, 0.00015697434899352846, 0.00015683956089473905, 0.00015670634096577054, 0.0001565746608234587, 0.00015644447789305732, 0.00015631579217456637, 0.00015618855754534404, 0.00015606282722382318, 0.00015593850896472022, 0.00015581561695961728, 0.00015569415475640979, 0.00015557406558876945, 0.00015545536364827835, 0.00015533803474335444, 0.00015522200082029617, 0.00015510734702859608, 0.0001549939846708661, 0.0001548819172950018, 0.0001547711342573166, 0.00015466163555781046, 0.0001545533821696327, 0.00015444634216172355, 0.00015434059713568006, 0.0001542360016277858, 0.00015413262659595128, 0.00015403044720490772, 0.00015392940314043135, 0.00015382955116885046, 0.00015373084871541886, 0.00015363324965749468, 0.00015353680366561527, 0.00015344143978187016, 0.0001533472076767967, 0.0001532539902698426, 0.00015316190109366463, 0.0001530708514508747, 0.0001529808555330549, 0.0001528919026965187, 0.00015280395391441525, 0.00015271703047411783, 0.00015263110399246215, 0.0001525461602778662, 0.0001524622312613896, 0.000152379253080913, 0.0001522972257364364, 0.00015221615632375084, 0.00015213600936390105, 0.00015205682743163335, 0.0001519785395690373, 0.00015190116351559047, 0.00015182468862760636, 0.00015174909716560725, 0.00015167435719853355, 0.0001516005467800867, 0.00015152756302129654, 0.00015145544494901385, 0.00015138415708428337, 0.00015131373490606036, 0.00015124412164801643, 0.00015117531021436055, 0.00015110732898825693, 0.00015104014249075028, 0.00015097373653025854, 0.0001509081217504683], "client_accs": {"T-shirt": [2.2857142857142856, 3.5714285714285716, 6.857142857142857, 18.428571428571427, 38.0, 54.142857142857146, 64.42857142857143, 72.71428571428571, 77.42857142857143, 80.57142857142857, 82.85714285714286, 84.85714285714286, 87.42857142857143, 89.0, 90.28571428571429, 90.57142857142857, 92.0, 93.0, 93.28571428571429, 93.57142857142857, 93.57142857142857, 93.57142857142857], "pullover": [38.285714285714285, 47.57142857142857, 52.0, 54.142857142857146, 57.142857142857146, 58.42857142857143, 60.0, 60.0, 62.142857142857146, 63.285714285714285, 64.42857142857143, 66.71428571428571, 67.85714285714286, 69.28571428571429, 69.57142857142857, 70.71428571428571, 71.71428571428571, 72.57142857142857, 73.28571428571429, 74.57142857142857, 75.14285714285714, 75.14285714285714], "shirt": [42.714285714285715, 55.857142857142854, 63.142857142857146, 64.71428571428571, 64.85714285714286, 62.857142857142854, 61.142857142857146, 60.714285714285715, 60.142857142857146, 58.714285714285715, 58.0, 55.857142857142854, 54.857142857142854, 54.42857142857143, 53.142857142857146, 52.285714285714285, 52.285714285714285, 51.42857142857143, 51.285714285714285, 50.857142857142854, 50.142857142857146, 50.142857142857146]}}