{"acc_dist": [85.85714285714286, 73.14285714285714, 61.142857142857146], "mean_curve": [25.19047619047619, 50.047619047619044, 60.523809523809526, 64.23809523809524, 66.52380952380952, 67.33333333333333, 67.95238095238095, 68.71428571428572, 69.19047619047619, 70.14285714285715, 70.38095238095238, 70.85714285714286, 71.19047619047619, 71.80952380952381, 72.19047619047619, 72.38095238095238, 72.76190476190476, 73.19047619047619, 73.47619047619047, 73.52380952380952, 73.38095238095238, 73.38095238095238], "var_curve": [8.84125559259061, 8.225010252321493, 11.763157827988527, 13.03283834333284, 12.807487889189906, 11.889704763579259, 11.630556361148043, 11.535806427466303, 11.306691374636074, 11.229213600926743, 11.390611561546276, 10.884051866562087, 10.842303978193728, 10.785057270012999, 11.07201739345625, 10.717354058000282, 10.540065015052898, 10.342655439583693, 10.332126328453413, 10.151460692679223, 10.090969447931798, 10.090969447931798], "train_loss": [0.0002007099702244713, 0.0001995048281692323, 0.000198335044440769, 0.00019720224397523062, 0.0001961074343749455, 0.00019505130393164503, 0.00019403388102849325, 0.0001930548818338485, 0.00019211365353493463, 0.00019120923819996062, 0.0001903404082570757, 0.00018950584388914562, 0.00018870405498005094, 0.0001879335159347171, 0.00018719259472120377, 0.0001864797409091677, 0.00018579338987668355, 0.00018513206924710953, 0.00018449428180853525, 0.00018387867226487113, 0.00018328394208635602, 0.0001827088672490347, 0.00018215231242634002, 0.00018161319551013766, 0.00018109049470651717, 0.00018058333013738903, 0.00018009084321203683, 0.00017961223210607256, 0.00017914674821354094, 0.00017869372453008377, 0.0001782525366260892, 0.0001778225920030049, 0.00017740333718912942, 0.0001769942967664628, 0.000176595002412796, 0.00017620499290171124, 0.00017582388860838756, 0.00017545130281221297, 0.00017508689491521745, 0.00017473032077153523, 0.00017438127881004695, 0.00017403945681594666, 0.0001737046241760254, 0.0001733765041544324, 0.00017305486259006317, 0.00017273945822602224, 0.00017243009238016038, 0.000172126523795582, 0.00017182863184383936, 0.0001715361610764549, 0.0001712489908649808, 0.00017096692607516335, 0.0001706898176953906, 0.00017041750961825958, 0.00017014989185900917, 0.00016988678702286315, 0.0001696280851250603, 0.00016937367618083954, 0.0001691233792475292, 0.00016887715884617398, 0.00016863485886937097, 0.00016839637288025447, 0.00016816161218143643, 0.0001679304738839467, 0.00016770289767356148, 0.00016747872034708657, 0.00016725793480873108, 0.00016704040978636058, 0.00016682606367837815, 0.00016661485036214194, 0.00016640664211341313, 0.0001662014318364007, 0.00016599909890265693, 0.00016579959009374893, 0.00016560287702651252, 0.0001654088284288134, 0.00016521742301327843, 0.00016502861110937028, 0.0001648423004718054, 0.00016465848400479274, 0.00016447704462778002, 0.0001642980036281404, 0.0001641212510211127, 0.0001639467655193238, 0.0001637744690690722, 0.0001636043687661489, 0.00016343639720053902, 0.00016327048696222757, 0.0001631066238596326, 0.00016294474048273905, 0.00016278483683154697, 0.000162626856139728, 0.0001624707274493717, 0.00016231646495206014, 0.00016216400478567396, 0.00016201331501915342, 0.0001618643637214388, 0.00016171714379673913, 0.0001615715878350394, 0.00016142767100107102, 0.0001612853826511474, 0.00016114466601894017, 0.00016100550336497173, 0.0001608679195245107, 0.00016073179032121386, 0.0001605971654256185, 0.0001604639809756052, 0.00016033222987538293, 0.00016020189438547408, 0.00016007289645217715, 0.0001599452786502384, 0.00015981896647385187, 0.00015969400249776387, 0.0001595703157640639, 0.00015944788853327433, 0.00015932669242223101, 0.00015920675226620265, 0.0001590880219425474, 0.00015897045178072793, 0.00015885406661601294, 0.00015873882742155167, 0.00015862473419734412, 0.00015851174082074846, 0.0001583998401959737, 0.00015828902877512433, 0.00015817927107924506, 0.0001580705883957091, 0.0001579629346018746, 0.00015785628131457737, 0.00015775063917750401, 0.0001576459656159083, 0.0001575422961087454, 0.00015743957034179142, 0.00015733778476715088, 0.00015723692519324165, 0.00015713698097637722, 0.00015703796630813963, 0.00015693981732640947, 0.00015684257305803755, 0.0001567461731887999, 0.0001566506319102787, 0.00015655594922247388, 0.00015646207190695262, 0.0001563690354426702, 0.00015627679015908923, 0.00015618536089147841, 0.00015609469087350938, 0.00015600481558413731, 0.0001559157030923026, 0.00015582735339800515, 0.00015573973811808088, 0.00015565286434832072, 0.00015556672144503823, 0.0001554812810250691, 0.00015539655018420446, 0.00015531250763507116, 0.00015522917111714682, 0.00015514651934305827, 0.00015506453457332794, 0.00015498319552058266, 0.00015490253411588214, 0.00015482249004500253, 0.00015474309878689904, 0.00015466433550630296, 0.0001545862002032144, 0.00015450867868605116, 0.00015443176385902224, 0.00015435543798265005, 0.0001542797117006211, 0.00015420456727345785, 0.00015413000115326473, 0.00015405599914845966, 0.00015398258964220682, 0.00015390969812870026, 0.0001538373813742683, 0.00015376559325626916, 0.00015369436570576258, 0.00015362362421694254, 0.00015355346103509266, 0.0001534837874628249, 0.00015341461769172125, 0.00015334596236546834, 0.00015327781793617067, 0.00015321016311645508, 0.00015314299435842608, 0.00015307630811418806, 0.0001530101008358456, 0.00015294435833181652, 0.00015287910188947404, 0.00015281430667354946, 0.00015274993720508758, 0.0001526860502504167, 0.00015262260323479061, 0.00015255958551452274, 0.00015249701482909067, 0.00015243486279533023, 0.0001523731542485101, 0.0001523118679012571, 0.00015225097182251158, 0.00015219050503912428, 0.00015213044981161755], "client_accs": {"T-shirt": [27.0, 60.0, 77.14285714285714, 82.57142857142857, 84.28571428571429, 83.71428571428571, 83.71428571428571, 84.28571428571429, 84.57142857142857, 85.28571428571429, 85.57142857142857, 85.28571428571429, 85.42857142857143, 85.71428571428571, 86.42857142857143, 86.14285714285714, 86.28571428571429, 86.28571428571429, 86.42857142857143, 86.14285714285714, 85.85714285714286, 85.85714285714286], "pullover": [13.571428571428571, 39.857142857142854, 51.57142857142857, 56.714285714285715, 60.714285714285715, 62.42857142857143, 64.14285714285714, 65.14285714285714, 65.28571428571429, 66.71428571428571, 67.42857142857143, 68.28571428571429, 69.0, 70.28571428571429, 70.71428571428571, 71.0, 71.42857142857143, 72.28571428571429, 72.85714285714286, 73.14285714285714, 73.14285714285714, 73.14285714285714], "shirt": [35.0, 50.285714285714285, 52.857142857142854, 53.42857142857143, 54.57142857142857, 55.857142857142854, 56.0, 56.714285714285715, 57.714285714285715, 58.42857142857143, 58.142857142857146, 59.0, 59.142857142857146, 59.42857142857143, 59.42857142857143, 60.0, 60.57142857142857, 61.0, 61.142857142857146, 61.285714285714285, 61.142857142857146, 61.142857142857146]}}