{"acc_dist": [88.0, 75.71428571428571, 72.42857142857143], "mean_curve": [44.952380952380956, 67.09523809523809, 70.47619047619048, 72.28571428571428, 73.76190476190476, 74.33333333333333, 74.95238095238095, 75.57142857142857, 76.0, 76.3809523809524, 76.61904761904762, 77.0, 76.99999999999999, 77.19047619047619, 77.57142857142857, 77.80952380952381, 78.09523809523809, 78.14285714285715, 78.23809523809524, 78.33333333333333, 78.71428571428572, 78.71428571428572], "var_curve": [16.856470258306185, 14.292538052806774, 11.463241064010212, 9.75412000863518, 8.65855193100729, 8.553420235930556, 8.326936320203583, 8.0946778517622, 7.7204560860658225, 7.466326522864624, 7.432538623208594, 7.275903758998194, 7.318785818039776, 7.186848659238179, 6.92329204852111, 6.771622795419622, 6.6602009462170875, 6.640424541792351, 6.771622795419627, 6.902955428712668, 6.70160910721077, 6.70160910721077], "train_loss": [0.00018906496110416594, 0.00018153435417584012, 0.00017673488883745102, 0.0001733174068587167, 0.00017061500677040647, 0.00016833209920497167, 0.00016635446676186154, 0.0001646181373369126, 0.00016307996142478215, 0.00016170772768202282, 0.00016046897641250064, 0.00015934609586284274, 0.00015832468157722838, 0.00015739226979868753, 0.00015653804299377262, 0.00015575240410509565, 0.00015502710427556718, 0.00015435491998990378, 0.0001537297311283293, 0.00015314622649124693, 0.0001525999286345073, 0.00015208695970830464, 0.00015160398469084787, 0.00015114807302043552, 0.00015071673407441092, 0.0001503077717054458, 0.00014991921683152516, 0.0001495494054896491, 0.00014919677660578772, 0.00014886001391070232, 0.00014853788983254206, 0.00014822937548160552, 0.00014793346325556438, 0.00014764931585107532, 0.0001473761491832279, 0.00014711321819396248, 0.0001468599055494581, 0.00014661564358643122, 0.00014637984690212067, 0.0001461520471743175, 0.0001459317725329172, 0.00014571860787414368, 0.0001455121771210716, 0.00014531210064887997, 0.00014511806979065848, 0.00014492975459212348, 0.0001447468889611108, 0.0001445691819701876, 0.00014439640300614493, 0.00014422833209946041, 0.0001440647421848206, 0.00014390544167586735, 0.00014375026736940656, 0.00014359900639170694, 0.0001434515239227386, 0.0001433076744987851, 0.00014316731975192116, 0.00014303033550580341, 0.00014289655855723792, 0.000142765896660941, 0.00014263826111952463, 0.0001425135029213769, 0.0001423915546564829, 0.00014227227086112613, 0.00014215562315214247, 0.00014204147670950206, 0.0001419297428358169, 0.000141820361216863, 0.0001417132467031479, 0.00014160831769307456, 0.00014150551032452355, 0.0001414047429958979, 0.0001413059624887648, 0.00014120909429731824, 0.0001411140922989164, 0.00014102087843985783, 0.00014092942788487391, 0.00014083964484078542, 0.00014075152575969698, 0.00014066499968369803, 0.00014058000984646028, 0.00014049652076902845, 0.00014041447923296974, 0.00014033386749880654, 0.00014025463944389706, 0.00014017674894559952, 0.0001401001392375855, 0.00014002480322406407, 0.00013995069478239333, 0.00013987779972099123, 0.0001398060470819473, 0.00013973543686526162, 0.00013966593713987444, 0.00013959751242683047, 0.00013953013789086115, 0.00013946378514880227, 0.00013939841517380307, 0.00013933404925323668, 0.00013927058095023747, 0.0001392080705790293, 0.0001391464400859106, 0.00013908572849773227, 0.00013902584711710612, 0.00013896679594403222, 0.00013890857143061502, 0.00013885114874158586, 0.0001387944994937806, 0.0001387386094956171, 0.00013868348584288642, 0.00013862908596084232, 0.0001385753779184251, 0.00013852238655090332, 0.0001384700657356353, 0.00013841841902051651, 0.00013836741802238282, 0.00013831705564544314, 0.0001382673212460109, 0.00013821819708460854, 0.00013816967251754943, 0.000138121729805356, 0.00013807436540013267, 0.00013802755446661087, 0.00013798130410058157, 0.00013793558591888063, 0.00013789041411309014, 0.00013784574610846382, 0.0001378015996444793, 0.00013775793214639028, 0.00013771477199736094, 0.0001376720979100182, 0.0001376298779533023, 0.00013758811922300428, 0.00013754681462333317, 0.00013750596415428888, 0.00013746554652849835, 0.0001374255475543794, 0.00013738598142351425, 0.00013734682684852964, 0.00013730807318573907, 0.000137269716887247, 0.00013723176150094894, 0.00013719417864368076, 0.00013715699669860658, 0.00013712018728256225, 0.000137083704272906, 0.00013704758669648851, 0.00013701184874489195, 0.00013697645848705653, 0.00013694139818350474, 0.00013690667493002756, 0.00013687228517872947, 0.00013683820764223733, 0.0001368044458684467, 0.0001367710211447307, 0.00013673789089634306, 0.0001367050657669703, 0.00013667254220871698, 0.00013664030248210544, 0.0001366083643266133, 0.00013657671000276295, 0.00013654533596265883, 0.000136514242206301, 0.00013648341454210733, 0.00013645286006586893, 0.0001364225610381081, 0.0001363925210067204, 0.00013636273997170585, 0.0001363332179330644, 0.0001363039513429006, 0.00013627491536594572, 0.00013624613128957296, 0.00013621757073061807, 0.0001361892656201408, 0.00013616116628760382, 0.00013613331530775344, 0.00013610568784532093, 0.00013607827325661976, 0.00013605108218533651, 0.0001360241004398891, 0.00013599733156817302, 0.00013597075783071063, 0.00013594440051487513, 0.00013591827381224857, 0.0001358923316001892, 0.00013586657033080147, 0.00013584103257883163, 0.00013581566512584686, 0.00013579049280711583, 0.00013576552626632507, 0.00013574071938083287, 0.00013571612182117644, 0.00013569167682102749, 0.00013566744114671436, 0.0001356433722234908, 0.0001356194665034612, 0.0001355957310824167, 0.00013557216241246177, 0.00013554878178096953, 0.0001355255643526713, 0.0001355025065796716, 0.00013547959427038828], "client_accs": {"T-shirt": [65.42857142857143, 86.14285714285714, 86.42857142857143, 86.0, 86.0, 86.42857142857143, 86.71428571428571, 87.0, 86.85714285714286, 86.85714285714286, 87.0, 87.14285714285714, 87.14285714285714, 87.14285714285714, 87.14285714285714, 87.14285714285714, 87.28571428571429, 87.28571428571429, 87.57142857142857, 87.85714285714286, 88.0, 88.0], "pullover": [24.142857142857142, 51.714285714285715, 60.0, 64.14285714285714, 67.28571428571429, 68.42857142857143, 69.57142857142857, 70.42857142857143, 71.57142857142857, 72.28571428571429, 72.85714285714286, 73.42857142857143, 73.71428571428571, 74.0, 74.57142857142857, 75.0, 75.28571428571429, 75.42857142857143, 75.42857142857143, 75.42857142857143, 75.71428571428571, 75.71428571428571], "shirt": [45.285714285714285, 63.42857142857143, 65.0, 66.71428571428571, 68.0, 68.14285714285714, 68.57142857142857, 69.28571428571429, 69.57142857142857, 70.0, 70.0, 70.42857142857143, 70.14285714285714, 70.42857142857143, 71.0, 71.28571428571429, 71.71428571428571, 71.71428571428571, 71.71428571428571, 71.71428571428571, 72.42857142857143, 72.42857142857143]}}