{"acc_dist": [98.85714285714286, 53.0, 43.857142857142854], "mean_curve": [44.952380952380956, 66.0, 69.0, 69.90476190476191, 69.80952380952381, 69.14285714285714, 68.52380952380952, 67.66666666666667, 67.09523809523809, 66.57142857142857, 66.0, 65.47619047619048, 65.33333333333333, 65.19047619047619, 65.23809523809523, 65.19047619047619, 65.09523809523809, 65.14285714285715, 65.04761904761905, 65.14285714285715, 65.19047619047619, 65.23809523809524], "var_curve": [16.856470258306185, 19.475084378883345, 19.071294809589773, 19.42028301261981, 20.052425619925145, 20.734801006740227, 21.40771471766911, 22.309612745668133, 22.705548883772412, 22.933206770731292, 23.441053585478592, 23.87049336554943, 23.961798773329075, 24.05332322729323, 24.119976008080634, 24.145064236487897, 24.119976008080638, 24.095049876923447, 24.1450642364879, 24.112265769608168, 24.087802353519557, 24.06350253381688], "train_loss": [0.00018906496110416594, 0.00018153436127163114, 0.0001766594321954818, 0.00017296485602855683, 0.00016999893600032443, 0.00016753693776471273, 0.000165435838557425, 0.00016362189182213377, 0.00016204319894313815, 0.0001606610452844983, 0.00015944540145851316, 0.00015837250720886957, 0.00015742325357028417, 0.00015658208302089146, 0.00015583627280734834, 0.000155175214722043, 0.00015458992194561732, 0.0001540725997516087, 0.000153616549713271, 0.00015321579717454456, 0.00015286503448372793, 0.00015255953584398542, 0.00015229503313700358, 0.00015206775140194666, 0.0001518742846591132, 0.00015171157462256295, 0.00015157686812537055, 0.00015146760713486446, 0.00015138145713579088, 0.0001513162326245081, 0.00015126983324686687, 0.0001512402579897926, 0.00015122558034601663, 0.00015122394831407638, 0.00015123380081994193, 0.00015125367967855363, 0.00015128241408438907, 0.00015131882613613493, 0.00015136156408559708, 0.00015140918039140247, 0.0001514603410448347, 0.000151513818474043, 0.00015156854121457962, 0.0001516238706452506, 0.0001516805092493693, 0.0001517409405538014, 0.00015180600186189016, 0.0001518737915016356, 0.00015194247166315714, 0.0001520108360619772, 0.00015207786999997639, 0.00015214312289442335, 0.00015220868090788525, 0.00015227703466301872, 0.0001523480032171522, 0.0001524188866217931, 0.00015248268842697144, 0.00015251790129003072, 0.00015260301530361175, 0.00015269026869819277, 0.00015278150992734094, 0.00015287641968045915, 0.00015297411098366692, 0.00015307367202781495, 0.00015317360914888836, 0.0001532724570660364, 0.00015336965875966207, 0.00015346534550189972, 0.00015355939666430153, 0.000153651957710584, 0.00015374324861026946, 0.00015383355674289522, 0.00015392302047638666, 0.00015401167883759452, 0.00015409924089908601, 0.00015418525607812975, 0.00015426900415193467, 0.00015435019064517246, 0.00015442921292214168, 0.00015450706794148403, 0.00015458459300654275, 0.00015466155040831794, 0.00015473753213882447, 0.00015481191376845042, 0.00015488438308238983, 0.00015495452142897105, 0.00015502203433286575, 0.00015508645347186498, 0.0001551472573053269, 0.00015520388526575905, 0.00015525567034880322, 0.0001553020519869668, 0.00015534296631813048, 0.00015537940320514495, 0.0001554135623432341, 0.00015544798402559188, 0.00015548384260563624, 0.00015552102809860592, 0.00015555908992176965, 0.00015559770876453038, 0.0001556367569026493, 0.00015567619530927566, 0.00015571599914914087, 0.0001557560797248568, 0.00015579632705166224, 0.00015583654599530357, 0.00015587670462472098, 0.00015591659716197422, 0.0001559561632928394, 0.00015599524690991358, 0.0001560337699594952, 0.00015607160471734546, 0.00015610870860871813, 0.00015614499293622517, 0.00015618036190668744, 0.0001562148119722094, 0.00015624827572277615, 0.0001562807567062832, 0.00015631221944377536, 0.0001563427100578944, 0.0001563722108091627, 0.0001564007500807444, 0.0001564283420642217, 0.00015645505771750496, 0.0001564808828490121, 0.00015650586003348942, 0.00015653001410620554, 0.00015655337345032465, 0.00015657594870953332, 0.00015659775407541365, 0.00015661880728744324, 0.00015663908351035345, 0.00015665862531889053, 0.00015667741142568134, 0.00015669543473493484, 0.00015671272717771075, 0.00015672920715241204, 0.00015674489949430738, 0.00015675980775129228, 0.0001567738822528294, 0.00015678709106785912, 0.00015679943774427686, 0.00015681091518629164, 0.00015682146307967958, 0.0001568310246581123, 0.000156839635400545, 0.00015684721370538075, 0.00015685378085999262, 0.00015685923752330598, 0.0001568636369137537, 0.00015686689388184322, 0.00015686901907126108, 0.00015686996281147003, 0.00015686970736299242, 0.00015686824563003723, 0.00015686553503785816, 0.0001568615578469776, 0.0001568562998658135, 0.0001568497291633061, 0.000156841849287351, 0.00015683255025318693, 0.00015682186753976913, 0.00015680969116233643, 0.00015679598918982913, 0.00015678072969118755, 0.00015676383461271014, 0.000156745236544382, 0.00015672490355514345, 0.00015670288176763625, 0.00015667917827765147, 0.00015665397757575624, 0.00015662748189199536, 0.0001566000140848614, 0.00015657202118919008, 0.00015654401764983222, 0.00015651667756693704, 0.00015649054376851946, 0.00015646630099841525, 0.00015644437500408716, 0.00015642520572457994, 0.00015640897765046075, 0.00015639576883543104, 0.00015638544445946103, 0.0001563777916488193, 0.0001563726259129388, 0.00015636954988752091, 0.00015636832941146123, 0.00015636862743468512, 0.0001563702275355657, 0.00015637286007404326, 0.00015637629798480443, 0.00015638041709150585, 0.00015638500097252074, 0.0001563899999573117, 0.00015639525793847582, 0.00015640070395810262, 0.00015640626705828165, 0.00015641193659532638, 0.00015641755646183378, 0.00015642325438204268, 0.00015642888134434108], "client_accs": {"T-shirt": [65.42857142857143, 92.85714285714286, 95.85714285714286, 96.85714285714286, 97.42857142857143, 97.71428571428571, 98.14285714285714, 98.57142857142857, 98.57142857142857, 98.57142857142857, 98.71428571428571, 98.85714285714286, 98.85714285714286, 98.85714285714286, 99.0, 99.0, 98.85714285714286, 98.85714285714286, 98.85714285714286, 98.85714285714286, 98.85714285714286, 98.85714285714286], "pullover": [24.142857142857142, 47.285714285714285, 57.714285714285715, 61.0, 61.57142857142857, 60.57142857142857, 59.142857142857146, 57.714285714285715, 56.857142857142854, 55.142857142857146, 54.285714285714285, 53.142857142857146, 52.857142857142854, 52.57142857142857, 52.57142857142857, 52.42857142857143, 52.42857142857143, 52.57142857142857, 52.285714285714285, 52.714285714285715, 52.857142857142854, 53.0], "shirt": [45.285714285714285, 57.857142857142854, 53.42857142857143, 51.857142857142854, 50.42857142857143, 49.142857142857146, 48.285714285714285, 46.714285714285715, 45.857142857142854, 46.0, 45.0, 44.42857142857143, 44.285714285714285, 44.142857142857146, 44.142857142857146, 44.142857142857146, 44.0, 44.0, 44.0, 43.857142857142854, 43.857142857142854, 43.857142857142854]}}