{"acc_dist": [86.57142857142857, 82.42857142857143, 69.42857142857143], "mean_curve": [25.19047619047619, 70.19047619047619, 73.71428571428572, 74.38095238095237, 75.66666666666667, 76.85714285714285, 77.28571428571429, 77.52380952380952, 77.76190476190476, 78.04761904761905, 78.19047619047619, 78.42857142857143, 78.47619047619048, 78.66666666666667, 78.85714285714285, 78.80952380952381, 78.90476190476191, 79.14285714285715, 79.33333333333333, 79.38095238095238, 79.38095238095238, 79.47619047619048], "var_curve": [8.84125559259061, 12.016051245244611, 10.732999530027225, 9.509274622960223, 9.463379711052262, 9.107819769427858, 8.76061067047999, 8.547851170743918, 8.413087741814772, 8.223355930910442, 7.839663096097785, 7.638071487909877, 7.573973815975291, 7.3608019872627795, 7.425823667638305, 7.349703435484264, 7.415128251360661, 7.454168354037904, 7.527124043875062, 7.46176953109297, 7.434368922096972, 7.303277927117768], "train_loss": [0.0002007099702244713, 0.0001894062970365797, 0.00018207766115665435, 0.0001771283894777298, 0.00017338453304199946, 0.00017036330841836475, 0.00016784056666351499, 0.00016568755110104878, 0.00016382020499025075, 0.0001621797787291663, 0.00016072374014627368, 0.00015942043491772243, 0.00015824570542290097, 0.00015718051010654087, 0.00015620963204474676, 0.00015532058619317554, 0.00015450303043637958, 0.00015374834693613509, 0.00015304920574029288, 0.00015239933062167395, 0.00015179342457226344, 0.0001512268859715689, 0.00015069571634133657, 0.00015019648841449194, 0.00014972615454878125, 0.00014928201124781655, 0.0001488617772147769, 0.00014846334145182652, 0.0001480848306701297, 0.00014772471572671619, 0.00014738147457440693, 0.00014705387964135123, 0.00014674073173886253, 0.00014644099133355275, 0.00014615376435575032, 0.0001458781709273656, 0.00014561345534665245, 0.00014535893286977494, 0.000145113943588166, 0.00014487794112591517, 0.0001446503542718433, 0.00014443073244321914, 0.00014421860376993815, 0.00014401353895664216, 0.00014381517611798786, 0.00014362314982073647, 0.00014343714785008203, 0.00014325682251226335, 0.0001430819360982804, 0.00014291218703701384, 0.00014274733052367257, 0.00014258714658873422, 0.00014243141526267642, 0.0001422799023843947, 0.00014213248377754575, 0.00014198891463733853, 0.00014184907788322083, 0.00014171276773725238, 0.00014157986357098533, 0.00014145024120807648, 0.0001413237445411228, 0.00014120025648957206, 0.00014107965997287204, 0.0001409618698415302, 0.0001408467512755167, 0.00014073421202954792, 0.00014062416340623584, 0.00014051652380398343, 0.00014041119388171606, 0.00014030808494204568, 0.00014020711893127078, 0.00014010826037043618, 0.00014001140282267617, 0.0001399164753300803, 0.00013982342467421576, 0.00013973217280138108, 0.00013964267713682994, 0.00013955486672265189, 0.00013946870253199621, 0.00013938412070274353, 0.0001393010715643565, 0.00013921951963787984, 0.00013913941170488084, 0.00013906068745113553, 0.00013898332913716635, 0.00013890730128401801, 0.00013883253648167565, 0.0001387590134427661, 0.00013868671087991622, 0.00013861559331417085, 0.00013854558269182842, 0.0001384767038481576, 0.00013840891066051666, 0.00013834214636257718, 0.0001382764322417123, 0.00013821168669632503, 0.0001381479310137885, 0.00013808511552356538, 0.000138023208294596, 0.00013796222351846244, 0.00013790208668935868, 0.00013784282973834446, 0.00013778439589909143, 0.0001377267851715996, 0.00013766995852901822, 0.0001376139195192428, 0.0001375586362112136, 0.00013750408376966204, 0.00013745027283827466, 0.00013739715729440963, 0.000137344737138067, 0.00013729298398608251, 0.00013724191203003837, 0.00013719149643466586, 0.00013714166978995006, 0.00013709249595801035, 0.00013704392526830945, 0.00013699595062505632, 0.00013694852590560912, 0.00013690170078050522, 0.00013685542912710282, 0.0001368097144932974, 0.00013676452140013376, 0.0001367198782307761, 0.00013667572821889605, 0.00013663207846028466, 0.00013658894314652397, 0.00013654627260707673, 0.00013650409167721158, 0.00013646237906955538, 0.00013642110285304844, 0.0001363803268898101, 0.00013633995538666133, 0.0001363000309183484, 0.00013626051445802054, 0.00013622144148463296, 0.0001361827694234394, 0.00013614449472654436, 0.00013610663158552988, 0.00013606915516512733, 0.00013603205127375465, 0.00013599533765088945, 0.00013595897881757643, 0.0001359230031569799, 0.0001358873609985624, 0.0001358520807254882, 0.00013581715524196622, 0.00013578256326062337, 0.00013574830123356412, 0.00013571438690026602, 0.00013568077768598286, 0.00013564748068650563, 0.00013561451009341647, 0.0001355818481672378, 0.00013554949136007402, 0.00013551742548034305, 0.00013548567181541807, 0.00013545418779055277, 0.00013542298759732928, 0.00013539208897522518, 0.00013536145999318077, 0.00013533111129488263, 0.00013530100385348, 0.00013527116960003263, 0.00013524161208243595, 0.00013521229936963036, 0.00013518324565319788, 0.0001351544296457654, 0.0001351258832783926, 0.00013509756042843774, 0.0001350694823832739, 0.00013504162075973693, 0.00013501400394099099, 0.00013498662128334953, 0.00013495946923891704, 0.00013493252297242482, 0.00013490580731914157, 0.00013487929744379862, 0.00013485300399008253, 0.00013482692341009773, 0.0001348010627996354, 0.00013477540087132229, 0.00013474992698147184, 0.00013472466951324825, 0.0001346996071792784, 0.00013467471514429368, 0.00013465005017462232, 0.00013462555550393604, 0.00013460124177592142, 0.00013457711253847394, 0.00013455316779159362, 0.00013452941817896705, 0.00013450583886532558, 0.0001344824227548781, 0.00013445920177868436, 0.0001344361369098936, 0.00013441324234008789, 0.0001343905038776852, 0.00013436794281005858, 0.00013434552720614844, 0.00013432329254490987], "client_accs": {"T-shirt": [27.0, 86.14285714285714, 87.0, 85.85714285714286, 86.85714285714286, 87.14285714285714, 87.14285714285714, 87.0, 86.85714285714286, 87.0, 86.57142857142857, 86.42857142857143, 86.42857142857143, 86.28571428571429, 86.28571428571429, 86.0, 86.14285714285714, 86.28571428571429, 86.71428571428571, 86.71428571428571, 86.57142857142857, 86.57142857142857], "pullover": [13.571428571428571, 67.28571428571429, 73.42857142857143, 74.71428571428571, 76.42857142857143, 78.42857142857143, 78.85714285714286, 79.28571428571429, 79.85714285714286, 80.0, 80.28571428571429, 80.71428571428571, 80.71428571428571, 81.0, 81.57142857142857, 81.71428571428571, 81.85714285714286, 82.28571428571429, 82.28571428571429, 82.28571428571429, 82.42857142857143, 82.42857142857143], "shirt": [35.0, 57.142857142857146, 60.714285714285715, 62.57142857142857, 63.714285714285715, 65.0, 65.85714285714286, 66.28571428571429, 66.57142857142857, 67.14285714285714, 67.71428571428571, 68.14285714285714, 68.28571428571429, 68.71428571428571, 68.71428571428571, 68.71428571428571, 68.71428571428571, 68.85714285714286, 69.0, 69.14285714285714, 69.14285714285714, 69.42857142857143]}}