{"acc_dist": [85.57142857142857, 60.142857142857146, 66.14285714285714], "mean_curve": [44.952380952380956, 54.952380952380956, 58.76190476190476, 60.095238095238095, 61.61904761904762, 62.42857142857142, 63.714285714285715, 64.61904761904762, 65.76190476190476, 66.33333333333333, 66.95238095238095, 67.38095238095238, 67.95238095238095, 68.47619047619048, 68.76190476190476, 69.19047619047619, 69.66666666666667, 69.90476190476191, 70.19047619047619, 70.38095238095238, 70.61904761904762, 70.61904761904762], "var_curve": [16.856470258306185, 14.123523742412667, 14.160082503570965, 14.771425501212414, 15.079081033247887, 15.02243220612944, 14.995237339140152, 14.800870232428506, 14.3637550911125, 14.221921056902014, 13.76396425518973, 13.528671158345807, 13.494939002633812, 12.941171620162306, 12.536929575243022, 12.28146844315375, 11.897712198383164, 11.555446537075142, 11.412091292326712, 11.253621236282356, 10.964589468932349, 10.852964943855772], "train_loss": [0.00018906496110416594, 0.00018823492739881788, 0.00018743821907611118, 0.00018667397399743397, 0.00018594118101256235, 0.0001852386480286008, 0.00018456511554263886, 0.0001839192495459602, 0.0001832996095929827, 0.000182704787169184, 0.00018213340923899698, 0.0001815840992189589, 0.00018105552664824894, 0.00018054644976343428, 0.00018005561970529103, 0.0001795819579135804, 0.00017912432906173523, 0.00017868176102638243, 0.00017825338812101454, 0.00017783825596173603, 0.00017743561239469622, 0.00017704465914340244, 0.00017666482499667578, 0.0001762953471569788, 0.00017593573601472944, 0.000175585388427689, 0.00017524382188206626, 0.00017491062127408525, 0.00017458526506310417, 0.0001742674091032573, 0.0001739567234402611, 0.00017365277523086184, 0.00017335534805343266, 0.00017306407647473473, 0.00017277869440260386, 0.00017249894638856253, 0.00017222464084625246, 0.00017195549394403184, 0.00017169133183502015, 0.0001714319239060084, 0.00017117713533696676, 0.00017092676034995486, 0.00017068064993336089, 0.00017043865152767726, 0.00017020061966918764, 0.0001699664124420711, 0.00016973591276577544, 0.0001695089964639573, 0.00016928555000396002, 0.00016906547049681345, 0.0001688486337661743, 0.00016863496175834112, 0.00016842437641961233, 0.0001682167500257492, 0.0001680120470977965, 0.0001678101434594109, 0.0001676110000837417, 0.00016741454601287842, 0.00016722066416626887, 0.0001670293403523309, 0.00016684048232578098, 0.00016665405815555935, 0.00016647000752744224, 0.00016628823819614594, 0.00016610873951798395, 0.00016593143698715026, 0.0001657563057683763, 0.00016558329264322917, 0.00016541232665379842, 0.00016524341134797958, 0.00016507646512417564, 0.00016491147379080453, 0.0001647483770336424, 0.0001645871748526891, 0.0001644278069337209, 0.00016427020941461835, 0.0001641144071306501, 0.0001639603362196968, 0.00016380796829859416, 0.00016365730336734223, 0.000163508245632762, 0.00016336085540907724, 0.00016321502980731783, 0.00016307078656696138, 0.00016292805827799298, 0.00016278689815884544, 0.0001626471926768621, 0.0001625089808588936, 0.00016237222367808933, 0.00016223685372443428, 0.00016210293131215233, 0.0001619703748396465, 0.00016183918075902122, 0.00016170932068711237, 0.000161580808815502, 0.0001614535848299662, 0.00016132763099102745, 0.00016120296858605884, 0.0001610795585882096, 0.00016095736551852453, 0.00016083638228121257, 0.00016071660887627374, 0.00016059800272896177, 0.00016048058157875427, 0.00016036429575511387, 0.00016024912751856304, 0.0001601350910606838, 0.0001600221757377897, 0.0001599102999482836, 0.00015979954174586702, 0.00015968980533736092, 0.00015958112620172046, 0.00015947347595578147, 0.0001593668439558574, 0.00015926120891457513, 0.00015915655309245699, 0.00015905289777687616, 0.00015895017200992222, 0.00015884841481844585, 0.00015874756943611872, 0.0001586476677940005, 0.00015854868860471817, 0.0001584505821977343, 0.00015835340179148175, 0.00015825705514067696, 0.0001581615883679617, 0.00015806697663806732, 0.00015797320575941176, 0.00015788027218409948, 0.00015778815462475732, 0.0001576968176024301, 0.00015760630014396848, 0.00015751658096199944, 0.0001574276281254632, 0.0001573394416343598, 0.0001572520143928982, 0.00015716533220949628, 0.0001570793737967809, 0.0001569941568942297, 0.00015690967440605165, 0.00015682588730539594, 0.00015674278494857605, 0.0001566603992666517, 0.00015657867349329446, 0.000156497618272191, 0.00015641723715123678, 0.00015633750884305864, 0.00015625844044344768, 0.00015617998582976203, 0.00015610219112464357, 0.0001560250031096595, 0.0001559484253327052, 0.00015587247553325835, 0.0001557970969449906, 0.00015572232149896166, 0.0001556481279077984, 0.00015557450907570974, 0.00015550147564638228, 0.00015542900278454734, 0.00015535707629862287, 0.00015528569264071327, 0.00015521485890660966, 0.00015514456090472993, 0.00015507479153928304, 0.00015500553661868685, 0.00015493681388241906, 0.00015486858430362882, 0.00015480086207389832, 0.00015473363654954094, 0.00015466691482634773, 0.00015460066142536344, 0.0001545349189213344, 0.00015446960926055906, 0.0001544047963051569, 0.000154340426836695, 0.0001542765008551734, 0.00015421306093533834, 0.0001541500361192794, 0.00015408747962542942, 0.00015402534533114662, 0.00015396363678432646, 0.00015390237527234212, 0.00015384151822044737, 0.00015378108336811975, 0.00015372104942798615, 0.00015366143413952417, 0.0001536022091195697, 0.00015354337436812265, 0.0001534849831036159, 0.00015342692179339272, 0.0001533692791348412, 0.00015331199836163292, 0.00015325511140482767, 0.00015319856859388804, 0.00015314241250356038, 0.0001530866360380536, 0.0001530311895268304, 0.0001529760942572639, 0.0001529213750646228, 0.0001528669964699518, 0.00015281296556904204], "client_accs": {"T-shirt": [65.42857142857143, 73.42857142857143, 76.85714285714286, 79.14285714285714, 81.14285714285714, 82.14285714285714, 83.28571428571429, 83.85714285714286, 84.57142857142857, 84.85714285714286, 85.14285714285714, 85.42857142857143, 86.14285714285714, 86.0, 85.85714285714286, 86.0, 86.0, 85.85714285714286, 85.85714285714286, 85.85714285714286, 85.71428571428571, 85.57142857142857], "pullover": [24.142857142857142, 39.142857142857146, 42.285714285714285, 43.142857142857146, 44.42857142857143, 45.714285714285715, 46.857142857142854, 47.857142857142854, 49.714285714285715, 50.285714285714285, 51.857142857142854, 52.857142857142854, 53.857142857142854, 55.142857142857146, 56.142857142857146, 57.0, 58.0, 58.857142857142854, 59.0, 59.42857142857143, 60.0, 60.142857142857146], "shirt": [45.285714285714285, 52.285714285714285, 57.142857142857146, 58.0, 59.285714285714285, 59.42857142857143, 61.0, 62.142857142857146, 63.0, 63.857142857142854, 63.857142857142854, 63.857142857142854, 63.857142857142854, 64.28571428571429, 64.28571428571429, 64.57142857142857, 65.0, 65.0, 65.71428571428571, 65.85714285714286, 66.14285714285714, 66.14285714285714]}}