{"acc_dist": [81.85714285714286, 53.285714285714285, 73.42857142857143], "mean_curve": [36.142857142857146, 42.333333333333336, 47.1904761904762, 51.47619047619048, 55.42857142857142, 58.19047619047618, 60.61904761904762, 62.57142857142858, 64.0, 64.71428571428571, 65.14285714285715, 65.80952380952381, 66.95238095238095, 67.6190476190476, 68.0, 68.14285714285715, 68.14285714285715, 68.42857142857143, 69.04761904761905, 69.28571428571428, 69.57142857142857, 69.52380952380952], "var_curve": [12.103296902842935, 15.614546389726348, 19.855715376348844, 24.64615804899343, 25.806975801127884, 24.691107582504145, 22.863788716376824, 20.683556846188807, 19.22724823863082, 17.61299767429809, 16.554589145270487, 15.76370296173331, 14.838052448131956, 14.337208778404378, 14.06447737420498, 13.419956709886888, 13.196062080096802, 12.999738354248194, 12.346655794062299, 12.164406648729162, 11.92208263776798, 11.986576013822607], "train_loss": [0.0001985748963696616, 0.00019805241198766801, 0.00019753660474504744, 0.00019702709856487456, 0.00019652348898705982, 0.00019602558442524502, 0.0001955330300898779, 0.0001950456840651376, 0.0001945633050941286, 0.00019408569449470156, 0.00019361276002157304, 0.0001931443242799668, 0.00019268030921618142, 0.0001922205871059781, 0.00019176511537461055, 0.0001913137662978399, 0.00019086652923197976, 0.00019042332612332843, 0.00018998413568451292, 0.00018954892598447345, 0.00018911766509215037, 0.0001886902785017377, 0.00018826686910220554, 0.00018784738367512115, 0.00018743180093311126, 0.0001870201492593402, 0.00018661242865380785, 0.0001862086568559919, 0.00018580886934484753, 0.00018541306612037474, 0.00018502126492205123, 0.00018463350477672757, 0.00018424981051967258, 0.0001838702176298414, 0.00018349469417617434, 0.0001831233501434326, 0.00018275612521739232, 0.00018239312938281467, 0.0001820343058733713, 0.0001816797150032861, 0.00018132934967676797, 0.00018098325601645878, 0.00018064141273498534, 0.0001803038446676163, 0.00017997056955382936, 0.00017964154127098268, 0.00017931678820224035, 0.00017899633163497562, 0.00017868009706338247, 0.0001783681483495803, 0.00017806040743986764, 0.00017775687078634898, 0.00017745752064954667, 0.0001771623215505055, 0.00017687124865395682, 0.00017658425583725882, 0.00017630135374409813, 0.00017602243948550448, 0.00017574751306147804, 0.00017547650706200373, 0.00017520939665181294, 0.0001749461144208908, 0.00017468662489028206, 0.00017443081807522548, 0.00017417876493363153, 0.00017393028807072413, 0.0001736853803907122, 0.00017344399222305842, 0.00017320607034932998, 0.0001729715509074075, 0.00017274036293938046, 0.00017251246741839817, 0.00017228777209917705, 0.00017206626988592601, 0.00017184783660230182, 0.00017163248289199103, 0.0001714201271533966, 0.0001712106948807126, 0.00017100412930761062, 0.00017080039140723998, 0.00017059942086537677, 0.00017040116091569267, 0.00017020555124396368, 0.0001700125421796526, 0.00016982210179169975, 0.00016963415912219456, 0.00016944866095270432, 0.00016926553632531848, 0.0001690847852400371, 0.0001689063154515766, 0.00016873012341204143, 0.0001685561239719391, 0.00016838428165231434, 0.00016821458226158506, 0.00016804694065025876, 0.00016788134262675332, 0.0001677177349726359, 0.0001675560786610558, 0.00016739635950043086, 0.00016723848169758208, 0.00016708246299198694, 0.00016692823952152617, 0.00016677578290303545, 0.0001666250895886194, 0.0001664760531414123, 0.00016632869484878722, 0.0001661829827796845, 0.0001660388708114624, 0.00016589631282147905, 0.00016575533009710768, 0.00016561583394096008, 0.00016547784209251405, 0.00016534132616860528, 0.00016520619747184572, 0.00016507252696014584, 0.00016494021884032656, 0.00016480924118132816, 0.00016467966139316562, 0.00016455133046422684, 0.00016442430870873588, 0.00016429855000405085, 0.0001641740295149031, 0.00016405074369339715, 0.00016392866060847326, 0.0001638077696164449, 0.0001636880352383568, 0.00016356945392631347, 0.00016345197600977764, 0.00016333562277612233, 0.00016322036584218342, 0.00016310616972900572, 0.00016299303798448473, 0.0001628809244859786, 0.0001627698682603382, 0.000162659805445444, 0.00016255073958919161, 0.00016244266359578995, 0.00016233553489049276, 0.00016222933928171794, 0.00016212411934421177, 0.0001620198076679593, 0.00016191640780085606, 0.00016181390200342453, 0.00016171227253618695, 0.0001616115052075613, 0.00016151161775702523, 0.00016141258534931, 0.00016131436895756496, 0.00016121700051284973, 0.0001611204126051494, 0.00016102465490500133, 0.00016092968128976365, 0.0001608354846636454, 0.00016074209340981074, 0.00016064941883087158, 0.0001605575354326339, 0.0001604663474219186, 0.00016037592575663613, 0.00016028621367045813, 0.00016019722890286218, 0.000160108921783311, 0.00016002136326971508, 0.0001599344504731042, 0.00015984824370770224, 0.00015976268620718093, 0.0001596777992589133, 0.0001595935651234218, 0.00015950995896543775, 0.00015942703755128951, 0.00015934471218358905, 0.00015926303962866467, 0.0001591819879554567, 0.000159101535876592, 0.0001590216443652198, 0.00015894240921451934, 0.0001588637168918337, 0.00015878563480717793, 0.00015870814876896993, 0.00015863120555877685, 0.0001585548229160763, 0.0001584790079366593, 0.0001584037428810483, 0.00015832901000976563, 0.00015825484480176653, 0.00015818118694282713, 0.00015810805772032053, 0.00015803545358635131, 0.00015796337454091933, 0.00015789177446138292, 0.00015782071720986138, 0.00015775013892423538, 0.00015768004670029594, 0.00015761048311278933, 0.00015754136656011852, 0.0001574727325212388, 0.00015740458099615007, 0.00015733688005379267, 0.00015726966517312188, 0.00015720289377939135, 0.00015713656942049662, 0.00015707070628801984], "client_accs": {"T-shirt": [39.285714285714285, 54.42857142857143, 66.42857142857143, 75.85714285714286, 80.28571428571429, 81.42857142857143, 82.28571428571429, 82.28571428571429, 82.28571428571429, 81.14285714285714, 80.42857142857143, 80.71428571428571, 81.0, 81.42857142857143, 81.85714285714286, 81.28571428571429, 81.0, 81.14285714285714, 81.28571428571429, 81.57142857142857, 81.85714285714286, 81.85714285714286], "pullover": [20.0, 20.285714285714285, 19.857142857142858, 17.714285714285715, 19.857142857142858, 24.0, 29.0, 34.0, 37.42857142857143, 40.285714285714285, 42.142857142857146, 44.0, 46.42857142857143, 47.857142857142854, 48.714285714285715, 49.714285714285715, 50.0, 50.57142857142857, 52.142857142857146, 52.714285714285715, 53.42857142857143, 53.285714285714285], "shirt": [49.142857142857146, 52.285714285714285, 55.285714285714285, 60.857142857142854, 66.14285714285714, 69.14285714285714, 70.57142857142857, 71.42857142857143, 72.28571428571429, 72.71428571428571, 72.85714285714286, 72.71428571428571, 73.42857142857143, 73.57142857142857, 73.42857142857143, 73.42857142857143, 73.42857142857143, 73.57142857142857, 73.71428571428571, 73.57142857142857, 73.42857142857143, 73.42857142857143]}}