{"acc_dist": [59.42857142857143, 70.14285714285714, 75.42857142857143], "mean_curve": [27.76190476190476, 36.23809523809524, 40.285714285714285, 43.85714285714286, 46.333333333333336, 48.19047619047618, 49.57142857142858, 52.095238095238095, 54.47619047619048, 56.904761904761905, 58.666666666666664, 59.666666666666664, 61.42857142857142, 62.38095238095238, 63.857142857142854, 65.09523809523809, 65.85714285714285, 66.52380952380952, 67.23809523809524, 67.71428571428571, 68.23809523809524, 68.33333333333333], "var_curve": [18.10488464676211, 24.02106029858967, 26.526074965234198, 27.777786848071084, 26.877483010328955, 26.113653564645663, 25.152865973217974, 22.63953958971929, 20.137734348014472, 17.108828660682455, 15.196819096692453, 13.878154582046369, 12.38333310443962, 11.275361938672857, 10.174665081653032, 8.885004820347389, 8.323395434834621, 7.890693160220643, 7.280888535644583, 6.955641766289607, 6.707020723400741, 6.656114097225455], "train_loss": [0.00020458913275173734, 0.00020387624700864157, 0.00020318404549644106, 0.00020251138579277766, 0.00020185723900794985, 0.00020122058334804717, 0.00020060044668969654, 0.0001999959136758532, 0.0001994060973326365, 0.00019883023841040472, 0.00019826757765951613, 0.00019771740550086613, 0.00019717911169642494, 0.00019665210729553583, 0.0001961358884970347, 0.00019562984506289166, 0.00019513365058671862, 0.0001946467870757693, 0.0001941688997404916, 0.00019369964798291524, 0.0001932386557261149, 0.00019278564623423987, 0.00019234031438827514, 0.0001919023905481611, 0.00019147168312753948, 0.00019104790119897752, 0.00019063087446349005, 0.0001902203226373309, 0.00018981613218784334, 0.0001894181150765646, 0.0001890260726213455, 0.00018863985935846966, 0.00018825932982422054, 0.00018788437048594157, 0.00018751475427831923, 0.00018715046346187591, 0.0001867912993544624, 0.0001864371271360488, 0.00018608794325873968, 0.0001857435064656394, 0.00018540380256516594, 0.00018506868609360287, 0.00018473808254514424, 0.0001844118854829243, 0.0001840900168532417, 0.00018377236312343962, 0.0001834588533356076, 0.00018314939524446215, 0.00018284393563157037, 0.00018254236451217105, 0.00018224461092835383, 0.00018195063230537237, 0.000181660329302152, 0.00018137362386499132, 0.00018109045922756195, 0.00018081078926722208, 0.00018053453238237472, 0.0001802615998756318, 0.00017999197400751568, 0.000179725590915907, 0.00017946237254710422, 0.00017920225149109251, 0.00017894520646049864, 0.00017869116294951665, 0.00017844005709602719, 0.00017819184277738845, 0.0001779465199936004, 0.00017770401069096156, 0.00017746418359733764, 0.00017722712741011663, 0.00017699269666558219, 0.00017676091265110742, 0.00017653168312140876, 0.00017630498678911297, 0.00017608079527105602, 0.00017585904825301397, 0.00017563970316024054, 0.00017542272451378052, 0.00017520811940942491, 0.00017499577786241256, 0.0001747857105164301, 0.00017457785705725351, 0.00017437221038909187, 0.00017416870310193016, 0.00017396732100418634, 0.00017376803216480072, 0.00017357080820060912, 0.00017337562782423837, 0.00017318242007777803, 0.00017299120979649682, 0.0001728019118309021, 0.00017261455101626262, 0.0001724290634904589, 0.00017224542441822234, 0.0001720636302516574, 0.00017188361358074912, 0.00017170537795339313, 0.00017152892691748483, 0.0001713541540361586, 0.0001711811302673249, 0.00017100972079095388, 0.0001708400249481201, 0.00017067193984985352, 0.00017050546194825856, 0.00017034057705175311, 0.00017017723194190436, 0.00017001546564556305, 0.00016985520365692317, 0.00016969642468861172, 0.00016953915712379273, 0.00016938333000455583, 0.00016922893268721443, 0.00016907598291124616, 0.0001689244132666361, 0.0001687742450407573, 0.000168625417919386, 0.00016847794609410423, 0.00016833180472964333, 0.00016818699737389882, 0.00016804344242527373, 0.00016790119310220085, 0.00016776018909045627, 0.00016762042329424902, 0.00016748190635726564, 0.00016734454603422255, 0.00016720842747461228, 0.00016707346907683782, 0.00016693967438879465, 0.00016680705050627393, 0.00016667555485452924, 0.00016654514840670995, 0.00016641586309387572, 0.00016628767762865337, 0.0001661605565320878, 0.00016603450335207442, 0.00016590948970544904, 0.00016578554042748044, 0.000165662577464467, 0.00016554067177431924, 0.00016541973465964907, 0.000165299762572561, 0.00016518080873148783, 0.0001650627666995639, 0.00016494568614732648, 0.0001648295812663578, 0.0001647143704550607, 0.0001646000820965994, 0.0001644866807120187, 0.00016437418049290066, 0.00016426257079555877, 0.00016415181968893323, 0.00016404193072091966, 0.00016393290389151802, 0.00016382470017387756, 0.0001637173266637893, 0.00016361077271756673, 0.00016350502059573222, 0.00016340008448986783, 0.00016329595020839148, 0.00016319254679339273, 0.00016308995584646862, 0.00016298811705339525, 0.00016288704460575468, 0.00016278669592880067, 0.00016268709230990636, 0.0001625882089138031, 0.00016249005638417744, 0.00016239260633786517, 0.00016229586587065742, 0.00016219984207834517, 0.00016210444626354035, 0.00016200978486310868, 0.00016191574789228892, 0.00016182241695267814, 0.00016172974237373898, 0.00016163768512862068, 0.00016154629843575613, 0.00016145553262460798, 0.0001613653912430718, 0.0001612758742911475, 0.00016118696048146204, 0.00016109868884086608, 0.0001610109990551358, 0.00016092390886374882, 0.00016083740762301853, 0.00016075147759346734, 0.00016066612232299078, 0.00016058135955106644, 0.0001604971183197839, 0.00016041347668284463, 0.00016033037432602474, 0.00016024779705774215, 0.00016016576971326557, 0.00016008427810101282, 0.0001600033399604616, 0.00015992289497738794, 0.0001598430247533889, 0.00015976358027685258, 0.00015968468217622667, 0.00015960631625992912, 0.00015952841157004948], "client_accs": {"T-shirt": [2.2857142857142856, 2.5714285714285716, 3.2857142857142856, 5.0, 8.857142857142858, 11.714285714285714, 14.571428571428571, 20.714285714285715, 26.714285714285715, 33.42857142857143, 37.714285714285715, 40.57142857142857, 44.42857142857143, 47.0, 50.0, 53.142857142857146, 54.714285714285715, 56.0, 57.57142857142857, 58.57142857142857, 59.285714285714285, 59.42857142857143], "pullover": [38.285714285714285, 49.142857142857146, 53.42857142857143, 58.285714285714285, 59.57142857142857, 61.42857142857143, 61.57142857142857, 62.285714285714285, 62.857142857142854, 63.57142857142857, 65.0, 65.28571428571429, 66.28571428571429, 66.42857142857143, 67.42857142857143, 67.71428571428571, 68.14285714285714, 68.57142857142857, 69.0, 69.14285714285714, 70.0, 70.14285714285714], "shirt": [42.714285714285715, 57.0, 64.14285714285714, 68.28571428571429, 70.57142857142857, 71.42857142857143, 72.57142857142857, 73.28571428571429, 73.85714285714286, 73.71428571428571, 73.28571428571429, 73.14285714285714, 73.57142857142857, 73.71428571428571, 74.14285714285714, 74.42857142857143, 74.71428571428571, 75.0, 75.14285714285714, 75.42857142857143, 75.42857142857143, 75.42857142857143]}}