{"acc_dist": [99.28571428571429, 56.857142857142854, 45.42857142857143], "mean_curve": [25.19047619047619, 69.90476190476191, 71.95238095238095, 72.14285714285715, 71.95238095238095, 71.6190476190476, 71.04761904761905, 70.33333333333333, 69.80952380952381, 69.47619047619048, 68.66666666666667, 68.09523809523809, 67.47619047619047, 67.3809523809524, 67.04761904761905, 67.14285714285714, 67.09523809523809, 67.14285714285715, 66.85714285714285, 67.0, 67.19047619047619, 67.19047619047619], "var_curve": [8.84125559259061, 18.469439119959645, 19.307864998327776, 19.3721168581192, 19.651844985595332, 20.092416863570723, 20.528504600525263, 21.011928369068084, 21.40199410040856, 21.584301845735027, 22.0143222809045, 22.460951250242267, 22.750146395083537, 23.03748301318455, 23.211635990413818, 23.21417582391573, 23.212222130503314, 23.16782897294712, 23.301338608594595, 23.233801320694898, 23.169394935517946, 23.169394935517946], "train_loss": [0.0002007099702244713, 0.00018940631832395282, 0.00018207764341717674, 0.00017682306468486784, 0.00017267009686856044, 0.00016930141974063145, 0.00016646872318926313, 0.00016405639194306873, 0.00016198367235206423, 0.00016019053757190704, 0.00015863146100725449, 0.00015727112690607707, 0.0001560813933610916, 0.00015503945095198497, 0.00015412655969460805, 0.00015332704143864766, 0.00015262772284802936, 0.00015201753803661892, 0.00015148686511175973, 0.00015102749424321312, 0.00015063223739465078, 0.00015029477576414743, 0.00015000953560783748, 0.00014977153922830308, 0.00014957635175614128, 0.00014942001019205365, 0.0001492988672994432, 0.00014920980447814578, 0.00014914983794802713, 0.00014911629614375888, 0.00014910681261902763, 0.00014911907414595285, 0.00014915098391828083, 0.0001492008815209071, 0.00014926643598647346, 0.00014934420230842773, 0.0001494319914352326, 0.00014952837356499264, 0.0001496320856469018, 0.00014974125439212437, 0.000149853453040123, 0.00014996741854009175, 0.00015008717065765744, 0.00015021193949949171, 0.0001503372901961917, 0.00015046120754310063, 0.0001505824639683678, 0.00015069984254382905, 0.00015081236050242466, 0.00015092062808218457, 0.00015102876793770563, 0.00015114105883098783, 0.0001512558616342999, 0.00015137033448332833, 0.00015148558786937168, 0.00015160432883671354, 0.00015172739114080154, 0.00015185392683460597, 0.0001519828609057835, 0.0001521132460662297, 0.00015224416695889975, 0.00015237460178988319, 0.0001525036564895085, 0.0001526305540686562, 0.00015275451044241586, 0.00015287496859119052, 0.00015299158436911449, 0.0001531041661898295, 0.00015321290918758937, 0.0001533182036309015, 0.00015342055686882563, 0.00015352055785201844, 0.00015361850815159934, 0.00015371462064129966, 0.0001538090372369403, 0.0001539019388811929, 0.0001539936839115052, 0.00015408467324007125, 0.0001541753290664582, 0.00015426612326077053, 0.00015435729353200823, 0.00015444873699120112, 0.00015454002789088656, 0.0001546304708435422, 0.0001547190369594665, 0.00015480490312689828, 0.0001548883141506286, 0.0001549714697258813, 0.0001550563992488952, 0.00015514281179223742, 0.00015522923143137068, 0.00015531455122289205, 0.00015539817157245818, 0.00015547973414262138, 0.0001555587812548592, 0.0001556347133148284, 0.00015570689170133498, 0.0001557747522989909, 0.0001558386960199901, 0.0001559008232184819, 0.0001559644227936154, 0.00015603155962058476, 0.00015610189664931522, 0.00015617402891318, 0.0001562467146487463, 0.00015631902785528276, 0.0001563904718274162, 0.00015646064565295265, 0.00015652923711708614, 0.00015659611139978683, 0.0001566611017499651, 0.00015672426848184492, 0.00015678569674491884, 0.00015684557812554493, 0.00015690408647060395, 0.00015696145948909578, 0.00015701783554894583, 0.00015707334947018397, 0.00015712800125281017, 0.0001571817696094513, 0.00015723454100745064, 0.00015728625513258433, 0.00015733671685059866, 0.00015738584455989656, 0.0001574334963446572, 0.00015747951964537304, 0.00015752380092938742, 0.00015756624795141674, 0.00015760676846617743, 0.00015764532344681877, 0.0001576819164412362, 0.00015771659711996713, 0.00015774951094672793, 0.0001577807537146977, 0.00015781047088759287, 0.00015783876180648803, 0.0001578656193755922, 0.00015789090522697993, 0.00015791456614221847, 0.00015793628635860625, 0.0001579558068797702, 0.00015797282258669533, 0.0001579869928814116, 0.0001579979629743667, 0.00015800540645917257, 0.00015800899692944116, 0.0001580083760477248, 0.00015800317838078455, 0.00015799326910859063, 0.0001579785772732326, 0.00015795948604742686, 0.00015793671210606892, 0.00015791161784103937, 0.00015788567208108447, 0.00015786036849021912, 0.0001578366437128612, 0.000157814941235951, 0.0001577953107300259, 0.00015777761027926493, 0.00015776166248889195, 0.0001577473822094145, 0.00015773462397711616, 0.00015772327071144468, 0.0001577132088797433, 0.00015770431430566878, 0.00015769638830707188, 0.00015768928187234063, 0.00015768276438826606, 0.00015767670813060942, 0.00015767087539037068, 0.00015766515973068417, 0.00015765937666098277, 0.00015765340555281868, 0.00015764716125669934, 0.0001576404699257442, 0.00015763331736837115, 0.00015762556876455035, 0.0001576172063748042, 0.00015760818052859535, 0.00015759834221431188, 0.00015758775884196872, 0.00015757633461838677, 0.00015756399148986452, 0.0001575507471958796, 0.00015753657335326786, 0.00015752143448307402, 0.00015750534122898466, 0.00015748832197416394, 0.0001574703696228209, 0.00015745150191443308, 0.00015743177916322434, 0.00015741126168341866, 0.00015739003107661294, 0.00015736818313598634, 0.00015734581720261347, 0.00015732303261756895, 0.00015729994291350957, 0.00015727663323992776, 0.00015725321358158476, 0.0001572297726358686, 0.00015720641683964503], "client_accs": {"T-shirt": [27.0, 94.42857142857143, 95.85714285714286, 96.28571428571429, 97.0, 98.0, 98.42857142857143, 98.85714285714286, 99.0, 99.0, 99.0, 99.0, 99.0, 99.28571428571429, 99.28571428571429, 99.28571428571429, 99.28571428571429, 99.28571428571429, 99.28571428571429, 99.28571428571429, 99.28571428571429, 99.28571428571429], "pullover": [13.571428571428571, 65.42857142857143, 71.42857142857143, 71.28571428571429, 69.85714285714286, 67.57142857142857, 65.71428571428571, 63.285714285714285, 62.142857142857146, 61.42857142857143, 59.57142857142857, 59.0, 57.285714285714285, 57.142857142857146, 56.285714285714285, 56.857142857142854, 56.57142857142857, 56.57142857142857, 55.714285714285715, 56.142857142857146, 56.857142857142854, 56.857142857142854], "shirt": [35.0, 49.857142857142854, 48.57142857142857, 48.857142857142854, 49.0, 49.285714285714285, 49.0, 48.857142857142854, 48.285714285714285, 48.0, 47.42857142857143, 46.285714285714285, 46.142857142857146, 45.714285714285715, 45.57142857142857, 45.285714285714285, 45.42857142857143, 45.57142857142857, 45.57142857142857, 45.57142857142857, 45.42857142857143, 45.42857142857143]}}