{"acc_dist": [99.42857142857143, 65.14285714285714, 42.0], "mean_curve": [27.76190476190476, 68.14285714285714, 72.85714285714286, 73.90476190476191, 73.19047619047619, 72.66666666666667, 72.47619047619048, 71.57142857142857, 71.09523809523809, 70.47619047619048, 70.04761904761905, 69.9047619047619, 69.61904761904762, 69.19047619047619, 68.71428571428571, 68.47619047619048, 68.47619047619048, 68.80952380952381, 68.85714285714285, 68.85714285714286, 68.80952380952381, 68.85714285714285], "var_curve": [18.10488464676211, 11.047824300227962, 17.919320322387414, 19.33603077593228, 20.249240628521008, 20.73031673048031, 21.350758189896837, 21.998453872695592, 22.295886974142086, 22.657561196322067, 22.901544175526304, 23.03069035901222, 23.11118742356143, 23.460006012065893, 23.764433494609708, 23.911495921171657, 23.911495921171657, 23.90495162133027, 23.802189346509174, 23.686156581544466, 23.599358152615498, 23.591766118106303], "train_loss": [0.00020458913275173734, 0.00019751407560848053, 0.00019156355233419507, 0.0001862172782421112, 0.00018138420368943894, 0.00017712418876943134, 0.00017342054772944676, 0.00017020581733612788, 0.0001674023802791323, 0.00016494213115601311, 0.00016277108873639785, 0.00016084754041263035, 0.00015913911163806913, 0.00015761953024637132, 0.0001562668631474177, 0.00015506221424965632, 0.00015398907519522168, 0.00015303301314512888, 0.0001521812840586617, 0.00015142288591180527, 0.00015074815778505233, 0.00015014860246862684, 0.00014961692548933484, 0.00014914656324045998, 0.0001487317965144203, 0.00014836758375167848, 0.00014804935171490623, 0.0001477730664468947, 0.00014753504523209163, 0.00014733204884188517, 0.00014716106866087235, 0.0001470194011926651, 0.000146904665799368, 0.00014681460247153327, 0.00014674724212714605, 0.000146700789531072, 0.00014667299886544544, 0.00014666090054171426, 0.00014666296896480378, 0.00014667769982701256, 0.00014670370235329584, 0.0001467396602744148, 0.00014678437085378739, 0.00014683671295642853, 0.00014689565414474125, 0.0001469602684179942, 0.00014702968654178438, 0.00014710301799433572, 0.0001471793083917527, 0.0001472573975721995, 0.00014733602958066124, 0.000147414193266914, 0.0001474920269988832, 0.00014757101024900164, 0.00014765230317910513, 0.00014773423118250712, 0.00014781507352987924, 0.00014789497213704242, 0.0001479748139778773, 0.00014805202682813007, 0.00014811820572330838, 0.00014820366743065061, 0.00014829460354078385, 0.00014838303128878274, 0.00014847124971094586, 0.0001485624873921985, 0.0001486580925328391, 0.0001487572242816289, 0.0001488588076262247, 0.00014896200526328315, 0.0001490659976289386, 0.00014916985162666868, 0.00014927263415995097, 0.00014937335536593482, 0.00014947131276130677, 0.0001495671059404101, 0.00014966302684375218, 0.00014976073943433308, 0.0001498596121867498, 0.00014995844236442022, 0.00015005651329244886, 0.00015015344534601482, 0.00015024904339086442, 0.00015034320453802743, 0.00015043585073380242, 0.00015052694295133865, 0.0001506164279722032, 0.00015070419581163499, 0.0001507900832664399, 0.00015087378521760306, 0.00015095487591766177, 0.00015103276641595932, 0.00015110702032134645, 0.00015117780083701723, 0.00015124627522059852, 0.0001513135362239111, 0.0001513794312874476, 0.00015144283572832745, 0.00015150260002840131, 0.00015155782302220662, 0.00015160795478593735, 0.00015165279308954874, 0.00015169318588007064, 0.000151731190936906, 0.000151769302430607, 0.00015180914174942742, 0.00015185133332297916, 0.00015189580619335175, 0.00015194220202309743, 0.0001519901944058282, 0.00015203947112673804, 0.00015208973771049862, 0.0001521407670917965, 0.00015219228253478097, 0.0001522440960009893, 0.00015229597687721252, 0.00015234770874182383, 0.000152399100008465, 0.00015244994489919573, 0.00015250005892344885, 0.0001525493214527766, 0.00015259759766714915, 0.00015264480596496944, 0.00015269084700516292, 0.0001527356853087743, 0.00015277922508262452, 0.00015282146277881804, 0.00015286232034365335, 0.00015290174101080214, 0.00015293967865762258, 0.0001529760587783087, 0.0001530108955644426, 0.0001530440364565168, 0.00015307556305612835, 0.00015310537957009815, 0.00015313351083369483, 0.00015315990362848553, 0.00015318460762500763, 0.00015320758734430585, 0.0001532288534300668, 0.0001532484484570367, 0.00015326636178152902, 0.00015328260049933477, 0.0001532971894457227, 0.0001533101960307076, 0.00015332160606270747, 0.00015333146566436404, 0.0001533398174104236, 0.00015334672871090117, 0.00015335230245476676, 0.00015335655283360255, 0.00015335965724218458, 0.00015336170083000546, 0.00015336286099184129, 0.00015336325480824425, 0.00015336297097660247, 0.00015336214431694575, 0.0001533608990056174, 0.00015335925278209503, 0.00015335731917903535, 0.00015335515496276675, 0.00015335278851645332, 0.00015335019855272202, 0.0001533475127958116, 0.00015334466028781165, 0.00015334167295978185, 0.00015333855790751323, 0.0001533352831999461, 0.00015333186657655808, 0.000153328286749976, 0.0001533245188849313, 0.00015332057717300595, 0.0001533164225873493, 0.00015331207641533444, 0.00015330756704012554, 0.00015330286607855842, 0.00015329808706328983, 0.0001532933045001257, 0.00015328872061911084, 0.000153284463144484, 0.00015328058174678258, 0.00015327710126127514, 0.00015327402878375282, 0.00015327136786211104, 0.00015326912914003646, 0.00015326730552173794, 0.00015326591119879768, 0.00015326494617121558, 0.00015326442463057383, 0.00015326436431634992, 0.000153264772324335, 0.0001532656912292753, 0.00015326713167485736, 0.00015326912559214092, 0.0001532716623374394, 0.0001532747915812901, 0.00015327846720105125, 0.00015328276725042435, 0.00015328770946888698, 0.00015329331159591678, 0.00015329958782309575], "client_accs": {"T-shirt": [2.2857142857142856, 83.14285714285714, 93.57142857142857, 95.71428571428571, 96.71428571428571, 97.28571428571429, 98.28571428571429, 99.0, 99.0, 99.0, 99.0, 99.14285714285714, 99.14285714285714, 99.14285714285714, 99.14285714285714, 99.28571428571429, 99.28571428571429, 99.57142857142857, 99.57142857142857, 99.42857142857143, 99.42857142857143, 99.42857142857143], "pullover": [38.285714285714285, 64.42857142857143, 75.14285714285714, 77.28571428571429, 75.57142857142857, 74.14285714285714, 73.14285714285714, 70.57142857142857, 69.85714285714286, 68.85714285714286, 68.14285714285714, 67.71428571428571, 67.0, 66.57142857142857, 65.85714285714286, 65.14285714285714, 65.14285714285714, 65.57142857142857, 65.42857142857143, 65.42857142857143, 65.0, 65.14285714285714], "shirt": [42.714285714285715, 56.857142857142854, 49.857142857142854, 48.714285714285715, 47.285714285714285, 46.57142857142857, 46.0, 45.142857142857146, 44.42857142857143, 43.57142857142857, 43.0, 42.857142857142854, 42.714285714285715, 41.857142857142854, 41.142857142857146, 41.0, 41.0, 41.285714285714285, 41.57142857142857, 41.714285714285715, 42.0, 42.0]}}