{"acc_dist": [89.71428571428571, 72.0, 61.57142857142857], "mean_curve": [38.476190476190474, 59.333333333333336, 65.57142857142857, 67.95238095238095, 68.33333333333333, 69.33333333333333, 69.66666666666666, 70.42857142857143, 70.80952380952381, 71.28571428571428, 71.52380952380952, 71.90476190476191, 72.28571428571428, 72.61904761904762, 73.09523809523809, 73.38095238095238, 73.6190476190476, 73.85714285714286, 74.19047619047619, 74.42857142857143, 74.42857142857143, 74.42857142857143], "var_curve": [12.896412691809314, 15.040233268804222, 15.278369396914428, 15.434449203720304, 15.675420914976348, 15.318093580132784, 15.10837643655839, 14.777718104665297, 14.221921056902012, 13.783061674230664, 13.68266858113335, 13.42671381950661, 12.828539611796373, 12.665413471841275, 12.580263850522085, 12.079292075786322, 11.867943063663489, 11.805106700817538, 11.826600556610662, 11.805106700817536, 11.616900660347445, 11.616900660347445], "train_loss": [0.00019400189320246378, 0.00019293085450217836, 0.0001918982820851462, 0.00019090406951450167, 0.0001899478052343641, 0.00018902873709088276, 0.00018814589296068467, 0.00018729818009194875, 0.00018648428931122732, 0.0001857028298434757, 0.00018495230802467892, 0.00018423127631346384, 0.0001835381913752783, 0.00018287162340822674, 0.0001822300964877719, 0.0001816122091951824, 0.000181016634617533, 0.0001804420564855848, 0.0001798873217332931, 0.0001793512666509265, 0.00017883285880088804, 0.00017833106574558074, 0.00017784496148427328, 0.00017737371580941335, 0.00017691649141765779, 0.0001764725609904244, 0.00017604117592175803, 0.00017562176500047957, 0.00017521369670118602, 0.00017481641755217594, 0.0001744294131085986, 0.00017405220085666293, 0.00017368432311784654, 0.00017332537543205987, 0.00017297496043500445, 0.00017263269495396388, 0.00017229828806150527, 0.00017197138142018093, 0.00017165166991097585, 0.0001713389229206812, 0.00017103283887817745, 0.00017073315523919604, 0.0001704396555821101, 0.00017015216606003898, 0.00016987037800607224, 0.00016959416369597116, 0.00016932331380389984, 0.00016905766867455983, 0.00016879701543421973, 0.00016854124409811837, 0.00016829017727147967, 0.0001680436659426916, 0.00016780157883961995, 0.0001675637846901303, 0.00016733013448261077, 0.00016710054661546437, 0.00016687485433760144, 0.0001666529831432161, 0.00016643481949965157, 0.0001662202569700423, 0.00016600916783014936, 0.000165801505957331, 0.0001655971578189305, 0.00016539600278650012, 0.00016519801602477122, 0.00016500306271371385, 0.00016481112156595503, 0.0001646220896925245, 0.00016443582872549694, 0.00016425240607488722, 0.00016407162305854617, 0.00016389348322436926, 0.00016371787303969974, 0.0001635448102440153, 0.00016337415646939052, 0.00016320589752424333, 0.00016303994825908117, 0.00016287628029073987, 0.00016271482620920454, 0.00016255557537078858, 0.0001623984177907308, 0.00016224332863376252, 0.00016209026887303307, 0.00016193920302958714, 0.00016179006724130539, 0.00016164283312502362, 0.0001614974510102045, 0.00016135388896578836, 0.00016121210086913337, 0.00016107208672023953, 0.0001609337329864502, 0.00016079706095513844, 0.00016066203869524455, 0.00016052860234464918, 0.00016039674125966572, 0.0001602664447966076, 0.0001601376278059823, 0.00016001031157516298, 0.00015988444288571674, 0.00015975998980658393, 0.000159636941694078, 0.00015951526306924366, 0.00015939491135733466, 0.00015927588655835107, 0.0001591581567412331, 0.0001590416935228166, 0.00015892648625941502, 0.00015881250301996868, 0.00015869972251710438, 0.00015858811991555351, 0.00015847765264056978, 0.000158368366814795, 0.00015826016664505007, 0.00015815309470608124, 0.00015804705875260489, 0.0001579421332904271, 0.00015783824381374178, 0.00015773535484359376, 0.0001576334983110428, 0.00015753262454555147, 0.00015743273709501542, 0.00015733379338468822, 0.00015723580405825662, 0.0001571387229930787, 0.00015704258212021418, 0.00015694732112543923, 0.00015685292581717173, 0.000156759445865949, 0.00015666681386175609, 0.00015657500851721989, 0.00015648402983234043, 0.00015639385651974449, 0.00015630450631890977, 0.00015621594729877655, 0.0001561281652677627, 0.00015604113184270404, 0.00015595485057149613, 0.0001558693746725718, 0.00015578454094273704, 0.0001557004806541261, 0.00015561713704041071, 0.00015553447817053114, 0.0001554525253318605, 0.000155371232401757, 0.00015529062776338485, 0.0001552106688419978, 0.00015513135208970025, 0.00015505267041070122, 0.00015497466637974693, 0.00015489723355997177, 0.0001548204535529727, 0.00015474424830504827, 0.00015466866393884024, 0.00015459366497539337, 0.00015451924077102116, 0.0001544453664904549, 0.00015437208116054533, 0.00015429934575444175, 0.00015422714608056206, 0.00015415551406996593, 0.00015408441069580259, 0.0001540138324101766, 0.00015394376856940132, 0.0001538742156255813, 0.00015380516293502988, 0.00015373661404564267, 0.00015366854057425545, 0.00015360096735613686, 0.00015353389793918248, 0.0001534672649133773, 0.00015340112504504976, 0.00015333543221155802, 0.00015327020060448417, 0.00015320540893645513, 0.00015314106785115742, 0.00015307716315700892, 0.00015301370904559182, 0.0001529506593942642, 0.00015288802129881723, 0.00015282583023820605, 0.00015276403654189335, 0.0001527026508535658, 0.0001526416589816411, 0.00015258107511770158, 0.00015252087797437396, 0.00015246108174324035, 0.00015240163675376347, 0.00015234261396385377, 0.00015228392822401864, 0.0001522256185611089, 0.00015216769916670664, 0.00015211010972658793, 0.000152052878623917, 0.00015199604133764902, 0.00015193950207460492, 0.0001518833317926952, 0.0001518275056566511, 0.00015177202011857713, 0.00015171687872636886, 0.00015166203535738445, 0.0001516075361342657], "client_accs": {"T-shirt": [56.714285714285715, 80.42857142857143, 86.71428571428571, 89.28571428571429, 89.71428571428571, 90.14285714285714, 90.14285714285714, 90.28571428571429, 90.0, 89.71428571428571, 89.71428571428571, 89.85714285714286, 89.42857142857143, 89.42857142857143, 89.71428571428571, 89.42857142857143, 89.28571428571429, 89.42857142857143, 89.85714285714286, 90.0, 89.71428571428571, 89.71428571428571], "pullover": [29.285714285714285, 51.142857142857146, 58.857142857142854, 61.285714285714285, 62.714285714285715, 64.14285714285714, 64.71428571428571, 66.14285714285714, 66.42857142857143, 67.57142857142857, 68.14285714285714, 68.28571428571429, 68.85714285714286, 69.57142857142857, 70.28571428571429, 70.42857142857143, 71.0, 71.28571428571429, 71.42857142857143, 71.85714285714286, 72.0, 72.0], "shirt": [29.428571428571427, 46.42857142857143, 51.142857142857146, 53.285714285714285, 52.57142857142857, 53.714285714285715, 54.142857142857146, 54.857142857142854, 56.0, 56.57142857142857, 56.714285714285715, 57.57142857142857, 58.57142857142857, 58.857142857142854, 59.285714285714285, 60.285714285714285, 60.57142857142857, 60.857142857142854, 61.285714285714285, 61.42857142857143, 61.57142857142857, 61.57142857142857]}}