{"acc_dist": [91.42857142857143, 84.71428571428571, 68.14285714285714], "mean_curve": [38.476190476190474, 71.71428571428572, 74.52380952380952, 76.04761904761905, 77.38095238095238, 77.76190476190476, 77.71428571428572, 78.47619047619047, 78.90476190476191, 79.28571428571429, 79.6190476190476, 79.66666666666667, 80.0, 80.33333333333333, 80.80952380952381, 81.04761904761904, 81.19047619047619, 81.28571428571429, 81.33333333333333, 81.42857142857143, 81.42857142857143, 81.42857142857143], "var_curve": [12.896412691809314, 13.936200596820857, 11.972947587077401, 11.054800621451538, 10.0909694479318, 9.741092797468307, 9.816687167205416, 9.83699343851042, 10.158159706205653, 10.245954901166344, 10.631958838936244, 10.563274418470312, 10.49975704286455, 10.401683101203787, 10.219584595131652, 10.054500013503503, 10.017897815609366, 9.81945867690694, 9.834918585467113, 9.70587871512173, 9.786148756430858, 9.786148756430858], "train_loss": [0.00019400189320246378, 0.00018415842737470355, 0.00017786176076957158, 0.0001735288082134156, 0.0001702333561011723, 0.00016757999147687638, 0.00016537389230160488, 0.00016349925526550838, 0.00016187898814678194, 0.00016045905649662018, 0.00015920023833002362, 0.00015807351895741055, 0.0001570568091812588, 0.00015613291235197157, 0.0001552881264970416, 0.0001545113254161108, 0.00015379334489504495, 0.0001531265817937397, 0.0001525047208581652, 0.00015192236928712754, 0.0001513750780196417, 0.00015085913950488682, 0.00015037146707375844, 0.00014990954172043573, 0.00014947137307553065, 0.0001490553149155208, 0.00014866000484852564, 0.0001482842614253362, 0.00014792695996307192, 0.00014758699706622533, 0.00014726318773769197, 0.00014695439665090472, 0.00014665951331456503, 0.000146377437881061, 0.0001461072230622882, 0.0001458479960759481, 0.0001455989054271153, 0.0001453592912072227, 0.00014512848995980763, 0.0001449059233778999, 0.00014469108411243985, 0.00014448350029332298, 0.00014428275326887766, 0.00014408845277059644, 0.00014390023336524054, 0.00014371781831695922, 0.00014354085993199123, 0.00014336909921396348, 0.00014320229490598043, 0.00014304020220325106, 0.00014288258339677535, 0.00014272927173546382, 0.00014258005434558503, 0.00014243473254498982, 0.00014229318215733483, 0.00014215521869205292, 0.00014202069668542772, 0.0001418894458384741, 0.00014176138100169952, 0.0001416363709029697, 0.00014151427007856823, 0.00014139501111848013, 0.00014127843436740692, 0.0001411644866069158, 0.00014105304011276793, 0.00014094404521442592, 0.00014083735999606905, 0.00014073294543084645, 0.0001406307199171611, 0.00014053061249710264, 0.00014043251318590982, 0.0001403363865046274, 0.0001402421827827181, 0.00014014981332279388, 0.00014005924264589946, 0.00013997036076727367, 0.0001398831960700807, 0.0001397976421174549, 0.000139713663430441, 0.00013963122098218826, 0.00013955023671899524, 0.00013947069644927978, 0.00013939255759829567, 0.0001393157633997145, 0.00013924028547037214, 0.00013916606704394023, 0.00013909311521620977, 0.00013902136257716588, 0.0001389507559083757, 0.00013888130230563028, 0.0001388129698378699, 0.0001387457052866618, 0.0001386794767209462, 0.0001386143018802007, 0.00013855007432755968, 0.0001384868508293515, 0.00013842455333187465, 0.00013836318538302468, 0.00013830271505174184, 0.00013824311395486196, 0.00013818434661342984, 0.00013812643786271413, 0.00013806934867586408, 0.00013801303647813343, 0.00013795751191320873, 0.0001379027253105527, 0.00013784869440964292, 0.0001377953908273152, 0.00013774278263250988, 0.00013769088756470453, 0.0001376396595012574, 0.00013758911263375055, 0.00013753919374375116, 0.0001374899134749458, 0.00013744127892312548, 0.00013739322622617083, 0.00013734578731514158, 0.0001372989196152914, 0.00013725264441399347, 0.00013720691204071047, 0.0001371617331391289, 0.00013711710061345783, 0.0001370729754368464, 0.0001370293930882499, 0.0001369862932534445, 0.0001369436936719077, 0.00013690159789153506, 0.00013685995269389377, 0.00013681877581846145, 0.00013677806016944703, 0.0001367378057468505, 0.0001366979664280301, 0.00013665856704825447, 0.00013661960051173253, 0.00013658105262688225, 0.00013654292339370364, 0.0001365051702374504, 0.00013646780734970457, 0.00013643085246994383, 0.00013639426302342189, 0.0001363580638454074, 0.000136322198169572, 0.000136286708570662, 0.00013625157376130422, 0.00013621677600202106, 0.00013618235077176774, 0.00013614821292105175, 0.00013611443695567903, 0.0001360809767530078, 0.00013604784650462015, 0.00013601500718366533, 0.00013598249426909854, 0.0001359502829256512, 0.00013591834831805458, 0.0001358867223773684, 0.00013585539445990608, 0.00013582434327829454, 0.0001357935688325337, 0.00013576306402683256, 0.0001357328359569822, 0.000135702873979296, 0.00013567317809377397, 0.00013564373410883404, 0.0001356145597639538, 0.00013558562312807355, 0.00013555693839277538, 0.00013552850201016382, 0.0001355002855970746, 0.00013547233527614957, 0.00013544460847264244, 0.00013541711583023978, 0.000135389839609464, 0.00013536277981031507, 0.0001353359648159572, 0.00013530935205164406, 0.0001352829486131668, 0.00013525676159631636, 0.00013523081228846595, 0.00013520504392328718, 0.00013517947424025763, 0.00013515412097885496, 0.00013512896639960152, 0.00013510399985881082, 0.00013507923909596034, 0.00013505464863209496, 0.00013503027104196094, 0.0001350060814902896, 0.0001349820586897078, 0.00013495822747548421, 0.00013493456301235017, 0.00013491109723136538, 0.00013488780174936567, 0.00013486466237476894, 0.0001348417145865304, 0.00013481893000148593, 0.00013479629797594886, 0.00013477383979729242, 0.00013475154482183002, 0.0001347294201453527, 0.0001347074480283828, 0.00013468562137512933], "client_accs": {"T-shirt": [56.714285714285715, 90.28571428571429, 90.28571428571429, 90.14285714285714, 89.85714285714286, 89.57142857142857, 89.28571428571429, 89.85714285714286, 90.42857142857143, 90.71428571428571, 91.28571428571429, 91.0, 91.28571428571429, 91.71428571428571, 91.71428571428571, 91.71428571428571, 91.71428571428571, 91.42857142857143, 91.42857142857143, 91.42857142857143, 91.42857142857143, 91.42857142857143], "pullover": [29.285714285714285, 68.14285714285714, 72.0, 74.85714285714286, 77.14285714285714, 78.0, 78.57142857142857, 79.71428571428571, 80.57142857142857, 81.28571428571429, 82.0, 82.42857142857143, 82.71428571428571, 82.71428571428571, 83.57142857142857, 83.85714285714286, 84.14285714285714, 84.42857142857143, 84.57142857142857, 84.57142857142857, 84.71428571428571, 84.71428571428571], "shirt": [29.428571428571427, 56.714285714285715, 61.285714285714285, 63.142857142857146, 65.14285714285714, 65.71428571428571, 65.28571428571429, 65.85714285714286, 65.71428571428571, 65.85714285714286, 65.57142857142857, 65.57142857142857, 66.0, 66.57142857142857, 67.14285714285714, 67.57142857142857, 67.71428571428571, 68.0, 68.0, 68.28571428571429, 68.14285714285714, 68.14285714285714]}}