{"acc_dist": [81.85714285714286, 53.285714285714285, 73.42857142857143], "mean_curve": [36.142857142857146, 42.333333333333336, 47.1904761904762, 51.47619047619048, 55.42857142857142, 58.19047619047618, 60.61904761904762, 62.57142857142858, 64.0, 64.71428571428571, 65.14285714285715, 65.80952380952381, 66.95238095238095, 67.6190476190476, 68.0, 68.14285714285715, 68.14285714285715, 68.42857142857143, 69.04761904761905, 69.28571428571428, 69.57142857142857, 69.52380952380952], "var_curve": [12.103296902842935, 15.614546389726348, 19.855715376348844, 24.64615804899343, 25.806975801127884, 24.691107582504145, 22.863788716376824, 20.683556846188807, 19.22724823863082, 17.61299767429809, 16.554589145270487, 15.76370296173331, 14.838052448131956, 14.337208778404378, 14.06447737420498, 13.419956709886888, 13.196062080096802, 12.999738354248194, 12.346655794062299, 12.164406648729162, 11.92208263776798, 11.986576013822607], "train_loss": [0.0001985748963696616, 0.00019805241198766801, 0.00019753660474504744, 0.00019702709856487456, 0.00019652348898705982, 0.00019602558442524502, 0.00019553303718566895, 0.0001950456840651376, 0.0001945633050941286, 0.00019408569449470156, 0.00019361276711736409, 0.0001931443242799668, 0.00019268030921618142, 0.0001922205871059781, 0.00019176511537461055, 0.0001913137662978399, 0.0001908665221361887, 0.00019042332612332843, 0.00018998413923240843, 0.00018954892598447345, 0.00018911766509215037, 0.00018869028559752874, 0.00018826686555431003, 0.0001878473801272256, 0.00018743180093311126, 0.0001870201492593402, 0.00018661242155801683, 0.00018620866395178295, 0.00018580887644063858, 0.00018541307676406133, 0.00018502126846994674, 0.00018463350122883203, 0.00018424981051967258, 0.00018387021408194587, 0.00018349469772406987, 0.00018312335723922365, 0.00018275613940897445, 0.0001823931187391281, 0.00018203430942126682, 0.00018167972564697265, 0.0001813293532246635, 0.0001809832524685633, 0.0001806414162828809, 0.00018030384821551186, 0.0001799705589101428, 0.0001796415377230871, 0.00017931679884592694, 0.0001789963280870801, 0.00017868010415917352, 0.00017836813770589374, 0.00017806042163144974, 0.00017775687788214005, 0.00017745751355375562, 0.0001771623392899831, 0.00017687125929764338, 0.00017658426293304985, 0.00017630135374409813, 0.00017602245012919107, 0.00017574751306147804, 0.00017547651415779475, 0.00017520939665181294, 0.0001749461108729953, 0.0001746866319860731, 0.00017443081807522548, 0.00017417876138573602, 0.00017393029516651515, 0.0001736853945822943, 0.00017344399931884947, 0.00017320608808880762, 0.00017297156509898958, 0.0001727403806788581, 0.0001725124709662937, 0.0001722877827428636, 0.00017206626279013496, 0.00017184784369809287, 0.0001716324935356776, 0.00017142013779708316, 0.00017121069842860812, 0.00017100414349919274, 0.00017080040205092657, 0.00017059943150906338, 0.00017040117155937918, 0.00017020555124396368, 0.00017001255637123469, 0.00016982211598328182, 0.00016963415912219456, 0.00016944867159639088, 0.00016926554696900507, 0.00016908478878793263, 0.00016890632609526315, 0.00016873013760362353, 0.0001685561239719391, 0.00016838429939179192, 0.00016821457871368954, 0.00016804695129394532, 0.00016788136036623093, 0.000167717749164218, 0.00016755610704421997, 0.0001673963665962219, 0.00016723848169758202, 0.00016708247718356904, 0.0001669282643567948, 0.00016677581128619968, 0.0001666250860407239, 0.00016647607442878544, 0.00016632870549247378, 0.00016618297923178901, 0.00016603887790725346, 0.00016589632701306117, 0.0001657553549323763, 0.00016561585168043771, 0.00016547786337988717, 0.0001653413190728142, 0.00016520620811553228, 0.00016507254115172797, 0.00016494022238822213, 0.00016480926601659683, 0.00016467966848895664, 0.00016455135175160002, 0.00016442431935242245, 0.00016429856419563293, 0.0001641740614459628, 0.00016405076143287476, 0.0001639286783479509, 0.00016380779090381802, 0.00016368806007362549, 0.0001635694681178956, 0.00016345200084504628, 0.00016333562632401784, 0.00016322038003376555, 0.00016310619101637884, 0.00016299303798448473, 0.00016288094577335176, 0.00016276987535612927, 0.00016265982673281716, 0.00016255074668498266, 0.00016244266714368548, 0.00016233555617786588, 0.00016222936056909106, 0.00016212412644000282, 0.00016201983250322796, 0.00016191642199243819, 0.00016181390555132004, 0.00016171228672776905, 0.00016161151230335236, 0.00016151163904439838, 0.00016141258180141446, 0.00016131438669704255, 0.00016121701825232734, 0.0001611204409883136, 0.00016102466200079235, 0.0001609297132208234, 0.00016083550949891407, 0.00016074209695770628, 0.0001606494401182447, 0.00016055755317211153, 0.00016046636161350068, 0.00016037593994821823, 0.00016028623140993575, 0.00016019724664233982, 0.0001601089359748931, 0.00016002138455708823, 0.0001599344646646863, 0.00015984824015980676, 0.0001597626968508675, 0.00015967782409418197, 0.0001595935793150039, 0.00015951000154018402, 0.00015942706238655818, 0.00015934473701885768, 0.0001592630467244557, 0.00015918200924282982, 0.0001591015500681741, 0.00015902167629627955, 0.00015894244114557905, 0.00015886374882289342, 0.00015878565964244661, 0.0001587081771521341, 0.0001586312303940455, 0.00015855484775134494, 0.0001584790221282414, 0.00015840375707263038, 0.0001583290383929298, 0.0001582548696370352, 0.00015818120823020028, 0.00015810808255558922, 0.00015803545713424683, 0.00015796340647197905, 0.0001578918063924426, 0.00015782073494933902, 0.0001577501744031906, 0.00015768007863135565, 0.00015761049020858038, 0.00015754138784749167, 0.0001574727644522985, 0.00015740458809194112, 0.00015733690843695687, 0.00015726967936470395, 0.00015720290797097342, 0.00015713660489945184, 0.00015707075241066162], "client_accs": {"T-shirt": [39.285714285714285, 54.42857142857143, 66.42857142857143, 75.85714285714286, 80.28571428571429, 81.42857142857143, 82.28571428571429, 82.28571428571429, 82.28571428571429, 81.14285714285714, 80.42857142857143, 80.71428571428571, 81.0, 81.42857142857143, 81.85714285714286, 81.28571428571429, 81.0, 81.14285714285714, 81.28571428571429, 81.57142857142857, 81.85714285714286, 81.85714285714286], "pullover": [20.0, 20.285714285714285, 19.857142857142858, 17.714285714285715, 19.857142857142858, 24.0, 29.0, 34.0, 37.42857142857143, 40.285714285714285, 42.142857142857146, 44.0, 46.42857142857143, 47.857142857142854, 48.714285714285715, 49.714285714285715, 50.0, 50.57142857142857, 52.142857142857146, 52.714285714285715, 53.42857142857143, 53.285714285714285], "shirt": [49.142857142857146, 52.285714285714285, 55.285714285714285, 60.857142857142854, 66.14285714285714, 69.14285714285714, 70.57142857142857, 71.42857142857143, 72.28571428571429, 72.71428571428571, 72.85714285714286, 72.71428571428571, 73.42857142857143, 73.57142857142857, 73.42857142857143, 73.42857142857143, 73.42857142857143, 73.57142857142857, 73.71428571428571, 73.57142857142857, 73.42857142857143, 73.42857142857143]}}