{"acc_dist": [95.85714285714286, 57.714285714285715, 53.285714285714285], "mean_curve": [44.952380952380956, 54.952380952380956, 58.76190476190476, 60.57142857142858, 62.095238095238095, 63.238095238095234, 63.952380952380956, 64.38095238095238, 64.95238095238095, 65.71428571428571, 66.04761904761905, 66.33333333333333, 66.61904761904762, 66.76190476190476, 67.0, 67.14285714285714, 67.66666666666667, 68.09523809523809, 68.38095238095237, 68.76190476190476, 69.0, 68.95238095238095], "var_curve": [16.856470258306185, 14.123523742412667, 14.847218907830927, 16.32118109638369, 17.575622160568475, 18.263503375736963, 18.917052499886093, 19.054641562605298, 18.991703642807718, 19.192898346492004, 19.293061504650375, 19.22665855246227, 19.12235338793242, 19.138355310499634, 19.03416191293673, 19.09909710442045, 19.125910527730152, 18.833438684913933, 18.959438743283446, 18.926759422104517, 19.071294809589773, 19.110254159978016], "train_loss": [0.00018906496110416594, 0.00018823492739881788, 0.00018743821907611118, 0.00018667397399743397, 0.00018594118101256235, 0.0001852386515764963, 0.00018456511554263886, 0.0001839192601896468, 0.00018329960604508718, 0.0001827047694297064, 0.00018213329925423577, 0.00018158057970660074, 0.0001810453690233685, 0.00018052648575533006, 0.00018002300744964962, 0.00017953397262664072, 0.0001790586007492883, 0.00017859612902005513, 0.00017814591172195617, 0.00017770728539852871, 0.0001772797568922951, 0.00017686275499207633, 0.00017645583621093204, 0.00017605856770560856, 0.00017567050598916553, 0.00017529132820311047, 0.00017492065117472695, 0.00017455816623710452, 0.00017420359310649688, 0.0001738566266638892, 0.00017351701146080378, 0.00017318447430928548, 0.00017285879523981184, 0.00017253975428286052, 0.00017222716694786436, 0.00017192079907371886, 0.00017162042359511055, 0.00017132595181465149, 0.0001710371531191326, 0.00017075374722480777, 0.00017047532967158727, 0.00017020167339415777, 0.00016993270033881778, 0.00016966822956289562, 0.0001694081723690033, 0.0001691524187723796, 0.0001689008339529946, 0.00016865330792608713, 0.00016840976618585132, 0.00016817011648700349, 0.00016793424884478254, 0.00016770205327442715, 0.0001674734836532956, 0.00016724843709241776, 0.00016702681779861447, 0.00016680858674503508, 0.00016659361265954518, 0.00016638188844635374, 0.0001661733218601772, 0.00016596786323047822, 0.0001657653812851225, 0.00016556589376358759, 0.0001653692764895303, 0.00016517550817557743, 0.00016498453915119173, 0.00016479630200635822, 0.0001646106903042112, 0.00016442776790687015, 0.00016424737515903653, 0.00016406952980018796, 0.00016389413958504086, 0.00016372120806149073, 0.000163550635888463, 0.00016338242661385308, 0.00016321651282764614, 0.00016305285905088697, 0.00016289141916093371, 0.00016273214703514463, 0.00016257503557772865, 0.00016242003157025293, 0.00016226707824638911, 0.00016211619689351038, 0.00016196730591001965, 0.00016182035207748413, 0.00016167534603959036, 0.00016153224876948766, 0.00016139101059663865, 0.0001612516315210433, 0.00016111405122847786, 0.0001609782519794646, 0.000160844230226108, 0.0001607119150104977, 0.0001605813027847381, 0.00016045236516566504, 0.0001603250808659054, 0.0001601994073107129, 0.00016007534804798307, 0.0001599528534071786, 0.00015983191274461292, 0.00015971249767712182, 0.00015959458336943673, 0.00015947817336945308, 0.00015936319671926047, 0.00015924968180202302, 0.0001591375966866811, 0.00015902688460690635, 0.00015891755265848978, 0.0001588096008414314, 0.00015870299012888048, 0.0001585976956855683, 0.00015849369977201735, 0.0001583909952924365, 0.0001582895786989303, 0.00015818940741675242, 0.00015809046370642528, 0.00015799272273268018, 0.00015789622352236794, 0.00015780089866547357, 0.00015770673397041501, 0.00015761372234140124, 0.00015752185668264115, 0.00015743110861097064, 0.00015734152779692696, 0.00015725297587258476, 0.00015716555927480972, 0.00015707918221042269, 0.00015699388015837895, 0.00015690963537920088, 0.00015682638401076906, 0.00015674417572362082, 0.00015666297503880093, 0.00015658274647735413, 0.00015650351842244465, 0.0001564252802303859, 0.00015634797158695402, 0.00015627161732741765, 0.0001561961926165081, 0.00015612172583738963, 0.0001560481247447786, 0.00015597544610500337, 0.00015590365798700425, 0.0001558327745823633, 0.00015576274622054327, 0.00015569358709312622, 0.0001556252652690524, 0.00015555778784411293, 0.00015549116191409883, 0.0001554253590958459, 0.00015536035100618996, 0.0001552961731240863, 0.00015523277223110197, 0.00015517018380619232, 0.00015510833334355127, 0.0001550472847052983, 0.00015498699176879155, 0.00015492742260297138, 0.00015486865171364375, 0.0001548105939513161, 0.00015475324222019742, 0.0001546966319992429, 0.00015464074909687041, 0.00015458551900727409, 0.00015453102333205088, 0.0001544772336880366, 0.00015442411459627606, 0.00015437166605676924, 0.00015431987742582957, 0.0001542687522513526, 0.00015421827988965173, 0.0001541684709844135, 0.00015411930070036934, 0.0001540707371064595, 0.00015402281922953468, 0.00015397552223432633, 0.0001539288390250433, 0.00015388274831431252, 0.00015383727138950712, 0.00015379236212798527, 0.0001537480879397619, 0.0001537043423879714, 0.00015366122481368834, 0.00015361863942373367, 0.00015357661460127148, 0.0001535351574420929, 0.00015349426794619787, 0.00015345389999094463, 0.00015341408195949737, 0.00015337482449554263, 0.0001533360459974834, 0.00015329783161481222, 0.0001532601032938276, 0.00015322292489664894, 0.00015318623256115686, 0.00015315002628735132, 0.00015311433091050103, 0.0001530791393348149, 0.0001530444125334422, 0.00015301018953323364, 0.000152976427759443, 0.00015294314495154792, 0.00015291033401375724], "client_accs": {"T-shirt": [65.42857142857143, 73.42857142857143, 78.0, 82.0, 85.57142857142857, 87.71428571428571, 89.42857142857143, 90.28571428571429, 90.85714285714286, 92.14285714285714, 92.71428571428571, 93.14285714285714, 93.42857142857143, 93.71428571428571, 93.85714285714286, 94.14285714285714, 94.71428571428571, 94.71428571428571, 95.14285714285714, 95.42857142857143, 95.85714285714286, 95.85714285714286], "pullover": [24.142857142857142, 39.142857142857146, 41.857142857142854, 42.42857142857143, 43.285714285714285, 43.857142857142854, 44.142857142857146, 45.0, 45.857142857142854, 47.142857142857146, 47.714285714285715, 49.0, 50.142857142857146, 51.142857142857146, 52.0, 53.0, 54.0, 55.57142857142857, 56.42857142857143, 57.42857142857143, 57.714285714285715, 57.714285714285715], "shirt": [45.285714285714285, 52.285714285714285, 56.42857142857143, 57.285714285714285, 57.42857142857143, 58.142857142857146, 58.285714285714285, 57.857142857142854, 58.142857142857146, 57.857142857142854, 57.714285714285715, 56.857142857142854, 56.285714285714285, 55.42857142857143, 55.142857142857146, 54.285714285714285, 54.285714285714285, 54.0, 53.57142857142857, 53.42857142857143, 53.42857142857143, 53.285714285714285]}}