{"acc_dist": [85.71428571428571, 73.14285714285714, 76.28571428571429], "mean_curve": [36.142857142857146, 65.28571428571428, 69.57142857142857, 71.71428571428572, 72.71428571428572, 73.66666666666667, 74.14285714285714, 74.95238095238095, 75.52380952380952, 75.95238095238095, 76.47619047619048, 77.14285714285715, 77.33333333333333, 77.52380952380952, 77.80952380952381, 77.66666666666667, 77.85714285714285, 78.00000000000001, 78.04761904761905, 78.19047619047619, 78.33333333333333, 78.38095238095237], "var_curve": [12.103296902842935, 15.662685845382855, 11.60752746615536, 9.573205236669759, 8.867121874663503, 8.359550596042858, 7.925675146674401, 7.344147870005607, 6.891119527672641, 6.519811079159926, 6.201089802545115, 6.023762469230862, 6.004911066460497, 5.874345623806664, 5.650035618855074, 5.87434562380666, 5.856562108258665, 5.743970515149913, 5.584640419649238, 5.5011851949150765, 5.388742780355584, 5.3418299666210105], "train_loss": [0.0001985748963696616, 0.0001933791736761729, 0.0001887719936314083, 0.0001846116107134592, 0.00018087332802159447, 0.00017756412781420208, 0.00017468281445049102, 0.00017219866315523782, 0.00017005703278950282, 0.00016819681440080915, 0.00016656299077329181, 0.00016511147930508568, 0.0001638086920692807, 0.00016262944965135482, 0.00016155483112448738, 0.00016057014110542478, 0.00015966386312530156, 0.0001588265278509685, 0.00015805042570545558, 0.00015732900017783756, 0.0001566565427042189, 0.00015602816073667433, 0.00015543962518374126, 0.00015488710077035995, 0.00015436728440579913, 0.00015387714973517824, 0.0001534140713158108, 0.00015297566850980122, 0.0001525598196756272, 0.0001521646089497067, 0.00015178833334218887, 0.00015142951692853656, 0.00015108674409843625, 0.00015075879792372383, 0.00015044456791310086, 0.00015014306065582093, 0.0001498533749864215, 0.00014957467714945476, 0.00014930622563475655, 0.00014904735343796867, 0.00014879743967737471, 0.0001485559344291687, 0.00014832230905691783, 0.00014809610233420417, 0.00014787693818410236, 0.0001476643482844035, 0.00014745802751609256, 0.00014725764237699055, 0.0001470628593649183, 0.00014687343722298032, 0.00014668909921532585, 0.0001465096253724325, 0.00014633477798530034, 0.00014616434063230243, 0.00014599814656234922, 0.0001458360112848736, 0.00014567775385720388, 0.0001455232430072058, 0.00014537231907958077, 0.00014522485080219452, 0.00014508072109449478, 0.0001449397915885562, 0.00014480196649119967, 0.0001446671145302909, 0.0001445351753916059, 0.0001444059894198463, 0.00014427954242342994, 0.0001441556853907449, 0.00014403435445967173, 0.0001439154857680911, 0.0001437989728791373, 0.0001436847625743775, 0.0001435727732522147, 0.00014346293750263394, 0.00014335521629878453, 0.0001432495102995918, 0.00014314579112189156, 0.00014304396297250475, 0.0001429440187556403, 0.00014284586622601464, 0.00014274945926098597, 0.00014265477657318115, 0.00014256171527363004, 0.0001424703001976013, 0.0001423804284561248, 0.000142292096501305, 0.00014220524047102247, 0.0001421198213384265, 0.00014203580362456183, 0.00014195315539836884, 0.00014187185892036982, 0.00014179183258896782, 0.00014171308349995385, 0.00014163556198279066, 0.00014155924320220946, 0.00014148409522715067, 0.0001414100896744501, 0.00014133720880463009, 0.00014126539939925784, 0.00014119462952727363, 0.0001411249488592148, 0.00014105623676663353, 0.00014098852518058957, 0.00014092177862212773, 0.00014085595806439716, 0.00014079107769898006, 0.0001407270914032346, 0.00014066397079399653, 0.000140601722967057, 0.00014054030534766968, 0.00014047972503162566, 0.00014041992880049205, 0.0001403609166542689, 0.0001403026921408517, 0.00014024519139812106, 0.00014018844990503222, 0.00014013242508683886, 0.00014007709920406343, 0.00014002246516091481, 0.00013996851586160205, 0.0001399152193750654, 0.0001398625508660362, 0.0001398105493613652, 0.00013975916164261955, 0.00013970839125769478, 0.0001396582204671133, 0.00013960862088771095, 0.0001395595996152787, 0.0001395111566498166, 0.00013946324586868285, 0.0001394158885592506, 0.00013936905633835567, 0.0001393227456581025, 0.00013927696006638663, 0.00013923169601531255, 0.00013918688254696982, 0.0001391425835234778, 0.00013909874217850823, 0.0001390553797994341, 0.0001390124750988824, 0.00013897002452895754, 0.00013892801035018194, 0.00013888642546676453, 0.00013884528052239193, 0.00013880454713389987, 0.00013876422530128844, 0.00013872432921613968, 0.00013868479501633415, 0.00013864566527661823, 0.00013860694354488737, 0.00013856858369849976, 0.0001385305786416644, 0.00013849296740123205, 0.00013845571449824743, 0.00013841879864533743, 0.00013838223758197966, 0.00013834601711659205, 0.00013831013724917456, 0.0001382746015276228, 0.00013823937447298142, 0.0001382044738247281, 0.00013816990313075838, 0.00013813561272053493, 0.0001381016593603861, 0.00013806798983187905, 0.00013803463961396898, 0.0001380015483924321, 0.00013796877293359666, 0.0001379362635669254, 0.000137904045127687, 0.00013787209987640382, 0.00013784042426518033, 0.00013780901829401652, 0.00013777787131922584, 0.00013774699043659939, 0.00013771636500245049, 0.00013768598792098817, 0.00013765586983589898, 0.00013762597881612323, 0.00013759635034061614, 0.0001375669418346314, 0.00013753779587291536, 0.00013750886988072168, 0.00013748015321436385, 0.00013745170264017016, 0.00013742346493970782, 0.00013739543656508127, 0.00013736761751629057, 0.00013734003617649988, 0.0001373126570667539, 0.00013728547663915727, 0.0001372585268247695, 0.0001372317827883221, 0.0001372052196945463, 0.00013717888366608392, 0.00013715272148450214, 0.00013712677217665172, 0.000137101018003055, 0.0001370754199368613, 0.00013705005603177207, 0.00013702485532987685], "client_accs": {"T-shirt": [39.285714285714285, 80.42857142857143, 81.85714285714286, 83.14285714285714, 83.71428571428571, 84.28571428571429, 84.42857142857143, 84.71428571428571, 84.85714285714286, 84.85714285714286, 85.0, 85.42857142857143, 85.57142857142857, 85.57142857142857, 85.57142857142857, 85.71428571428571, 85.85714285714286, 85.85714285714286, 85.71428571428571, 85.71428571428571, 85.71428571428571, 85.71428571428571], "pullover": [20.0, 43.714285714285715, 54.0, 59.714285714285715, 62.0, 63.857142857142854, 65.14285714285714, 67.0, 68.42857142857143, 69.42857142857143, 70.42857142857143, 71.28571428571429, 71.42857142857143, 71.71428571428571, 72.28571428571429, 71.85714285714286, 72.0, 72.28571428571429, 72.57142857142857, 72.71428571428571, 73.0, 73.14285714285714], "shirt": [49.142857142857146, 71.71428571428571, 72.85714285714286, 72.28571428571429, 72.42857142857143, 72.85714285714286, 72.85714285714286, 73.14285714285714, 73.28571428571429, 73.57142857142857, 74.0, 74.71428571428571, 75.0, 75.28571428571429, 75.57142857142857, 75.42857142857143, 75.71428571428571, 75.85714285714286, 75.85714285714286, 76.14285714285714, 76.28571428571429, 76.28571428571429]}}