{"acc_dist": [78.42857142857143, 82.57142857142857, 75.0], "mean_curve": [27.76190476190476, 61.52380952380952, 69.04761904761905, 72.42857142857143, 74.14285714285715, 75.14285714285714, 75.71428571428571, 76.61904761904762, 76.71428571428571, 77.28571428571429, 77.23809523809524, 77.57142857142857, 77.80952380952381, 78.04761904761905, 78.19047619047619, 78.33333333333333, 78.33333333333333, 78.47619047619048, 78.57142857142857, 78.52380952380953, 78.61904761904762, 78.66666666666667], "var_curve": [18.10488464676211, 8.464679181799722, 3.0356909429541394, 1.4142135623730965, 0.7648751621051931, 0.816496580927726, 0.9965928350693508, 1.1914281907806514, 1.7261494247992222, 1.9622283598130004, 2.094155564504378, 2.4688535993934684, 2.54037688920936, 2.6607076275617136, 2.8507865803991947, 2.775826979388507, 2.7038227745863592, 2.819594541540465, 2.8737611942123076, 3.033449201644379, 3.0356909429541394, 3.0956043739323813], "train_loss": [0.00020458913275173734, 0.0001977870719773429, 0.00019250654038928804, 0.00018797454734643297, 0.0001840153265567053, 0.00018057457747913544, 0.00017760105431079867, 0.00017503246665000918, 0.00017280603803339456, 0.0001708507076615379, 0.00016909386075678328, 0.0001675064648900713, 0.00016606502589725314, 0.00016475025032247813, 0.00016354587816056753, 0.00016243807971477506, 0.00016141523917516073, 0.00016046740824267978, 0.00015958611099492937, 0.00015876413456031253, 0.00015799527012166524, 0.00015727423841045015, 0.0001565964910246077, 0.00015595797626745132, 0.00015535525268032437, 0.00015478526552518209, 0.00015424531130563647, 0.00015373297390483675, 0.00015324606781914123, 0.00015278272330760954, 0.0001523411451351075, 0.00015191978287129175, 0.00015151720671426682, 0.0001511321465174357, 0.00015076339954421634, 0.00015040992626122067, 0.00015007072261401586, 0.0001497449300118855, 0.0001494316721246356, 0.00014913025001684824, 0.00014883998249258314, 0.0001485602060953776, 0.00014829032123088836, 0.00014802981345426468, 0.00014777815412907373, 0.00014753487848100208, 0.00014729956431048258, 0.0001470718319926943, 0.00014685123449280149, 0.0001466374666917892, 0.00014643019153958274, 0.00014622911101295835, 0.00014603389515763237, 0.00014584432045618696, 0.00014566011017277128, 0.00014548101595469884, 0.0001453068426677159, 0.00014513734195913586, 0.00014497232933839165, 0.00014481159902754285, 0.00014465501265866417, 0.00014450234671433768, 0.0001443534805661156, 0.00014420824036711738, 0.00014406653032416388, 0.00014392815885089694, 0.00014379302660624186, 0.00014366098457858675, 0.00014353195826212562, 0.00014340580928893316, 0.0001432824418658302, 0.00014316176729542869, 0.00014304366494928086, 0.00014292807451316288, 0.00014281490728968666, 0.00014270407812935965, 0.00014259546640373413, 0.00014248907566070558, 0.00014238476398445313, 0.00014228250653970808, 0.00014218221817697798, 0.00014208384922572545, 0.0001419873003448759, 0.00014189256089074272, 0.00014179954926172892, 0.00014170821933519274, 0.00014161849660532816, 0.0001415303668805531, 0.0001414437698466437, 0.00014135865583306265, 0.00014127495742979502, 0.00014119267463684083, 0.0001411117400441851, 0.00014103214300814127, 0.00014095381966659, 0.00014087673099268051, 0.00014080085569903965, 0.00014072615121092115, 0.00014065261398042952, 0.00014058016950175875, 0.0001405088213228044, 0.0001404385410604023, 0.00014036926840032852, 0.00014030101398626962, 0.00014023373879137492, 0.00014016741798037572, 0.00014010203381379445, 0.0001400375295253027, 0.00013997394414175124, 0.00013991119251364754, 0.0001398493101199468, 0.0001397882401943207, 0.0001397279898325602, 0.0001396685271036057, 0.00013960981652850197, 0.00013955187939462206, 0.00013949466603142876, 0.0001394381799868175, 0.00013938236094656445, 0.00013932727277278902, 0.0001392728374117897, 0.00013921909034252168, 0.0001391659535112835, 0.00013911346239703042, 0.00013906159216449374, 0.00013901033926577795, 0.0001389596469345547, 0.00013890957548504782, 0.00013886005750724247, 0.00013881109654903412, 0.00013876268906252724, 0.0001387148066645577, 0.0001386674741903941, 0.0001386206490652902, 0.000138574331289246, 0.00013852852795805248, 0.00013848319294906797, 0.00013843833690597898, 0.0001383939598287855, 0.0001383500439780099, 0.00013830658935365224, 0.00013826358531202588, 0.00013822099637417564, 0.00013817885801905677, 0.0001381371170282364, 0.00013809583016804287, 0.00013805492648056574, 0.00013801443434896925, 0.00013797432539008913, 0.00013793462798708961, 0.00013789526763416472, 0.00013785634012449357, 0.00013781776030858357, 0.0001377795494738079, 0.00013774168278489794, 0.0001377041602418536, 0.00013766701377573466, 0.00013763017597652618, 0.00013759370361055644, 0.00013755755055518378, 0.00013752170971461706, 0.00013748620592412495, 0.00013745100370475224, 0.00013741612789176758, 0.00013738156074569337, 0.00013734727033546992, 0.00013731329568794794, 0.00013727962970733643, 0.00013724622627099355, 0.00013721312440577007, 0.0001371802921806063, 0.00013714773314339775, 0.0001371154472941444, 0.00013708343463284626, 0.00013705169161160787, 0.00013702019694305603, 0.0001369889790103549, 0.00013695798814296721, 0.00013692726691563923, 0.0001368968011367889, 0.00013686656597114744, 0.00013683656851450602, 0.00013680682650634218, 0.00013677731156349184, 0.00013674800594647724, 0.00013671895932583584, 0.00013669011848313465, 0.00013666151889732905, 0.00013663312154156822, 0.00013660494060743422, 0.00013657699738230025, 0.00013654923155194238, 0.00013652169988268896, 0.00013649436689558482, 0.00013646724678221202, 0.00013644032180309298, 0.00013641358486243655, 0.00013638706079551152, 0.0001363607141233626, 0.00013633455903757185, 0.00013630860972972143], "client_accs": {"T-shirt": [2.2857142857142856, 50.285714285714285, 65.42857142857143, 70.85714285714286, 73.14285714285714, 74.14285714285714, 74.42857142857143, 75.57142857142857, 75.71428571428571, 76.42857142857143, 76.28571428571429, 76.42857142857143, 76.85714285714286, 77.42857142857143, 77.42857142857143, 77.71428571428571, 77.85714285714286, 78.0, 78.14285714285714, 78.42857142857143, 78.42857142857143, 78.42857142857143], "pullover": [38.285714285714285, 63.57142857142857, 68.85714285714286, 72.14285714285714, 74.28571428571429, 76.14285714285714, 76.85714285714286, 78.28571428571429, 79.14285714285714, 80.0, 80.14285714285714, 81.0, 81.28571428571429, 81.57142857142857, 82.0, 82.0, 81.85714285714286, 82.14285714285714, 82.28571428571429, 82.28571428571429, 82.42857142857143, 82.57142857142857], "shirt": [42.714285714285715, 70.71428571428571, 72.85714285714286, 74.28571428571429, 75.0, 75.14285714285714, 75.85714285714286, 76.0, 75.28571428571429, 75.42857142857143, 75.28571428571429, 75.28571428571429, 75.28571428571429, 75.14285714285714, 75.14285714285714, 75.28571428571429, 75.28571428571429, 75.28571428571429, 75.28571428571429, 74.85714285714286, 75.0, 75.0]}}