{"acc_dist": [85.71428571428571, 60.0, 65.85714285714286], "mean_curve": [44.952380952380956, 54.952380952380956, 58.76190476190476, 60.095238095238095, 61.61904761904762, 62.476190476190474, 63.8095238095238, 64.57142857142857, 65.71428571428571, 66.42857142857143, 67.0, 67.52380952380952, 67.95238095238095, 68.38095238095238, 68.76190476190476, 69.19047619047619, 69.66666666666667, 69.95238095238095, 70.09523809523809, 70.28571428571428, 70.52380952380953, 70.52380952380953], "var_curve": [16.856470258306185, 14.123523742412667, 14.160082503570965, 14.771425501212414, 15.079081033247887, 15.157375490038891, 15.190998647531273, 14.92475458155771, 14.488559878294968, 14.346063007303563, 14.016025813041182, 13.643334987060934, 13.494939002633812, 12.972673179923502, 12.536929575243022, 12.28146844315375, 11.897712198383164, 11.621194181107695, 11.450177988298648, 11.292644044855463, 11.004225121358699, 11.004225121358699], "train_loss": [0.00018906496110416594, 0.00018823492739881788, 0.00018743821907611118, 0.00018667397399743397, 0.00018594118101256235, 0.00018523865512439183, 0.00018456511554263886, 0.0001839192495459602, 0.0001832996095929827, 0.000182704787169184, 0.0001821333985953104, 0.00018158409567106337, 0.00018105552664824894, 0.00018054644976343428, 0.00018005561260949998, 0.0001795819579135804, 0.00017912433615752628, 0.00017868175747848692, 0.00017825338812101454, 0.00017783825596173603, 0.00017743561594259173, 0.00017704465914340244, 0.00017666482144878021, 0.00017629535070487427, 0.00017593572182314737, 0.000175585388427689, 0.00017524381833417075, 0.0001749106106303987, 0.00017458525796731312, 0.00017426740910325732, 0.00017395669860499247, 0.00017365278232665292, 0.00017335534450553712, 0.0001730640587352571, 0.00017277868730681284, 0.00017249893574487591, 0.00017222459827150616, 0.00017195546556086767, 0.00017169130699975151, 0.0001714319132623218, 0.00017117707502274288, 0.00017092649070989517, 0.00017067996164162955, 0.00017043731751896084, 0.00017019842706975484, 0.00016996320159662337, 0.0001697315417584919, 0.00016950336950165884, 0.00016927855355398997, 0.00016905699812230614, 0.00016883866417975656, 0.00016862347367263975, 0.00016841132725988115, 0.00016820215753146582, 0.0001679958864336922, 0.00016779242881706784, 0.00016759180242107027, 0.0001673938511382966, 0.00016719855722926912, 0.00016700586747555506, 0.00016681572511082605, 0.00016662805562927608, 0.0001664428200040545, 0.00016625998275620596, 0.0001660794835715067, 0.00016590129406679246, 0.00016572535392783935, 0.0001655516205799012, 0.00016538003370875404, 0.00016521059686229345, 0.00016504321779523578, 0.0001648779000554766, 0.00016471461525985172, 0.00016455331373782384, 0.00016439394936675118, 0.0001642364760239919, 0.00016408086532638185, 0.00016392699309757778, 0.00016377485578968412, 0.00016362442147164116, 0.0001634756475687027, 0.0001633284418355851, 0.00016318289651757196, 0.0001630388590551558, 0.00016289641459782918, 0.0001627554496129354, 0.00016261601377101173, 0.0001624780148267746, 0.00016234145278022402, 0.00016220634182294213, 0.00016207262164070492, 0.00016194029578140803, 0.00016180933940978279, 0.00016167970640318735, 0.0001615514038574128, 0.00016142439629350392, 0.000161298658876192, 0.00016117420224916366, 0.0001610510051250458, 0.0001609290142854055, 0.00016080824392182485, 0.00016068867629482632, 0.00016057027947335016, 0.00016045303217002323, 0.00016033694502853212, 0.00016022196483044397, 0.00016010813060260954, 0.00015999536783922286, 0.0001598837013755526, 0.00015977311702001663, 0.00015966359348524185, 0.00015955508819648196, 0.00015944760470163255, 0.00015934114654858906, 0.0001592356924499784, 0.00015913120337894985, 0.00015902771126656307, 0.00015892515225069865, 0.00015882355116662527, 0.00015872289027486528, 0.0001586231482880456, 0.00015852431101458412, 0.00015842637490658533, 0.0001583293364161537, 0.00015823316006433397, 0.00015813783520743962, 0.0001580433902286348, 0.0001579497577179046, 0.00015785695541472664, 0.0001577649762233098, 0.00015767379885628109, 0.0001575834197657449, 0.00015749384604749224, 0.00015740502448309036, 0.0001573169586204347, 0.00015722968393848055, 0.00015714311883563087, 0.000157057312982423, 0.00015697223444779713, 0.0001568878371091116, 0.00015680417063690367, 0.00015672122083959126, 0.0001566389344987415, 0.00015655735064120518, 0.00015647642669223605, 0.0001563961732955206, 0.0001563165585199992, 0.00015623759300935835, 0.00015615924838043393, 0.0001560815672079722, 0.00015600448917774928, 0.00015592805331661588, 0.00015585218511876604, 0.00015577694135052817, 0.00015570227588926043, 0.0001556281993786494, 0.00015555468343553087, 0.00015548173515569596, 0.00015540935808704012, 0.00015533753449008578, 0.00015526626081693742, 0.00015519552997180394, 0.00015512531711941673, 0.000155055657738731, 0.00015498650570710499, 0.00015491788940770286, 0.00015484975916998727, 0.0001547821256376448, 0.00015471499235857102, 0.00015464837352434794, 0.0001545822052728562, 0.00015451654082252866, 0.00015445133050282796, 0.00015438660979270936, 0.00015432232192584447, 0.00015425852366856167, 0.00015419515470663705, 0.00015413222213586173, 0.00015406974369571323, 0.000154007701646714, 0.00015394608889307296, 0.00015388490543479012, 0.00015382413353238786, 0.00015376378028165725, 0.0001537038314910162, 0.00015364431199573335, 0.00015358516857737586, 0.0001535264225233169, 0.00015346807738145194, 0.00015341010476861683, 0.00015335254016376676, 0.00015329534808794658, 0.0001532385214453652, 0.00015318209926287334, 0.00015312600703466504, 0.00015307030507496426, 0.00015301490468638284, 0.00015295993004526412, 0.00015290526407105582, 0.00015285098126956395, 0.00015279698939550492], "client_accs": {"T-shirt": [65.42857142857143, 73.42857142857143, 76.85714285714286, 79.14285714285714, 81.14285714285714, 82.42857142857143, 83.71428571428571, 84.0, 84.71428571428571, 85.14285714285714, 85.57142857142857, 85.71428571428571, 86.14285714285714, 86.0, 85.85714285714286, 86.0, 86.0, 86.0, 85.85714285714286, 85.85714285714286, 85.71428571428571, 85.71428571428571], "pullover": [24.142857142857142, 39.142857142857146, 42.285714285714285, 43.142857142857146, 44.42857142857143, 45.714285714285715, 46.857142857142854, 47.714285714285715, 49.57142857142857, 50.285714285714285, 51.714285714285715, 52.857142857142854, 53.857142857142854, 55.142857142857146, 56.142857142857146, 57.0, 58.0, 58.857142857142854, 59.0, 59.42857142857143, 60.0, 60.0], "shirt": [45.285714285714285, 52.285714285714285, 57.142857142857146, 58.0, 59.285714285714285, 59.285714285714285, 60.857142857142854, 62.0, 62.857142857142854, 63.857142857142854, 63.714285714285715, 64.0, 63.857142857142854, 64.0, 64.28571428571429, 64.57142857142857, 65.0, 65.0, 65.42857142857143, 65.57142857142857, 65.85714285714286, 65.85714285714286]}}