{"acc_dist": [98.85714285714286, 50.42857142857143, 46.857142857142854], "mean_curve": [36.142857142857146, 67.95238095238095, 70.14285714285715, 70.19047619047619, 69.52380952380953, 68.71428571428571, 68.09523809523809, 67.57142857142857, 67.0952380952381, 66.33333333333333, 65.52380952380953, 65.19047619047619, 64.76190476190476, 64.61904761904763, 64.47619047619047, 64.57142857142857, 64.38095238095238, 64.47619047619047, 64.85714285714285, 65.19047619047619, 65.33333333333333, 65.38095238095238], "var_curve": [12.103296902842935, 17.33241755822593, 18.46379063534491, 19.174222113316453, 19.938795238317578, 20.967418845943445, 21.414704507907594, 22.013292212061454, 22.64014054105718, 23.110010003422257, 23.723559097147028, 23.941349348288202, 24.225789747475496, 24.2257897474755, 24.42768957843925, 24.369882159390617, 24.499433100017278, 24.42768957843925, 24.064539073423504, 23.843689772141254, 23.74620151030056, 23.71610243567077], "train_loss": [0.0001985748963696616, 0.00019279645312400093, 0.0001873253250405902, 0.00018227723027978624, 0.00017776113535676683, 0.00017384193482853117, 0.00017050133574576605, 0.00016767374816394987, 0.00016527752436342694, 0.00016323507541701908, 0.00016148221634683155, 0.0001599690318107605, 0.00015865766931147802, 0.0001575190219141188, 0.0001565301985967727, 0.0001556725622642608, 0.0001549306157089415, 0.0001542911749510538, 0.00015374291510809036, 0.00015327600141366325, 0.00015288182312533967, 0.00015255267066614968, 0.00015228169304983956, 0.0001520626637197676, 0.00015188991313888912, 0.00015175840329556238, 0.00015166348644665307, 0.00015160101510229565, 0.00015156733847799752, 0.00015155919605777375, 0.00015157374242941537, 0.00015160847632657913, 0.0001516611377398173, 0.00015172948085126424, 0.00015181198361374085, 0.00015190602768035163, 0.00015200827802930558, 0.0001521150945197968, 0.00015222432357924325, 0.00015233518112273443, 0.00015244874216261363, 0.00015256631942022413, 0.0001526875226270585, 0.00015281071265538533, 0.00015293403040795097, 0.0001530559148107256, 0.00015317532278242568, 0.00015329177535715558, 0.00015340613822142283, 0.00015352130645797366, 0.00015364021062850953, 0.00015376185377438862, 0.00015388256382374536, 0.00015399941376277379, 0.00015411218007405599, 0.00015422600365820385, 0.00015434463818868001, 0.00015446633455299197, 0.00015458929396810984, 0.00015471215759004867, 0.00015483326855159942, 0.00015494956501892635, 0.00015505109159719377, 0.00015509768610908872, 0.00015520175298055014, 0.00015530744124026525, 0.00015541048276992072, 0.00015551644421759106, 0.00015562570166020165, 0.00015573649888946898, 0.00015584762962091538, 0.00015595851909546625, 0.00015606888702937536, 0.00015617889662583668, 0.00015628912973971595, 0.0001564000795284907, 0.00015651156504948934, 0.0001566226780414581, 0.00015673262022790455, 0.00015684100134032112, 0.00015694756593023028, 0.00015705216143812453, 0.00015715472045398893, 0.000157255001720928, 0.00015735283493995667, 0.00015744792918364207, 0.00015754000062034244, 0.00015762868736471448, 0.00015771351754665373, 0.00015779406187080202, 0.00015786989813759212, 0.00015794106182597932, 0.0001580083618561427, 0.00015807347283476874, 0.00015813861574445452, 0.0001582054722876776, 0.00015827488686357227, 0.0001583470758937654, 0.00015842178038188388, 0.00015849862779889788, 0.00015857706822100138, 0.00015865672557126908, 0.00015873715636276065, 0.00015881798097065516, 0.00015889891201541537, 0.00015897960180328004, 0.00015905977714629398, 0.0001591392322665169, 0.00015921767268862043, 0.000159294931661515, 0.00015937073954514096, 0.00015944494377999078, 0.00015951731375285556, 0.0001595875762757801, 0.00015965558588504792, 0.0001597211474464053, 0.00015978402679874785, 0.00015984409976573218, 0.00015990132377261207, 0.00015995567043622334, 0.00016000727457659585, 0.00016005638099852063, 0.0001601032664378484, 0.00016014837083362397, 0.00016019197092169806, 0.00016023439665635426, 0.0001602758112407866, 0.0001603163317555473, 0.00016035600432327815, 0.00016039477927344187, 0.0001604325891960235, 0.00016046938442048573, 0.00016050510818050023, 0.00016053970370973858, 0.00016057307521502175, 0.0001606052049568721, 0.00016063606455212547, 0.00016066557594708036, 0.00016069371430646806, 0.00016072045479501997, 0.00016074571935903456, 0.000160769522190094, 0.00016079179942607877, 0.00016081255816278005, 0.00016083179840019769, 0.0001608494988509587, 0.00016086570208980922, 0.000160880432952018, 0.00016089373756022682, 0.00016090560527074905, 0.00016091605382306234, 0.00016092508321716671, 0.00016093264733042036, 0.00016093866101333075, 0.00016094301073324113, 0.00016094547652062915, 0.000160945767448062, 0.0001609435180823008, 0.0001609381643079576, 0.00016092912072227113, 0.00016091557485716683, 0.00016089660425980886, 0.0001608712403547196, 0.00016083855004537674, 0.00016079805081798917, 0.00016075015777633302, 0.00016069641070706506, 0.00016063949181920005, 0.00016058242037182764, 0.0001605273676770074, 0.00016047540874708266, 0.00016042661099206833, 0.0001603807367029644, 0.00016033735658441272, 0.00016029606617632366, 0.0001602565532638913, 0.00016021848789283207, 0.0001601814797946385, 0.00016014531609557926, 0.00016010957459608712, 0.00016007397146452042, 0.0001600382583481925, 0.00016000216560704367, 0.00015996565776211876, 0.00015992864966392516, 0.00015989113776456742, 0.00015985331719829923, 0.00015981529794988178, 0.00015977719355197178, 0.00015973911044143494, 0.00015970114441145032, 0.0001596631925730478, 0.00015962524783043634, 0.00015958709021409354, 0.0001595485990955716, 0.00015950957579272132, 0.00015946983226708002, 0.00015942916628860292, 0.00015938747496831984, 0.00015934465186936517, 0.00015930067215647015], "client_accs": {"T-shirt": [39.285714285714285, 92.42857142857143, 95.42857142857143, 96.42857142857143, 96.85714285714286, 97.71428571428571, 98.0, 98.42857142857143, 98.85714285714286, 98.85714285714286, 99.0, 99.0, 99.0, 98.85714285714286, 99.0, 99.0, 99.0, 99.0, 98.85714285714286, 98.85714285714286, 98.85714285714286, 98.85714285714286], "pullover": [20.0, 56.857142857142854, 63.142857142857146, 63.0, 61.857142857142854, 59.57142857142857, 57.285714285714285, 55.714285714285715, 54.714285714285715, 52.857142857142854, 50.714285714285715, 49.857142857142854, 48.714285714285715, 48.57142857142857, 48.285714285714285, 48.714285714285715, 48.285714285714285, 48.285714285714285, 49.142857142857146, 50.0, 50.285714285714285, 50.42857142857143], "shirt": [49.142857142857146, 54.57142857142857, 51.857142857142854, 51.142857142857146, 49.857142857142854, 48.857142857142854, 49.0, 48.57142857142857, 47.714285714285715, 47.285714285714285, 46.857142857142854, 46.714285714285715, 46.57142857142857, 46.42857142857143, 46.142857142857146, 46.0, 45.857142857142854, 46.142857142857146, 46.57142857142857, 46.714285714285715, 46.857142857142854, 46.857142857142854]}}