{"acc_dist": [95.85714285714286, 71.42857142857143, 48.57142857142857], "mean_curve": [25.19047619047619, 50.047619047619044, 60.47619047619048, 64.23809523809524, 65.90476190476191, 67.19047619047619, 67.85714285714285, 68.57142857142857, 68.80952380952381, 69.47619047619048, 69.95238095238095, 70.33333333333333, 70.95238095238095, 70.90476190476191, 71.19047619047619, 71.04761904761905, 71.04761904761905, 71.28571428571429, 71.61904761904763, 71.80952380952381, 71.90476190476191, 71.95238095238095], "var_curve": [8.84125559259061, 8.225010252321493, 12.19810029445777, 13.955387291907032, 14.528570648187145, 15.171282096563713, 15.662685845382859, 16.54801301346713, 17.278957094588897, 17.89399372241615, 18.228083787078464, 18.289186178333896, 18.38526966322684, 18.601562853415547, 18.72694349589416, 18.995285248661165, 19.33251229783733, 19.372116858119192, 19.253529876321707, 19.14119869622445, 19.309274262963857, 19.307864998327776], "train_loss": [0.0002007099702244713, 0.0001995048281692323, 0.00019833505153656004, 0.00019720225107102167, 0.0001961074556623186, 0.00019505130393164503, 0.00019403388102849325, 0.00019305488892963955, 0.00019211365353493463, 0.00019120923819996062, 0.00019034041535286676, 0.00018950584388914562, 0.00018870405498005094, 0.00018793352303050816, 0.00018719258052962167, 0.00018647973026548114, 0.00018579098795141493, 0.00018512287310191566, 0.00018447407299563995, 0.00018384353390761785, 0.00018323019146919252, 0.00018263315515858785, 0.00018205157702877407, 0.00018148476169222878, 0.00018093197828247432, 0.00018039259527410781, 0.00017986604145595007, 0.00017935185914947876, 0.00017884953036194755, 0.00017835860451062522, 0.00017787863101278032, 0.00017740930829729352, 0.0001769502070688066, 0.0001765009831814539, 0.00017606138118675778, 0.000175631046295166, 0.00017520971951030548, 0.0001747971240963255, 0.0001743929868652707, 0.00017399707010814122, 0.00017360912547225045, 0.00017322894363176256, 0.00017285633300031934, 0.000172491002650488, 0.00017213284614540282, 0.0001717815583660489, 0.00017143664970284414, 0.00017109772988728117, 0.00017076457540194192, 0.00017043710819312507, 0.00017011516860553197, 0.00016979864310650599, 0.00016948739687601725, 0.0001691812738066628, 0.00016888020294053216, 0.0001685840210744313, 0.00016829268208571843, 0.0001680060156754085, 0.0001677239579813821, 0.00016744637418360936, 0.0001671732110636575, 0.00016690434089728764, 0.00016663968208290283, 0.00016637914237521942, 0.00016612264726843153, 0.00016587009387356892, 0.00016562142897219885, 0.00016537654612745558, 0.0001651354098603839, 0.00016489786761147637, 0.00016466393357231505, 0.00016443348356655666, 0.00016420647501945497, 0.00016398283342520398, 0.00016376247363431113, 0.00016354537081150785, 0.00016333142561571938, 0.00016312060611588618, 0.00016291285199778417, 0.00016270807101612998, 0.00016250626671881902, 0.00016230733976477666, 0.00016211125467504773, 0.00016191791920434863, 0.00016172737947532109, 0.00016153951840741293, 0.0001613542934258779, 0.0001611716513122831, 0.00016099158497083753, 0.00016081400925204868, 0.0001606389064164389, 0.00016046619486241112, 0.0001602959278083983, 0.00016012795979068395, 0.00015996233693190982, 0.00015979892086415064, 0.0001596377648058392, 0.00015947881199064712, 0.00015932200210435048, 0.00015916732805115836, 0.00015901474370842887, 0.00015886419940562473, 0.00015871570933432804, 0.00015856918834504627, 0.00015842463288988386, 0.00015828202877725875, 0.00015814132278873808, 0.0001580024900890532, 0.00015786548455556232, 0.00015773031328405652, 0.0001575969478913716, 0.00015746533161117916, 0.00015733547153927031, 0.00015720731090931666, 0.00015708084617342268, 0.00015695605249631974, 0.00015683289794694809, 0.00015671136123793464, 0.00015659142817769732, 0.00015647304554780323, 0.00015635626301878976, 0.00015624096351010458, 0.0001561271966922851, 0.0001560149235384805, 0.0001559041156655266, 0.00015579474114236377, 0.00015568681770846955, 0.00015558027440593355, 0.00015547514316581546, 0.00015537139560495102, 0.0001552690068880717, 0.00015516793444043115, 0.00015506818890571593, 0.000154969756092344, 0.00015487260052136011, 0.00015477670445328666, 0.00015468208207970572, 0.00015458870501745315, 0.0001544965200480961, 0.0001544055591026942, 0.0001543157867022923, 0.00015422721349057697, 0.00015413977205753324, 0.00015405348723842986, 0.00015396832000641597, 0.0001538842987446558, 0.00015380137378261203, 0.00015371954512028468, 0.0001536387950181961, 0.00015355912347634633, 0.0001534804879199891, 0.00015340289899281093, 0.0001533263460511253, 0.0001532508149033501, 0.00015317627361842562, 0.00015310273638793401, 0.00015303018192450204, 0.00015295859248865218, 0.00015288798227196647, 0.00015281829805601212, 0.0001527495575802667, 0.00015268175020104362, 0.00015261485817886535, 0.00015254885667846316, 0.00015248378117879233, 0.00015241956426983788, 0.00015235623433476403, 0.00015229377363409316, 0.00015223215023676552, 0.00015217139962173644, 0.00015211146502267748, 0.00015205236417906626, 0.00015199409354300724, 0.00015193662118344082, 0.00015187996838773998, 0.0001518240783895765, 0.00015176900795527866, 0.00015171469677062262, 0.00015166114838350385, 0.000151608373437609, 0.0001515563293581917, 0.0001515050516242073, 0.0001514544870172228, 0.00015140464972882042, 0.00015135552556741805, 0.0001513071535598664, 0.0001512594414608819, 0.00015121244958468845, 0.00015116614600022634, 0.00015112051296801795, 0.00015107556822754087, 0.00015103128339563098, 0.00015098766911597478, 0.00015094470055330368, 0.0001509023848034087, 0.00015086070057891666, 0.0001508196620714097, 0.00015077924799351467, 0.00015073943705785843, 0.0001507002647433962, 0.00015066169911906834], "client_accs": {"T-shirt": [27.0, 60.0, 77.71428571428571, 83.85714285714286, 86.14285714285714, 88.14285714285714, 89.28571428571429, 91.0, 92.14285714285714, 93.42857142857143, 94.14285714285714, 94.42857142857143, 94.85714285714286, 95.0, 95.14285714285714, 95.14285714285714, 95.42857142857143, 95.42857142857143, 95.57142857142857, 95.71428571428571, 95.85714285714286, 95.85714285714286], "pullover": [13.571428571428571, 39.857142857142854, 51.285714285714285, 56.285714285714285, 58.857142857142854, 60.714285714285715, 62.0, 63.142857142857146, 63.42857142857143, 64.57142857142857, 65.57142857142857, 66.42857142857143, 67.85714285714286, 68.0, 69.0, 69.28571428571429, 69.57142857142857, 70.42857142857143, 70.85714285714286, 70.85714285714286, 71.28571428571429, 71.42857142857143], "shirt": [35.0, 50.285714285714285, 52.42857142857143, 52.57142857142857, 52.714285714285715, 52.714285714285715, 52.285714285714285, 51.57142857142857, 50.857142857142854, 50.42857142857143, 50.142857142857146, 50.142857142857146, 50.142857142857146, 49.714285714285715, 49.42857142857143, 48.714285714285715, 48.142857142857146, 48.0, 48.42857142857143, 48.857142857142854, 48.57142857142857, 48.57142857142857]}}