{"acc_dist": [99.0, 63.42857142857143, 45.0], "mean_curve": [38.476190476190474, 70.33333333333333, 71.71428571428571, 72.09523809523809, 71.95238095238096, 71.42857142857143, 71.14285714285715, 70.42857142857143, 70.28571428571428, 69.85714285714285, 69.66666666666667, 69.38095238095238, 69.14285714285715, 69.09523809523809, 69.0, 68.85714285714286, 69.04761904761905, 69.09523809523809, 69.28571428571429, 69.28571428571429, 69.19047619047619, 69.14285714285715], "var_curve": [12.896412691809314, 18.601562853415547, 19.77320388396212, 20.704047825772673, 20.884304992298354, 21.03058996523194, 21.1412483300391, 21.761540061547578, 21.853874638944323, 22.06576441421582, 22.190374003443438, 22.56489758839165, 22.573538177484274, 22.578761115586904, 22.64094178469525, 22.60335295096394, 22.51358874112555, 22.539559579365033, 22.337242017589837, 22.37710199908717, 22.40059927931756, 22.412642205064643], "train_loss": [0.00019400189320246378, 0.00018415843092259906, 0.00017786176786536263, 0.0001733426075606119, 0.00016972316517716363, 0.0001667356952315285, 0.00016423669599351432, 0.00016212250150385356, 0.00016031582795438313, 0.0001587592207250141, 0.00015740973608834402, 0.00015623462696870167, 0.00015520821724619184, 0.00015430996815363565, 0.00015352305557046617, 0.00015283350433622088, 0.0001522296028477805, 0.000151701502147175, 0.00015124083984465828, 0.00015084041371231987, 0.00015049411427407036, 0.0001501964990581785, 0.00014994290967782338, 0.00014972920573893048, 0.00014955173290911178, 0.00014940721648080006, 0.00014929275427545818, 0.00014920570665881747, 0.00014914367880140033, 0.0001491045526095799, 0.0001490858161733264, 0.00014908286432425183, 0.0001490934015739532, 0.000149115923614729, 0.00014914890839940026, 0.0001491910715897878, 0.00014924133817354837, 0.00014929884601207004, 0.00014936282166412899, 0.00014943254490693412, 0.00014950719972451528, 0.00014958587075982775, 0.00014966752557527452, 0.00014975116721221377, 0.00014983607899575005, 0.0001499219061363311, 0.00015000833641915095, 0.00015009311338265736, 0.00015017397701740264, 0.00015027119999840146, 0.00015037695921602703, 0.00015048430079505558, 0.000150592497416905, 0.00015070122622308277, 0.0001508100295350665, 0.0001509184567701249, 0.00015102623474030268, 0.00015113344149930136, 0.0001512407192162105, 0.00015134896550859724, 0.00015145872675237203, 0.00015156995682489305, 0.0001516821625686827, 0.00015179486146995, 0.00015190764906860532, 0.00015202023443721592, 0.00015213230890887125, 0.0001522437199240639, 0.0001523542262258984, 0.00015246366106328512, 0.00015257181865828377, 0.00015267859257402872, 0.00015278383025101253, 0.0001528873365549814, 0.0001529889873095921, 0.00015308861576375507, 0.00015318594518161954, 0.00015328055691151394, 0.00015337157462324416, 0.0001534571427674521, 0.00015353296129476455, 0.00015359020658901762, 0.0001536286338454201, 0.00015368773468903133, 0.0001537637518984931, 0.00015384118826616377, 0.00015391793988999867, 0.00015399445380483354, 0.00015407074420225052, 0.00015414602699733915, 0.00015421950746150243, 0.00015429071727253142, 0.00015435956063724699, 0.0001544260588430223, 0.00015449029349145436, 0.00015455239585467748, 0.00015461241560322899, 0.0001546704698176611, 0.00015472662590798876, 0.00015478095483212245, 0.0001548334707816442, 0.00015488427664552416, 0.0001549333759716579, 0.0001549807581163588, 0.0001550265011333284, 0.00015507062276204426, 0.00015511322234358106, 0.0001551545908053716, 0.00015519495876062484, 0.00015523478388786315, 0.00015527443871611642, 0.00015531417159807116, 0.00015535399672530947, 0.00015539382185254778, 0.00015543343410605475, 0.00015547260642051694, 0.0001555110514163971, 0.00015554860943839665, 0.00015558498246329172, 0.00015562011372475398, 0.00015565382937590282, 0.00015568600524039496, 0.00015571660229137964, 0.00015574551054409574, 0.00015577266613642376, 0.00015579798037097567, 0.00015582146743933358, 0.0001558429996172587, 0.0001558625910963331, 0.00015588019575391495, 0.00015589584906895953, 0.0001559095084667206, 0.0001559212129740488, 0.00015593098033042183, 0.00015593884601479486, 0.00015594486679349626, 0.00015594905685810815, 0.00015595148007074993, 0.0001559522180330186, 0.0001559513204154514, 0.000155948872367541, 0.0001559450158051082, 0.00015593981813816798, 0.00015593341418675014, 0.0001559258181424368, 0.000155917193208422, 0.000155907589055243, 0.0001558969843955267, 0.00015588546792666118, 0.00015587303255285535, 0.0001558596711783182, 0.0001558454405693781, 0.00015583026976812454, 0.0001558142119929904, 0.00015579728143555777, 0.00015577946035634903, 0.0001557607523032597, 0.00015574122823420024, 0.00015572087395758854, 0.00015569973559606643, 0.00015567784153279807, 0.0001556551953156789, 0.00015563187854630606, 0.00015560789832047054, 0.00015558334688345592, 0.00015555826681000844, 0.000155532711318561, 0.00015550672653175536, 0.00015548040469487507, 0.00015545376354739778, 0.00015542695564883097, 0.00015539998099917457, 0.00015537294248739878, 0.0001553459181672051, 0.00015531893287386214, 0.00015529212142739975, 0.00015526550866308664, 0.00015523915134725116, 0.00015521306721937088, 0.00015518735562052046, 0.00015516203074228193, 0.000155137110324133, 0.00015511261920134225, 0.00015508856092180524, 0.00015506496386868612, 0.00015504180675461179, 0.00015501910022326879, 0.00015499681589149292, 0.00015497493247191113, 0.0001549534180334636, 0.00015493225838456837, 0.00015491146062101635, 0.00015489091121015096, 0.00015487064208303178, 0.00015485060002122606, 0.00015483076728525617, 0.00015481104453404746, 0.00015479147079445067, 0.0001547719467253912, 0.00015475249006634666, 0.00015473303340730212], "client_accs": {"T-shirt": [56.714285714285715, 94.42857142857143, 95.71428571428571, 97.42857142857143, 97.85714285714286, 98.0, 98.28571428571429, 98.57142857142857, 98.71428571428571, 98.71428571428571, 98.71428571428571, 99.0, 99.0, 99.14285714285714, 99.28571428571429, 99.14285714285714, 99.14285714285714, 99.14285714285714, 99.0, 99.0, 99.0, 99.0], "pullover": [29.285714285714285, 67.42857142857143, 72.14285714285714, 72.14285714285714, 71.28571428571429, 69.71428571428571, 68.42857142857143, 67.14285714285714, 66.57142857142857, 65.71428571428571, 65.42857142857143, 64.85714285714286, 64.0, 63.42857142857143, 62.857142857142854, 62.57142857142857, 63.0, 63.285714285714285, 63.714285714285715, 63.857142857142854, 63.57142857142857, 63.42857142857143], "shirt": [29.428571428571427, 49.142857142857146, 47.285714285714285, 46.714285714285715, 46.714285714285715, 46.57142857142857, 46.714285714285715, 45.57142857142857, 45.57142857142857, 45.142857142857146, 44.857142857142854, 44.285714285714285, 44.42857142857143, 44.714285714285715, 44.857142857142854, 44.857142857142854, 45.0, 44.857142857142854, 45.142857142857146, 45.0, 45.0, 45.0]}}