{"acc_dist": [95.42857142857143, 62.285714285714285, 52.142857142857146], "mean_curve": [36.142857142857146, 43.47619047619048, 49.0, 52.714285714285715, 57.61904761904762, 60.523809523809526, 63.42857142857142, 65.28571428571429, 66.42857142857143, 66.80952380952381, 67.28571428571429, 68.23809523809524, 68.28571428571429, 68.76190476190476, 68.76190476190477, 68.95238095238095, 69.33333333333333, 69.33333333333333, 69.52380952380952, 69.80952380952381, 69.90476190476191, 69.95238095238095], "var_curve": [12.103296902842935, 16.360036480729303, 21.208713393544734, 24.408373716472653, 23.622983543022738, 21.71063043586949, 19.625403501203078, 18.554204466949276, 17.68930650494389, 17.346541278625715, 17.37618982369598, 17.228489825809007, 17.497521690402973, 17.69943053518506, 17.943347480915083, 18.17239190817761, 18.012215557700063, 18.25232566798679, 18.433308115272265, 18.45838611960942, 18.504029100996398, 18.484166172510204], "train_loss": [0.0001985748963696616, 0.00019800399030957903, 0.00019743557487215317, 0.00019686955781210037, 0.0001963058752673013, 0.00019574457690829322, 0.00019518564854349406, 0.00019462909017290388, 0.00019407503661655247, 0.00019352353044918604, 0.00019297467810767036, 0.00019242856474149795, 0.00019188529678753445, 0.00019134503744897385, 0.00019080784349214463, 0.0001902738923118228, 0.00018974330453645611, 0.00018921621498607451, 0.0001886927442891257, 0.0001881730201698485, 0.00018765717390037718, 0.000187145315465473, 0.00018663756549358365, 0.00018613407299632116, 0.00018563494086265564, 0.00018514019392785571, 0.00018464974349453336, 0.00018416366761639003, 0.00018368211885293325, 0.00018320524976367042, 0.0001827331632375717, 0.00018226596216360728, 0.00018180378845759803, 0.00018134672017324537, 0.0001808948637474151, 0.0001804482617548534, 0.00018000704191979905, 0.00017957122552962528, 0.0001791408658027649, 0.00017871601240975515, 0.0001782967292127155, 0.00017788294170584, 0.00017747481309232259, 0.00017707227951004392, 0.00017667533031531744, 0.00017628401517868044, 0.00017589827378590903, 0.00017551811323279426, 0.00017514352642354508, 0.0001747744565918332, 0.0001744108966418675, 0.00017405281464258828, 0.00017370016092345828, 0.00017335285743077597, 0.00017301088997295926, 0.00017267421242736633, 0.00017234276093187786, 0.00017201646098068783, 0.00017169525580746788, 0.0001713790815500986, 0.00017106790627752035, 0.0001707616519360315, 0.00017046015887033374, 0.0001701634590114866, 0.00016987149559316182, 0.00016958411960374742, 0.0001693012955642882, 0.0001690229702563513, 0.00016874905143465313, 0.0001684794362102236, 0.0001682140961998985, 0.00016795293561049868, 0.0001676958905799048, 0.00016744287241072882, 0.000167193856267702, 0.00016694871442658561, 0.00016670737238157362, 0.0001664698301326661, 0.0001662359812429973, 0.00016600572637149265, 0.00016577905842236106, 0.00016555586741084146, 0.00016533608592691877, 0.00016511968558742887, 0.0001649065918865658, 0.0001646967161269415, 0.00016449004056907836, 0.00016428648715927487, 0.000164085974295934, 0.00016388848778747377, 0.0001636939495801926, 0.00016350231000355312, 0.00016331353712649573, 0.00016312756353900547, 0.00016294431473527638, 0.00016276374104477113, 0.00016258587085065388, 0.00016241057288079034, 0.0001622378293957029, 0.00016206762620380946, 0.00016189986751193093, 0.00016173453912848518, 0.00016157159493083046, 0.00016141102072738466, 0.00016125273846444632, 0.00016109671975885118, 0.00016094294332322622, 0.00016079137367861613, 0.00016064192922342392, 0.00016049464188870933, 0.00016034941588129314, 0.00016020628313223522, 0.0001600651549441474, 0.0001599260029338655, 0.0001597888483887627, 0.00015965362035092853, 0.00015952027979351224, 0.00015938882671651385, 0.00015925922564097813, 0.00015913144463584536, 0.0001590054375784738, 0.00015888121866044545, 0.00015875875595070066, 0.00015863798558712007, 0.0001585189075697036, 0.00015840151125476475, 0.00015828575051966167, 0.00015817162891228992, 0.0001580590790226346, 0.00015794813278175536, 0.0001578387369712194, 0.00015773088804313116, 0.00015762452213537124, 0.00015751967827479043, 0.0001574162890513738, 0.0001573143686567034, 0.0001572139064470927, 0.00015711483856042225, 0.0001570171649966921, 0.00015692089994748435, 0.00015682597245488848, 0.00015673239316259114, 0.00015664016561848777, 0.000156549225960459, 0.00015645958128429594, 0.00015637124932947613, 0.00015628416623388017, 0.00015619831071013497, 0.00015611371114140465, 0.0001560303072134654, 0.00015594815569264548, 0.0001558671430462883, 0.00015578732604072207, 0.00015570866564909618, 0.00015563114767982845, 0.00015555477568081444, 0.0001554795070773079, 0.00015540534186930886, 0.00015533226941313064, 0.00015526027906508671, 0.00015518938856465476, 0.0001551195163102377, 0.00015505070132868632, 0.00015498291168894085, 0.00015491612965152376, 0.00015485036231222606, 0.00015478558838367463, 0.00015472180786586941, 0.00015465898173195976, 0.0001545971277214232, 0.00015453621745109558, 0.0001544762509209769, 0.00015441721039158958, 0.00015435909231503804, 0.0001543018576644716, 0.0001542455561104275, 0.0001541901131470998, 0.00015413556070554822, 0.0001540818704026086, 0.00015402904578617642, 0.0001539770407336099, 0.0001539259013675508, 0.00015387557446956633, 0.00015382607068334308, 0.0001537773935567765, 0.0001537294898714338, 0.00015368239155837466, 0.00015363606313864388, 0.00015359049751645043, 0.00015354572307495844, 0.00015350169369152613, 0.00015345841291404904, 0.0001534158984820048, 0.00015337407943748292, 0.00015333298771154314, 0.0001532926055647078, 0.00015325294009276797, 0.00015321398419993265, 0.00015317569885935103, 0.00015313810181050074, 0.00015310118950548625], "client_accs": {"T-shirt": [39.285714285714285, 59.0, 73.42857142857143, 81.71428571428571, 86.28571428571429, 88.28571428571429, 89.57142857142857, 90.57142857142857, 91.14285714285714, 91.28571428571429, 91.85714285714286, 92.57142857142857, 93.0, 93.71428571428571, 94.0, 94.42857142857143, 94.42857142857143, 94.71428571428571, 95.0, 95.28571428571429, 95.42857142857143, 95.42857142857143], "pullover": [20.0, 20.857142857142858, 21.714285714285715, 22.0, 28.428571428571427, 35.285714285714285, 42.285714285714285, 46.57142857142857, 50.714285714285715, 53.142857142857146, 54.714285714285715, 57.142857142857146, 57.0, 58.0, 58.42857142857143, 59.142857142857146, 60.57142857142857, 60.714285714285715, 61.57142857142857, 62.0, 62.142857142857146, 62.285714285714285], "shirt": [49.142857142857146, 50.57142857142857, 51.857142857142854, 54.42857142857143, 58.142857142857146, 58.0, 58.42857142857143, 58.714285714285715, 57.42857142857143, 56.0, 55.285714285714285, 55.0, 54.857142857142854, 54.57142857142857, 53.857142857142854, 53.285714285714285, 53.0, 52.57142857142857, 52.0, 52.142857142857146, 52.142857142857146, 52.142857142857146]}}