{"acc_dist": [95.71428571428571, 72.0, 47.42857142857143], "mean_curve": [38.476190476190474, 59.333333333333336, 65.47619047619047, 67.52380952380953, 68.33333333333333, 69.0, 69.42857142857143, 69.80952380952381, 70.14285714285715, 70.23809523809523, 70.3809523809524, 70.76190476190476, 70.76190476190476, 71.04761904761905, 71.19047619047619, 71.28571428571429, 71.38095238095237, 71.28571428571429, 71.71428571428571, 71.71428571428571, 71.76190476190476, 71.71428571428572], "var_curve": [12.896412691809314, 15.040233268804222, 15.368637263526928, 16.249053696500173, 16.989125506850794, 17.38910441572401, 17.45704153972625, 17.653634006934485, 18.10175321309389, 18.16377996162503, 18.431462797664164, 18.512482765436662, 18.762509054807836, 19.09957200550972, 19.03606792607569, 19.0841316709106, 19.0246289828871, 19.306690532551865, 19.30457631409368, 19.479275573561463, 19.714400735804322, 19.713595571080784], "train_loss": [0.00019400189320246378, 0.00019293085450217836, 0.00019189828918093725, 0.00019090407661029272, 0.0001899478052343641, 0.00018902873709088276, 0.00018814588586489362, 0.0001872981871877398, 0.00018648428221543627, 0.0001857028298434757, 0.00018495230802467892, 0.00018423125857398623, 0.0001835381913752783, 0.00018287161276454018, 0.00018223008229618982, 0.00018161219855149585, 0.00018101660978226436, 0.00018044128304436091, 0.0001798826527027857, 0.00017933976437364306, 0.0001788116849604107, 0.00017829765876134235, 0.00017779699393681114, 0.0001773089702640261, 0.0001768330449149722, 0.00017636867506163462, 0.00017591536754653567, 0.0001754726079248247, 0.0001750397327400389, 0.00017461607853571574, 0.00017420125504334768, 0.00017379493230865116, 0.0001733968797184172, 0.00017300678860573544, 0.0001726244460968744, 0.00017224956836019243, 0.0001718819425219581, 0.00017152135570844013, 0.00017116764471644447, 0.00017082059312434426, 0.00017048000579788573, 0.00017014575501283008, 0.00016981762434755052, 0.00016949547543412163, 0.0001691791840962001, 0.00016886858003480095, 0.00016856351778620765, 0.00016826386962618146, 0.00016796953976154329, 0.0001676803401538304, 0.00016739618565355028, 0.00016711694853646414, 0.00016684252946149735, 0.00016657279360862004, 0.0001663076380888621, 0.00016604696001325334, 0.00016579067068440574, 0.000165538645925976, 0.0001652908218758447, 0.00016504708500135514, 0.0001648073324135372, 0.00016457151444185348, 0.00016433952819733393, 0.00016411128498259044, 0.00016388670319602604, 0.00016366567994867051, 0.00016344817266577768, 0.00016323412812891463, 0.00016302340442226045, 0.00016281600509371078, 0.00016261182370639983, 0.0001624107680150441, 0.00016221280963647934, 0.00016201789535227277, 0.00016182592582134972, 0.0001616368904000237, 0.0001614506932951155, 0.00016126729193187894, 0.00016108662599609012, 0.00016090864226931618, 0.00016073328753312427, 0.00016056049437749954, 0.0001603902450629643, 0.0001602224970147723, 0.0001600571899186997, 0.000159894245721045, 0.0001597336573260171, 0.0001595753963504519, 0.00015941937764485676, 0.00015926559056554518, 0.0001591139854419799, 0.000158964509055728, 0.00015881713657152084, 0.00015867185734567187, 0.0001585285968723751, 0.00015838733386425743, 0.00015824803639025915, 0.00015811065477984294, 0.0001579751925809043, 0.00015784159302711486, 0.0001577098454747881, 0.00015757986477443148, 0.00015745168640500027, 0.0001573252429564794, 0.0001572005202372869, 0.00015707747922057198, 0.00015695613409791675, 0.0001568364210072018, 0.00015671829382578532, 0.00015660178803262256, 0.00015648682912190756, 0.00015637339225837163, 0.00015626150227728345, 0.00015615110950810567, 0.00015604216073240556, 0.000155934663045974, 0.0001558286129009156, 0.00015572396772248404, 0.00015562068493593306, 0.00015551879292442685, 0.0001554182420174281, 0.00015531901447545914, 0.000155221103202729, 0.0001551244691723869, 0.00015502911593232838, 0.00015493501509938922, 0.00015484213474250974, 0.00015475047840958551, 0.00015466003545692989, 0.00015457078104927425, 0.0001544827116387231, 0.00015439575626736597, 0.00015430995041415803, 0.00015422527633962178, 0.00015414171630427948, 0.00015405925611654918, 0.00015397782836641585, 0.00015389752175126755, 0.0001538182440258208, 0.00015373998099849336, 0.0001536627681482406, 0.0001535865558045251, 0.00015351134396734693, 0.00015343710425354186, 0.00015336387214206514, 0.00015329154829184214, 0.0001532202143044699, 0.00015314979567414237, 0.00015308029594875516, 0.0001530117222240993, 0.00015294404256911505, 0.00015287727827117557, 0.0001528113725639525, 0.00015274632899534135, 0.0001526821440174466, 0.0001526188211781638, 0.00015255631790274667, 0.0001524946554785683, 0.0001524338232619422, 0.00015237375384285337, 0.00015231451463131677, 0.00015225605950469062, 0.00015219837781928834, 0.00015214149086248307, 0.00015208534541584194, 0.00015202994502726055, 0.0001519753003404254, 0.0001519213652326947, 0.0001518681893746058, 0.00015181573728720345, 0.00015176398058732352, 0.00015171292637075696, 0.00015166256754171282, 0.00015161289345650444, 0.00015156388637565434, 0.0001515155675865355, 0.0001514679193496704, 0.00015142089199452174, 0.00015137454228741782, 0.00015132883474940347, 0.000151283751641001, 0.0001512393000580016, 0.00015119547290461406, 0.0001511522488934653, 0.00015110963866824193, 0.000151067649324735, 0.00015102621700082506, 0.00015098539491494498, 0.000150945151136035, 0.00015090550340357282, 0.00015086638430754343, 0.00015082784706637974, 0.0001507898774884996, 0.00015075246138232092, 0.0001507155703646796, 0.00015067923636663527, 0.00015064340971765062, 0.0001506081542798451, 0.00015057340619109927, 0.00015053914416404, 0.00015050543560868218], "client_accs": {"T-shirt": [56.714285714285715, 80.42857142857143, 86.71428571428571, 90.0, 91.57142857142857, 92.57142857142857, 93.0, 93.28571428571429, 94.14285714285714, 94.14285714285714, 94.28571428571429, 94.57142857142857, 94.57142857142857, 95.14285714285714, 95.14285714285714, 95.14285714285714, 95.14285714285714, 95.14285714285714, 95.42857142857143, 95.57142857142857, 95.71428571428571, 95.71428571428571], "pullover": [29.285714285714285, 51.142857142857146, 58.857142857142854, 60.42857142857143, 62.0, 63.285714285714285, 64.0, 65.42857142857143, 65.85714285714286, 66.42857142857143, 67.42857142857143, 68.28571428571429, 69.0, 69.57142857142857, 69.85714285714286, 70.28571428571429, 70.42857142857143, 70.85714285714286, 71.57142857142857, 71.71428571428571, 72.14285714285714, 72.0], "shirt": [29.428571428571427, 46.42857142857143, 50.857142857142854, 52.142857142857146, 51.42857142857143, 51.142857142857146, 51.285714285714285, 50.714285714285715, 50.42857142857143, 50.142857142857146, 49.42857142857143, 49.42857142857143, 48.714285714285715, 48.42857142857143, 48.57142857142857, 48.42857142857143, 48.57142857142857, 47.857142857142854, 48.142857142857146, 47.857142857142854, 47.42857142857143, 47.42857142857143]}}