{"acc_dist": [86.57142857142857, 82.42857142857143, 69.42857142857143], "mean_curve": [25.19047619047619, 70.19047619047619, 73.71428571428572, 74.38095238095237, 75.66666666666667, 76.85714285714285, 77.28571428571429, 77.52380952380952, 77.76190476190476, 78.04761904761905, 78.19047619047619, 78.42857142857143, 78.47619047619048, 78.66666666666667, 78.85714285714285, 78.80952380952381, 78.90476190476191, 79.14285714285715, 79.33333333333333, 79.38095238095238, 79.38095238095238, 79.47619047619048], "var_curve": [8.84125559259061, 12.016051245244611, 10.732999530027225, 9.509274622960223, 9.463379711052262, 9.107819769427858, 8.76061067047999, 8.547851170743918, 8.413087741814772, 8.223355930910442, 7.839663096097785, 7.638071487909877, 7.573973815975291, 7.3608019872627795, 7.425823667638305, 7.349703435484264, 7.415128251360661, 7.454168354037904, 7.527124043875062, 7.46176953109297, 7.434368922096972, 7.303277927117768], "train_loss": [0.0002007099702244713, 0.0001894062970365797, 0.00018207766115665435, 0.00017712840012141636, 0.00017338452949410392, 0.00017036332260994685, 0.00016784056311561947, 0.00016568756884052641, 0.00016382021208604175, 0.00016217980356443494, 0.00016072378272101993, 0.00015942050587563288, 0.00015824576218922932, 0.00015718058461234685, 0.0001562096994547617, 0.00015532065715108599, 0.00015450312268166315, 0.00015374842144194102, 0.00015304924476714364, 0.00015239939803168888, 0.00015179347069490523, 0.00015122694273789723, 0.00015069579439503807, 0.00015019654163292475, 0.00014972619712352753, 0.00014928207865783148, 0.00014886181624162762, 0.00014846336628709518, 0.0001480848980801446, 0.00014772476539725348, 0.00014738154198442186, 0.00014705393640767963, 0.0001467407743136088, 0.00014644104100409007, 0.0001461538069304966, 0.00014587820285842534, 0.00014561349792139872, 0.0001453589577050436, 0.00014511399325870333, 0.00014487798370066144, 0.0001446503968465896, 0.00014443077147006987, 0.00014421864634468442, 0.0001440135815313884, 0.00014381522578852518, 0.00014362319594337825, 0.00014343717623324623, 0.00014325686508700962, 0.00014308196802934013, 0.00014291221896807352, 0.00014274736245473225, 0.00014258719625927154, 0.0001424314436458406, 0.0001422799626986186, 0.0001421325228043965, 0.00014198896075998034, 0.00014184912755375815, 0.00014171281031199863, 0.00014157990969362714, 0.00014145027313913617, 0.000141323772924287, 0.00014120030616010938, 0.00014107970609551383, 0.00014096192660785858, 0.000140846800946054, 0.0001407342617000852, 0.00014062421662466864, 0.00014051655928293865, 0.0001404112329085668, 0.00014030813461258295, 0.0001402071863412857, 0.00014010832068466007, 0.0001400114383016314, 0.00013991651080903553, 0.00013982346015317098, 0.0001397322224719184, 0.0001396427055199941, 0.00013955491284529367, 0.00013946873801095144, 0.0001393841668253853, 0.0001393011070433117, 0.00013921954802104404, 0.0001391394684712092, 0.0001390607442174639, 0.0001389833717119126, 0.00013890735095455534, 0.00013883257905642193, 0.00013875906311330342, 0.0001386867676462446, 0.00013861562169733502, 0.00013854562171867915, 0.00013847674287500837, 0.00013840893904368083, 0.00013834220667680104, 0.00013827646417277203, 0.0001382117434626534, 0.00013814797004063924, 0.00013808514745462507, 0.00013802325441723777, 0.00013796225544952212, 0.00013790213635989597, 0.00013784286876519523, 0.00013778445266541978, 0.00013772682774634587, 0.00013767002239113764, 0.00013761396564188457, 0.0001375586823338554, 0.00013750413344019934, 0.0001374503118651254, 0.00013739719986915588, 0.0001373447726170222, 0.0001372930407524109, 0.00013724195460478462, 0.00013719153546151662, 0.0001371417265562784, 0.00013709255272433872, 0.00013704396784305572, 0.00013699597191242944, 0.00013694859331562405, 0.00013690175399893808, 0.00013685548589343117, 0.0001368097464243571, 0.00013676456752277557, 0.00013671991725762686, 0.0001366757495062692, 0.00013663212813082195, 0.00013658898926916576, 0.000136546315181823, 0.00013650413425195785, 0.0001364624322879882, 0.00013642117381095886, 0.00013638038720403396, 0.00013633999086561655, 0.00013630008413678123, 0.00013626057122434888, 0.00013622149115517025, 0.0001361828190939767, 0.00013614455504076825, 0.0001361066670644851, 0.00013606920483566465, 0.00013603210094429198, 0.00013599536958194914, 0.00013595902494021824, 0.00013592304927962165, 0.00013588741776489075, 0.0001358521303960255, 0.0001358172084603991, 0.00013578262002695172, 0.00013574836154778798, 0.00013571442947501227, 0.00013568082380862462, 0.0001356475410007295, 0.00013561456331184933, 0.00013558190138567063, 0.00013554954103061132, 0.0001355174857945669, 0.0001354857108422688, 0.00013545424455688112, 0.00013542304436365765, 0.00013539214574155353, 0.00013536152030740466, 0.0001353311503217334, 0.00013530106061980838, 0.00013527121927056995, 0.00013524166884876433, 0.0001352123561359587, 0.00013518329177583966, 0.0001351544935078848, 0.00013512591875734783, 0.00013509761364687058, 0.00013506951076643807, 0.00013504167043027423, 0.00013501406425521487, 0.00013498667450178236, 0.00013495951181366332, 0.0001349325690950666, 0.00013490585344178336, 0.00013487935421012694, 0.00013485306075641085, 0.00013482698372432162, 0.00013480110537438165, 0.000134775439898173, 0.00013474998729569573, 0.00013472472273168108, 0.00013469965684981573, 0.0001346747754585175, 0.00013465010339305515, 0.00013462560872236885, 0.00013460130209014528, 0.0001345771657569068, 0.00013455322101002648, 0.000134529485588982, 0.00013450589208375839, 0.00013448249371278854, 0.0001344592585450127, 0.00013443618303253537, 0.00013441327427114757, 0.00013439054645243145, 0.00013436800312428246, 0.00013434558042458124, 0.00013432335285913375], "client_accs": {"T-shirt": [27.0, 86.14285714285714, 87.0, 85.85714285714286, 86.85714285714286, 87.14285714285714, 87.14285714285714, 87.0, 86.85714285714286, 87.0, 86.57142857142857, 86.42857142857143, 86.42857142857143, 86.28571428571429, 86.28571428571429, 86.0, 86.14285714285714, 86.28571428571429, 86.71428571428571, 86.71428571428571, 86.57142857142857, 86.57142857142857], "pullover": [13.571428571428571, 67.28571428571429, 73.42857142857143, 74.71428571428571, 76.42857142857143, 78.42857142857143, 78.85714285714286, 79.28571428571429, 79.85714285714286, 80.0, 80.28571428571429, 80.71428571428571, 80.71428571428571, 81.0, 81.57142857142857, 81.71428571428571, 81.85714285714286, 82.28571428571429, 82.28571428571429, 82.28571428571429, 82.42857142857143, 82.42857142857143], "shirt": [35.0, 57.142857142857146, 60.714285714285715, 62.57142857142857, 63.714285714285715, 65.0, 65.85714285714286, 66.28571428571429, 66.57142857142857, 67.14285714285714, 67.71428571428571, 68.14285714285714, 68.28571428571429, 68.71428571428571, 68.71428571428571, 68.71428571428571, 68.71428571428571, 68.85714285714286, 69.0, 69.14285714285714, 69.14285714285714, 69.42857142857143]}}