{"acc_dist": [87.85714285714286, 75.71428571428571, 72.42857142857143], "mean_curve": [44.952380952380956, 67.04761904761905, 70.42857142857143, 72.33333333333333, 73.76190476190477, 74.3809523809524, 74.90476190476191, 75.57142857142857, 76.04761904761905, 76.3809523809524, 76.71428571428571, 77.0, 77.19047619047619, 77.28571428571428, 77.61904761904762, 77.85714285714285, 78.04761904761905, 78.14285714285715, 78.23809523809524, 78.33333333333333, 78.6190476190476, 78.66666666666667], "var_curve": [16.856470258306185, 14.153835726036856, 11.308295672664743, 9.526428211408517, 8.559780445189077, 8.417937871268425, 8.156073929907295, 7.900744819792811, 7.574871933389777, 7.466326522864624, 7.366037157207433, 7.1666271158535295, 7.164095409648641, 7.120918690253194, 6.878274318197252, 6.640424541792346, 6.509368793221646, 6.640424541792351, 6.686704580029659, 6.706006378012929, 6.569703017064491, 6.635642096417351], "train_loss": [0.00018906496110416594, 0.00018153435417584012, 0.0001767348852895555, 0.0001733174104066122, 0.00017061511675516765, 0.0001683540145556132, 0.00016640099031584604, 0.0001646811444134939, 0.00016314806682722908, 0.00016177092634496234, 0.0001605274457307089, 0.0001594003112543197, 0.00015837510426839195, 0.00015743944261755263, 0.00015658230653830936, 0.00015579412026064737, 0.0001550665142990294, 0.00015439222965921674, 0.00015376511783826916, 0.0001531798357055301, 0.00015263189872105916, 0.00015211736517293113, 0.00015163291423093704, 0.00015117561178547994, 0.00015074294947442553, 0.00015033275953360968, 0.00014994304804574876, 0.00014957208363782792, 0.00014921837974162327, 0.00014888059880052294, 0.00014855749905109405, 0.00014824803386415757, 0.00014795124885581788, 0.00014766626414798554, 0.00014739226372469038, 0.00014712856638999212, 0.00014687451933111461, 0.00014662951940581912, 0.00014639304507346382, 0.00014616459608078004, 0.0001459437112013499, 0.000145729932756651, 0.00014552293788819084, 0.00014532229730061121, 0.00014512774844964346, 0.00014493892590204874, 0.00014475556711355844, 0.00014457739534832182, 0.0001444041799931299, 0.00014423567624319167, 0.00014407167122477578, 0.00014391198399521055, 0.00014375639458497365, 0.0001436047646261397, 0.0001434569415592012, 0.0001433127337978, 0.00014317205264454796, 0.00014303470651308694, 0.0001429006102539244, 0.00014276967162177675, 0.00014264171322186787, 0.00014251667119207835, 0.00014239442135606493, 0.00014227487501643955, 0.00014215795057160511, 0.00014204355222838263, 0.0001419315558104288, 0.000141821950674057, 0.00014171458780765534, 0.00014160943882805962, 0.00014150642213367278, 0.00014140544193131583, 0.00014130645919413793, 0.00014120939941633315, 0.00014111420937946864, 0.00014102080393405187, 0.00014092917598429181, 0.00014083923683280036, 0.0001407509474527268, 0.0001406642510777428, 0.00014057910158520653, 0.00014049546349616279, 0.00014041328359217872, 0.00014033254058588116, 0.0001402531670672553, 0.0001401751417489279, 0.00014009840076877956, 0.0001400229263873327, 0.0001399487079609008, 0.00013987568872315544, 0.00013980382255145485, 0.0001397331023500079, 0.00013966349973565056, 0.00013959494020257678, 0.0001395274734213239, 0.0001394610106945038, 0.00013939554847422099, 0.00013933104773362478, 0.00013926751202061064, 0.00013920490230832783, 0.00013914317956992557, 0.0001390823402575084, 0.00013902238791897183, 0.00013896325514430093, 0.0001389049348377046, 0.0001388474234512874, 0.0001387906926018851, 0.00013873469971475148, 0.00013867948736463273, 0.00013862501297678268, 0.00013857121978487288, 0.00013851813971996307, 0.00013846575504257563, 0.0001384140125342778, 0.00013836292638665153, 0.0001383124895039059, 0.0001382626699549811, 0.00013821347128777276, 0.00013816486157122113, 0.00013811684435322173, 0.00013806940544219243, 0.00013802253419444675, 0.00013797619158313387, 0.00013793042373089562, 0.00013788517032350812, 0.0001378404349088669, 0.00013779622458276293, 0.00013775248257886794, 0.00013770924437613713, 0.00013766649578298841, 0.00013762421551204865, 0.0001375824000154223, 0.00013754103155363173, 0.00013750009948299046, 0.000137459621542976, 0.0001374195728983198, 0.0001373799429053352, 0.00013734071737244016, 0.00013730190694332122, 0.0001372634938785008, 0.0001372254817258744, 0.0001371878527459644, 0.00013715057500771115, 0.00013711370172954742, 0.00013707719743251802, 0.0001370410266376677, 0.0001370052212760562, 0.00013696975296451932, 0.00013693463589463915, 0.00013689986651852016, 0.00013686544128826687, 0.00013683130343755085, 0.00013679750973270052, 0.00013676401405107407, 0.00013673083768004463, 0.00013669795933223908, 0.00013666537545976184, 0.00013663311799367268, 0.00013660111952395668, 0.00013656944036483763, 0.00013653800955840521, 0.0001365068732273011, 0.00013647601008415222, 0.00013644538465000335, 0.00013641506433486938, 0.00013638498527663095, 0.00013635516166687014, 0.0001363255970534824, 0.00013629628434067682, 0.0001362672235284533, 0.00013623838268575215, 0.00013620979019573758, 0.00013618144960630507, 0.00013615332543849944, 0.00013612543188390276, 0.00013609777249041057, 0.00013607032242275423, 0.00013604309587251574, 0.00013601608219600858, 0.00013598927429744174, 0.0001359626863683973, 0.00013593631486097973, 0.0001359101278441293, 0.00013588414660521916, 0.00013585837824004038, 0.0001358328014612198, 0.00013580740917296637, 0.00013578221201896668, 0.0001357572064513252, 0.00013573238537425086, 0.00013570774169195267, 0.00013568328604811713, 0.00013565901134695324, 0.00013563491404056547, 0.00013561097993737176, 0.00013558722677684963, 0.0001355636403674171, 0.0001355402349006562, 0.00013551699263708933, 0.0001354939029330299, 0.00013547098352795556], "client_accs": {"T-shirt": [65.42857142857143, 85.85714285714286, 86.14285714285714, 85.71428571428571, 85.85714285714286, 86.28571428571429, 86.42857142857143, 86.71428571428571, 86.71428571428571, 86.85714285714286, 87.0, 87.0, 87.14285714285714, 87.14285714285714, 87.14285714285714, 87.0, 87.0, 87.28571428571429, 87.42857142857143, 87.57142857142857, 87.71428571428571, 87.85714285714286], "pullover": [24.142857142857142, 51.714285714285715, 60.0, 64.28571428571429, 67.28571428571429, 68.42857142857143, 69.57142857142857, 70.71428571428571, 71.57142857142857, 72.28571428571429, 73.0, 73.42857142857143, 73.85714285714286, 74.14285714285714, 74.57142857142857, 75.14285714285714, 75.42857142857143, 75.42857142857143, 75.57142857142857, 75.57142857142857, 75.71428571428571, 75.71428571428571], "shirt": [45.285714285714285, 63.57142857142857, 65.14285714285714, 67.0, 68.14285714285714, 68.42857142857143, 68.71428571428571, 69.28571428571429, 69.85714285714286, 70.0, 70.14285714285714, 70.57142857142857, 70.57142857142857, 70.57142857142857, 71.14285714285714, 71.42857142857143, 71.71428571428571, 71.71428571428571, 71.71428571428571, 71.85714285714286, 72.42857142857143, 72.42857142857143]}}