{"acc_dist": [85.85714285714286, 73.14285714285714, 61.142857142857146], "mean_curve": [25.19047619047619, 50.047619047619044, 60.523809523809526, 64.23809523809524, 66.52380952380952, 67.33333333333333, 67.95238095238095, 68.71428571428572, 69.19047619047619, 70.14285714285715, 70.38095238095238, 70.85714285714286, 71.19047619047619, 71.80952380952381, 72.19047619047619, 72.38095238095238, 72.76190476190476, 73.19047619047619, 73.47619047619047, 73.52380952380952, 73.38095238095238, 73.38095238095238], "var_curve": [8.84125559259061, 8.225010252321493, 11.763157827988527, 13.03283834333284, 12.807487889189906, 11.889704763579259, 11.630556361148043, 11.535806427466303, 11.306691374636074, 11.229213600926743, 11.390611561546276, 10.884051866562087, 10.842303978193728, 10.785057270012999, 11.07201739345625, 10.717354058000282, 10.540065015052898, 10.342655439583693, 10.332126328453413, 10.151460692679223, 10.090969447931798, 10.090969447931798], "train_loss": [0.0002007099702244713, 0.00019950482107344129, 0.000198335044440769, 0.00019720225107102167, 0.00019610744147073654, 0.00019505130393164503, 0.00019403386683691112, 0.0001930548818338485, 0.00019211365353493463, 0.00019120923819996062, 0.0001903404082570757, 0.00018950584388914562, 0.00018870405498005094, 0.0001879335159347171, 0.00018719259472120377, 0.00018647973381337663, 0.0001857933969724746, 0.00018513206924710953, 0.00018449428890432632, 0.00018387867226487113, 0.00018328395273004258, 0.00018270887434482575, 0.00018215231952213107, 0.00018161319196224215, 0.00018109050180230822, 0.00018058334078107564, 0.0001800908361162458, 0.0001796122356539681, 0.00017914675176143645, 0.00017869373162587485, 0.0001782525224345071, 0.00017782257071563177, 0.00017740334783281596, 0.00017699430741014932, 0.00017659499886490048, 0.0001762050035453978, 0.00017582389925207412, 0.0001754513063601085, 0.000175086905558904, 0.0001747303314152218, 0.00017438130719321112, 0.00017403947100752876, 0.00017370463481971196, 0.00017337654672917866, 0.0001730548767816453, 0.00017273947241760437, 0.00017243008883226487, 0.00017212656637032825, 0.00017182867796648117, 0.00017153621074699222, 0.0001712490121523539, 0.0001709669863893872, 0.00017068986736592793, 0.00017041756638458798, 0.00017014994507744198, 0.00016988684024129595, 0.00016962813479559763, 0.00016937371520769028, 0.000169123432465962, 0.00016887718722933816, 0.00016863489080043068, 0.0001683964260986873, 0.0001681616689477648, 0.00016793052710237957, 0.00016770292605672562, 0.00016747878066131046, 0.00016725795964399974, 0.00016704044881321134, 0.000166826123992602, 0.00016661487164951506, 0.000166406702427637, 0.00016620147086325146, 0.00016599915566898528, 0.00016579965040797282, 0.0001656029196012588, 0.00016540887809935072, 0.00016521747977960675, 0.00016502866787569863, 0.00016484235723813375, 0.00016465854077112106, 0.00016447713332516808, 0.00016429807813394637, 0.00016412131488323213, 0.0001639468435730253, 0.00016377456131435578, 0.00016360445036774592, 0.00016343648235003154, 0.00016327057920751116, 0.000163106694817543, 0.0001629448433717092, 0.0001627849574599947, 0.0001626269200018474, 0.00016247083388623736, 0.00016231657848471688, 0.00016216409703095753, 0.00016201343564760116, 0.00016186448434988657, 0.00016171725732939583, 0.00016157170491559164, 0.00016142778808162327, 0.00016128548908801306, 0.0001611447830994924, 0.00016100564882868813, 0.00016086801886558533, 0.00016073190030597504, 0.00016059726831458863, 0.00016046409805615743, 0.0001603323221206665, 0.0001602019830828621, 0.00016007299579325174, 0.0001599453886349996, 0.00015981907645861308, 0.000159694105386734, 0.00015957040446145193, 0.00015944798432645344, 0.00015932682724226088, 0.00015920686579885937, 0.00015908813192730856, 0.00015897056176548914, 0.00015885416595708756, 0.00015873894095420836, 0.00015862483708631425, 0.0001585118401618231, 0.0001583999466328394, 0.00015828912456830341, 0.00015817940589927493, 0.00015807071611994788, 0.00015796301975136713, 0.00015785637355986094, 0.00015775073851857866, 0.00015764607560066952, 0.00015754239899771553, 0.0001574396803265526, 0.00015733788765612104, 0.0001572370245343163, 0.00015713710160482496, 0.0001570380621013187, 0.00015693992731117068, 0.00015684267239911217, 0.00015674627252987454, 0.00015665071705977122, 0.00015655604146775745, 0.0001564621570564452, 0.00015636912414005824, 0.00015627688950016385, 0.00015618545313676198, 0.0001560947937624795, 0.00015600491492521193, 0.00015591582017285483, 0.00015582743499960216, 0.00015573981262388684, 0.0001556529530457088, 0.00015556681014242626, 0.00015548136972245714, 0.00015539663888159251, 0.00015531261761983237, 0.00015522927400611698, 0.00015514660804044633, 0.00015506461617492494, 0.00015498328776586623, 0.00015490261926537469, 0.00015482258583818164, 0.00015474319458007812, 0.00015466442775158656, 0.000154586299544289, 0.0001545087815750213, 0.00015443186320009686, 0.00015435553377582913, 0.00015427981104169572, 0.0001542046559708459, 0.00015413010404223486, 0.00015405610203742982, 0.0001539826499564307, 0.00015390980811346146, 0.00015383747007165636, 0.00015376569614523934, 0.00015369444375946408, 0.0001536237271059127, 0.00015355354618458523, 0.0001534838690644219, 0.00015341470993700482, 0.0001533460652544385, 0.0001532779208251408, 0.00015321025536173868, 0.00015314308660370964, 0.00015307640745526268, 0.00015301020727271126, 0.00015294445767289117, 0.00015287917994317557, 0.00015281436343987783, 0.0001527500400940577, 0.00015268612120832717, 0.00015262268483638765, 0.00015255966356822424, 0.00015249709288279217, 0.00015243494439692724, 0.00015237324294589813, 0.00015231194240706308, 0.00015225106051989967, 0.00015219061502388544, 0.00015213055979637873], "client_accs": {"T-shirt": [27.0, 60.0, 77.14285714285714, 82.57142857142857, 84.28571428571429, 83.71428571428571, 83.71428571428571, 84.28571428571429, 84.57142857142857, 85.28571428571429, 85.57142857142857, 85.28571428571429, 85.42857142857143, 85.71428571428571, 86.42857142857143, 86.14285714285714, 86.28571428571429, 86.28571428571429, 86.42857142857143, 86.14285714285714, 85.85714285714286, 85.85714285714286], "pullover": [13.571428571428571, 39.857142857142854, 51.57142857142857, 56.714285714285715, 60.714285714285715, 62.42857142857143, 64.14285714285714, 65.14285714285714, 65.28571428571429, 66.71428571428571, 67.42857142857143, 68.28571428571429, 69.0, 70.28571428571429, 70.71428571428571, 71.0, 71.42857142857143, 72.28571428571429, 72.85714285714286, 73.14285714285714, 73.14285714285714, 73.14285714285714], "shirt": [35.0, 50.285714285714285, 52.857142857142854, 53.42857142857143, 54.57142857142857, 55.857142857142854, 56.0, 56.714285714285715, 57.714285714285715, 58.42857142857143, 58.142857142857146, 59.0, 59.142857142857146, 59.42857142857143, 59.42857142857143, 60.0, 60.57142857142857, 61.0, 61.142857142857146, 61.285714285714285, 61.142857142857146, 61.142857142857146]}}