{"acc_dist": [76.71428571428571, 82.71428571428571, 76.0], "mean_curve": [27.76190476190476, 59.0, 68.47619047619047, 71.76190476190476, 73.71428571428571, 74.71428571428572, 75.52380952380952, 76.09523809523809, 76.66666666666667, 76.90476190476191, 77.33333333333334, 77.76190476190476, 77.80952380952381, 77.85714285714286, 77.90476190476191, 78.0, 78.19047619047619, 78.23809523809523, 78.19047619047619, 78.19047619047619, 78.47619047619047, 78.47619047619047], "var_curve": [18.10488464676211, 14.068829830128577, 6.012835854348417, 3.6891702758564917, 2.757796616299093, 2.3240827317928443, 2.3367322183590993, 2.508036968050228, 2.5670156137035365, 2.518863077226321, 2.7038227745863592, 2.7831693707052296, 2.867441755680878, 3.1363569143000225, 3.2035977507722206, 3.1363569143000225, 3.099996342620912, 3.0646843637531593, 2.997353329877376, 2.997353329877376, 3.0109399922928053, 3.0109399922928053], "train_loss": [0.00020458913275173734, 0.00019778707907313394, 0.0001926640740462712, 0.00018843343924908408, 0.0001848066456261135, 0.00018164966787610735, 0.000178875880581992, 0.00017641952704815637, 0.00017422855255149662, 0.00017226193277608778, 0.00017048711932840803, 0.00016887783294632322, 0.00016741239244029635, 0.00016607250131311872, 0.00016484263752188002, 0.0001637094219525655, 0.00016266148360002608, 0.00016168901608103797, 0.00016078373860745204, 0.00015993844185556685, 0.00015914698796612876, 0.00015840415088903337, 0.0001577053148122061, 0.00015704651318845296, 0.00015642425134068444, 0.00015583546388716924, 0.000155277472166788, 0.00015474780684425718, 0.000154244289511726, 0.000153765007853508, 0.0001533081347034091, 0.0001528721089873995, 0.00015245551154727027, 0.00015205699418272293, 0.0001516753506092798, 0.00015130950581459772, 0.00015095844510055721, 0.00015062127084959122, 0.00015029715285414742, 0.00014998527509825572, 0.00014968496348176686, 0.00014939555809611365, 0.0001491164416074753, 0.00014884704280467261, 0.0001485868472428549, 0.0001483354043392908, 0.00014809220674492064, 0.00014785684999965487, 0.00014762898286183675, 0.00014740819732348125, 0.00014719414569082715, 0.00014698652994065057, 0.00014678503785814554, 0.0001465894281864166, 0.00014639934968380702, 0.0001462146249555406, 0.0001460349950052443, 0.00014586022921970912, 0.00014569015020415895, 0.00014552454153696695, 0.00014536320453598385, 0.00014520603631223953, 0.00014505277432146524, 0.0001449033369620641, 0.00014475753619557334, 0.00014461526558512733, 0.00014447635128384545, 0.00014434071878592172, 0.00014420819069658008, 0.0001440787137973876, 0.0001439521319809414, 0.00014382835654985337, 0.00014370728106725784, 0.0001435887884526026, 0.0001434728361311413, 0.00014335930347442627, 0.00014324811952454703, 0.00014313918848832448, 0.00014303241812047506, 0.00014292778358573007, 0.00014282516425564174, 0.00014272454239073256, 0.00014262581155413673, 0.0001425289185274215, 0.00014243380654425846, 0.0001423404365777969, 0.00014224875186170848, 0.00014215866724650065, 0.00014207014370532263, 0.00014198316349869683, 0.00014189766276450386, 0.00014181357409272875, 0.0001417309045791626, 0.00014164957971799942, 0.00014156956403028398, 0.00014149084332443419, 0.00014141335019043512, 0.00014133705624512263, 0.0001412619472969146, 0.00014118798077106473, 0.00014111512118861788, 0.00014104336500167847, 0.00014097264125233604, 0.00014090294639269513, 0.00014083426977906907, 0.00014076656883671172, 0.00014069979389508565, 0.00014063398398104167, 0.0001405690574929828, 0.00014050501797880445, 0.00014044182286376047, 0.00014037950053101493, 0.00014031799066634406, 0.0001402572968176433, 0.00014019737995806195, 0.00014013822234812238, 0.00014007983463151113, 0.00014002216713769096, 0.00013996523405824388, 0.0001399089928184237, 0.00013985341503506613, 0.00013979854683081309, 0.0001397443278914406, 0.0001396907369295756, 0.00013963780587627776, 0.00013958547796521866, 0.0001395337531963984, 0.00013948262092613038, 0.00013943208115441458, 0.00013938210904598238, 0.00013933269750504267, 0.00013928382169632687, 0.00013923550645510355, 0.00013918770920662654, 0.00013914044059458233, 0.00013909367223580678, 0.00013904738284292677, 0.00013900160434700192, 0.00013895630126907712, 0.00013891147006125676, 0.00013886710362774984, 0.00013882318777697425, 0.00013877972960472107, 0.00013873669363203504, 0.0001386941188857669, 0.0001386519450516928, 0.00013861019341718583, 0.00013856885333855947, 0.00013852791417212713, 0.00013848735817841118, 0.0001384472030968893, 0.0001384074418317704, 0.00013836805309568132, 0.0001383290368886221, 0.00013829037901901063, 0.0001382520901305335, 0.00013821413474423544, 0.00013817653414748964, 0.00013813927414871397, 0.00013810235829580397, 0.00013806578658875966, 0.00013802950935704367, 0.0001379935798190889, 0.00013795795540014902, 0.0001379226538397017, 0.00013788765030247824, 0.00013785295188426972, 0.00013781855858507612, 0.00013778445266541978, 0.00013775064122109184, 0.0001377170994168236, 0.00013768385563577923, 0.00013765087794689903, 0.0001376181911854517, 0.00013758575632458645, 0.0001375536017474674, 0.00013752168842724394, 0.0001374900589386622, 0.0001374586671590805, 0.0001374275272800809, 0.00013739664994534992, 0.0001373660032238279, 0.00013733559421130588, 0.0001373054406472615, 0.0001372755141485305, 0.00013724583245459056, 0.00013721636363438197, 0.00013718711478369577, 0.0001371581107378006, 0.00013712931601774124, 0.00013710073417141322, 0.00013707237584250313, 0.00013704422329153336, 0.00013701628006639936, 0.00013698853907131013, 0.00013696102514153434, 0.00013693369925022125, 0.00013690656139737084, 0.00013687964351404282, 0.00013685289947759538, 0.00013682635767119273], "client_accs": {"T-shirt": [2.2857142857142856, 39.57142857142857, 60.57142857142857, 66.71428571428571, 69.85714285714286, 71.42857142857143, 72.28571428571429, 72.71428571428571, 73.57142857142857, 74.0, 74.28571428571429, 75.0, 75.57142857142857, 75.42857142857143, 75.42857142857143, 75.57142857142857, 75.85714285714286, 76.0, 76.0, 76.14285714285714, 76.71428571428571, 76.71428571428571], "pullover": [38.285714285714285, 65.0, 69.71428571428571, 73.14285714285714, 75.14285714285714, 76.42857142857143, 77.71428571428571, 78.71428571428571, 79.85714285714286, 80.14285714285714, 80.85714285714286, 81.57142857142857, 81.85714285714286, 82.28571428571429, 82.42857142857143, 82.42857142857143, 82.57142857142857, 82.57142857142857, 82.42857142857143, 82.42857142857143, 82.71428571428571, 82.71428571428571], "shirt": [42.714285714285715, 72.42857142857143, 75.14285714285714, 75.42857142857143, 76.14285714285714, 76.28571428571429, 76.57142857142857, 76.85714285714286, 76.57142857142857, 76.57142857142857, 76.85714285714286, 76.71428571428571, 76.0, 75.85714285714286, 75.85714285714286, 76.0, 76.14285714285714, 76.14285714285714, 76.14285714285714, 76.0, 76.0, 76.0]}}