{"acc_dist": [82.0, 80.28571428571429, 72.42857142857143], "mean_curve": [27.76190476190476, 48.52380952380952, 66.85714285714285, 70.71428571428571, 72.42857142857143, 73.33333333333333, 74.19047619047619, 74.33333333333333, 75.09523809523809, 75.6190476190476, 76.09523809523809, 76.52380952380952, 76.85714285714285, 77.09523809523809, 77.23809523809524, 77.6190476190476, 77.71428571428571, 77.80952380952381, 77.95238095238095, 78.04761904761905, 78.28571428571429, 78.23809523809524], "var_curve": [18.10488464676211, 22.970058397105564, 9.357597226336477, 10.497813183356477, 9.525476044668373, 8.335101853156583, 6.805693228280298, 6.181311897974843, 5.372306581398273, 4.899442330244565, 4.66763838279727, 4.434455895932503, 4.151878519188059, 4.074699326720269, 4.149146840150851, 4.3351644482823035, 4.482771251718973, 4.548055326866182, 4.435989690604272, 4.254382827465155, 4.191017281083452, 4.167142829935082], "train_loss": [0.7073177519298733, 0.7004320998418899, 0.6949633062453496, 0.6902720860072544, 0.6861202566964285, 0.6824356660388764, 0.6791970970517114, 0.6763845534551711, 0.6739611089797247, 0.6718723551432291, 0.6700538562593007, 0.668441133045015, 0.6669792829241071, 0.6656305803571428, 0.6643755812872024, 0.6632110450381324, 0.6621428716750372, 0.661180201939174, 0.660328630719866, 0.6595885939825149, 0.6589539446149554, 0.6584141467866443, 0.6579563249860491, 0.6575671241396949, 0.6572344244094122, 0.6569479806082589, 0.6567000180199033, 0.6564846801757812, 0.6562976800827753, 0.6561365036737351, 0.6559992181687129, 0.655884515671503, 0.6557916550409226, 0.655719735281808, 0.6556681751069569, 0.655636000860305, 0.6556227911086309, 0.6556273832775298, 0.6556489490327381, 0.6556868925548734, 0.6557400948660714, 0.6558075096493675, 0.6558884829566592, 0.6559820265997024, 0.6560871814546131, 0.6562032935732887, 0.6563293166387649, 0.6564647565569196, 0.6566088721865699, 0.6567608933221726, 0.6569201660156251, 0.6570860799153646, 0.65725831531343, 0.6574360002790178, 0.6576188587007069, 0.6578063238234747, 0.6579980904715401, 0.658193606422061, 0.658392566499256, 0.6585946655273438, 0.6587994094122024, 0.6590066382998513, 0.6592157709030878, 0.6594269525437128, 0.6596396019345238, 0.6598536464146205, 0.6600686500186012, 0.6602845546177455, 0.6605011567615328, 0.6607181367420015, 0.6609353637695312, 0.661152823311942, 0.6613701956612723, 0.6615873209635418, 0.6618041265578497, 0.6620203944614955, 0.6622361392066592, 0.6624510992140998, 0.6626653616768973, 0.6628786359514509, 0.6630908929734003, 0.6633020310174852, 0.6635119774228051, 0.6637208193824404, 0.6639282662527902, 0.664134274437314, 0.6643389020647321, 0.6645420910063243, 0.6647437104724702, 0.6649437895275297, 0.6651422409784226, 0.665339093889509, 0.6655342901320684, 0.6657276843843006, 0.6659195527576265, 0.6661095900762648, 0.6662979416620164, 0.6664845203218006, 0.6666693987165179, 0.6668524169921876, 0.6670336623418898, 0.6672132219587054, 0.6673908923921131, 0.6675669352213541, 0.667741176060268, 0.6679136003766741, 0.6680842953636533, 0.6682533482142857, 0.6684205409458706, 0.6685861496698289, 0.6687500000000001, 0.6689121064685639, 0.669072483607701, 0.6692313348679315, 0.6693883986700149, 0.6695439075288317, 0.6696977306547619, 0.6698499697730655, 0.6700006975446429, 0.6701498122442336, 0.6702972702752975, 0.6704432169596354, 0.6705876813616071, 0.6707305762881323, 0.6708719744001117, 0.671011948358445, 0.6711504981631324, 0.6712875947498139, 0.6714231654575893, 0.6715573410760789, 0.6716902233305432, 0.6718216087704613, 0.6719517589750744, 0.6720804414295015, 0.6722078741164434, 0.6723338535853794, 0.6724586995442708, 0.6725822666713169, 0.6727045985630581, 0.6728255644298735, 0.6729453822544643, 0.67306395031157, 0.6731813703264509, 0.6732975841703869, 0.6734126063755581, 0.6735265096028646, 0.6736392066592262, 0.6737509009951638, 0.673861360095796, 0.6739708891369048, 0.6740792120070683, 0.6741865176246279, 0.6742928059895833, 0.6743980189732143, 0.6745022292364212, 0.6746054513113839, 0.6747075980050222, 0.6748088727678572, 0.6749091448102679, 0.6750084577287946, 0.6751068115234377, 0.675204380580357, 0.6753009323846726, 0.675396496000744, 0.6754912894112723, 0.6755852399553571, 0.6756782749720981, 0.6757703508649553, 0.6758617873418898, 0.6759522646949406, 0.676041971842448, 0.676130879720052, 0.6762189156668527, 0.6763063267299106, 0.676392836797805, 0.6764786929175967, 0.6765637207031251, 0.6766480509440105, 0.6767316400437128, 0.6768146042596727, 0.676896711077009, 0.6769782366071428, 0.6770590209960937, 0.677139136904762, 0.6772185988653274, 0.6772973196847097, 0.6773755754743304, 0.6774530174618677, 0.6775299508231026, 0.6776062738327754, 0.6776819138299851, 0.6777570016043527, 0.6778315080915179, 0.6779053896949404, 0.6779786464146206, 0.6780514671688987, 0.6781236339750745, 0.6781952921549479, 0.6782664417085194, 0.6783370826357887, 0.6784070696149554], "client_accs": {"T-shirt": [2.2857142857142856, 16.571428571428573, 76.0, 83.57142857142857, 84.85714285714286, 84.14285714285714, 83.0, 82.42857142857143, 81.85714285714286, 81.57142857142857, 81.71428571428571, 81.85714285714286, 81.71428571428571, 81.57142857142857, 81.71428571428571, 82.0, 82.14285714285714, 82.28571428571429, 82.28571428571429, 82.0, 82.0, 82.0], "pullover": [38.285714285714285, 69.57142857142857, 70.57142857142857, 70.71428571428571, 70.71428571428571, 72.0, 73.14285714285714, 73.14285714285714, 74.71428571428571, 75.71428571428571, 76.28571428571429, 76.71428571428571, 77.28571428571429, 78.0, 78.28571428571429, 79.14285714285714, 79.42857142857143, 79.57142857142857, 79.71428571428571, 80.0, 80.42857142857143, 80.28571428571429], "shirt": [42.714285714285715, 59.42857142857143, 54.0, 57.857142857142854, 61.714285714285715, 63.857142857142854, 66.42857142857143, 67.42857142857143, 68.71428571428571, 69.57142857142857, 70.28571428571429, 71.0, 71.57142857142857, 71.71428571428571, 71.71428571428571, 71.71428571428571, 71.57142857142857, 71.57142857142857, 71.85714285714286, 72.14285714285714, 72.42857142857143, 72.42857142857143]}}