{"acc_dist": [60.285714285714285, 71.71428571428571, 78.42857142857143], "mean_curve": [27.76190476190476, 38.904761904761905, 43.714285714285715, 45.714285714285715, 47.80952380952382, 48.80952380952382, 49.952380952380956, 52.904761904761905, 57.666666666666664, 60.523809523809526, 62.666666666666664, 64.47619047619048, 65.71428571428572, 66.47619047619047, 67.19047619047619, 67.66666666666667, 68.33333333333333, 69.04761904761905, 69.61904761904763, 69.85714285714285, 70.14285714285715, 70.14285714285715], "var_curve": [18.10488464676211, 27.69423264042443, 30.23648289664629, 31.105044760035458, 31.548760087181698, 31.082364432018476, 29.979206701764475, 26.012643010118797, 20.12556952617328, 16.20881314540847, 13.134745598987191, 11.50707166974719, 9.775020225460574, 9.637182339600718, 8.947567094808498, 8.924729332074653, 8.757762996245829, 8.565341754132135, 8.145223827606833, 7.903327465948355, 7.489675433237284, 7.489675433237284], "train_loss": [0.7073177519298733, 0.7060503569103423, 0.704969235374814, 0.7040006219773066, 0.7030949910481771, 0.7022198195684525, 0.7013543119884673, 0.7004855782645091, 0.6996063959030878, 0.6987133207775297, 0.6978052339099703, 0.6968827456519717, 0.6959473237537203, 0.6950008138020833, 0.69404545375279, 0.6930836414155506, 0.6921177600678944, 0.6911504690987723, 0.6901840355282737, 0.6892207990373883, 0.6882631138392857, 0.6873131597609747, 0.6863729858398439, 0.685444568452381, 0.684529578799293, 0.6836296154203869, 0.6827462041945683, 0.681880362374442, 0.6810333542596725, 0.6802060227167038, 0.679398905436198, 0.6786126563662574, 0.6778477550688243, 0.6771043178013393, 0.6763826642717633, 0.6756827944800966, 0.6750045776367187, 0.6743480428059896, 0.6737128557477678, 0.6730988420758929, 0.6725056239536831, 0.6719329252697173, 0.671380150204613, 0.6708470371791294, 0.6703330775669643, 0.669837646484375, 0.6693601917085195, 0.6689003644670759, 0.668457263764881, 0.6680304100399925, 0.667619120279948, 0.6672227986653646, 0.6668406749906994, 0.6664721825009301, 0.6661165219261533, 0.6657729957217261, 0.665440920875186, 0.6651197742280507, 0.6648086983816964, 0.6645071556454613, 0.6642144630068825, 0.6639299955822172, 0.6636533755347842, 0.6633836728050596, 0.6631208292643228, 0.6628642200288318, 0.6626133655366444, 0.6623680768694197, 0.6621278889973957, 0.661892569405692, 0.6616619146437873, 0.6614356631324404, 0.6612137712751116, 0.6609959484281994, 0.660782223656064, 0.660572509765625, 0.6603667195638021, 0.6601646931966146, 0.6599665323893229, 0.6597723969959077, 0.6595820545014881, 0.6593956502278645, 0.6592131115141369, 0.6590345110212054, 0.6588597470238095, 0.6586890375046502, 0.6585223243350075, 0.6583595203218006, 0.6582007562546504, 0.6580460030691965, 0.6578952462332589, 0.6577484857468378, 0.657605721609933, 0.6574668811616443, 0.6573321823846726, 0.6572013055710566, 0.6570743379138765, 0.6569513084774926, 0.6568322027297248, 0.656716817220052, 0.6566052682059151, 0.6564973958333333, 0.6563933890206474, 0.6562929280598958, 0.656196056547619, 0.6561028616768972, 0.6560131545293899, 0.6559267171223958, 0.655843999953497, 0.6557643490745907, 0.6556880987258185, 0.6556151181175596, 0.6555453055245536, 0.6554786173502604, 0.6554149954659598, 0.6553543236142113, 0.6552967180524553, 0.6552418881370908, 0.6551899791899182, 0.6551408458891369, 0.6550944591703868, 0.655050775437128, 0.6550096929640996, 0.6549711972191221, 0.6549351428803943, 0.654901631673177, 0.6548704892113095, 0.6548417300269717, 0.6548152523949032, 0.6547911289760046, 0.6547691417875744, 0.6547492908296131, 0.6547315761021206, 0.6547159394763765, 0.6547023373558408, 0.6546907552083333, 0.6546810477120536, 0.6546732148670015, 0.6546672857375372, 0.6546631731305803, 0.6546608334495908, 0.654660150437128, 0.6546612839471725, 0.6546640014648437, 0.6546683465866816, 0.6546742466517858, 0.6546817888532366, 0.6546906970796131, 0.6547011166527158, 0.6547131057012648, 0.6547263735816592, 0.6547410510835193, 0.6547571236746652, 0.6547744460332962, 0.6547930908203125, 0.654812970842634, 0.6548341296968005, 0.6548563929966518, 0.6548799787248883, 0.6549046688988095, 0.6549304489862351, 0.6549573335193452, 0.6549853370303199, 0.6550143287295387, 0.6550443958100818, 0.655075451078869, 0.6551074364071802, 0.6551404535202754, 0.6551743570963541, 0.655209219796317, 0.6552449980236236, 0.6552816772460938, 0.6553191557384673, 0.6553574480329241, 0.6553966849190848, 0.6554366048177083, 0.6554773675827753, 0.6555189005533855, 0.6555611310686383, 0.6556041608537946, 0.6556479027157738, 0.655692400251116, 0.6557374064127605, 0.6557832990373885, 0.6558297148204986, 0.6558768862769718, 0.6559246244884673, 0.6559729294549852, 0.6560219029017857, 0.6560715012323289, 0.6561216663178944, 0.6561723400297619, 0.6562236240931919, 0.6562754022507441, 0.6563278198242187, 0.6563806442987351, 0.6564339773995536, 0.6564878772553944, 0.656542256673177, 0.6565970575241815, 0.6566523234049478], "client_accs": {"T-shirt": [2.2857142857142856, 2.0, 2.0, 2.4285714285714284, 3.857142857142857, 5.571428571428571, 8.285714285714286, 16.857142857142858, 30.0, 38.42857142857143, 44.857142857142854, 49.0, 52.714285714285715, 53.714285714285715, 55.285714285714285, 55.857142857142854, 56.714285714285715, 57.57142857142857, 58.714285714285715, 59.285714285714285, 60.285714285714285, 60.285714285714285], "pullover": [38.285714285714285, 46.0, 56.42857142857143, 60.57142857142857, 63.142857142857146, 63.57142857142857, 64.0, 64.57142857142857, 65.71428571428571, 66.28571428571429, 67.0, 67.85714285714286, 68.14285714285714, 68.71428571428571, 69.42857142857143, 69.71428571428571, 70.42857142857143, 71.42857142857143, 71.85714285714286, 72.0, 71.71428571428571, 71.71428571428571], "shirt": [42.714285714285715, 68.71428571428571, 72.71428571428571, 74.14285714285714, 76.42857142857143, 77.28571428571429, 77.57142857142857, 77.28571428571429, 77.28571428571429, 76.85714285714286, 76.14285714285714, 76.57142857142857, 76.28571428571429, 77.0, 76.85714285714286, 77.42857142857143, 77.85714285714286, 78.14285714285714, 78.28571428571429, 78.28571428571429, 78.42857142857143, 78.42857142857143]}}