{"acc_dist": [82.14285714285714, 81.42857142857143, 69.85714285714286], "mean_curve": [25.19047619047619, 66.3809523809524, 70.09523809523809, 72.14285714285714, 73.38095238095238, 74.66666666666667, 74.66666666666667, 75.19047619047619, 75.47619047619047, 75.76190476190476, 76.0, 76.14285714285715, 76.47619047619047, 76.71428571428571, 77.04761904761905, 77.04761904761904, 77.33333333333333, 77.28571428571428, 77.57142857142857, 77.71428571428571, 77.71428571428571, 77.80952380952381], "var_curve": [8.84125559259061, 11.507071669747189, 12.908012242221943, 12.06783547539593, 10.759165264471433, 9.725716897020897, 8.999118122578844, 8.089073282889936, 7.450821379487298, 7.190633867712997, 6.932129670505842, 6.716818164763988, 6.3292145575971555, 6.184245949118102, 6.108245050452044, 6.011704381384784, 5.90668171555645, 5.686838845476609, 5.765248931147314, 5.765248931147314, 5.765248931147314, 5.6307384435348355], "train_loss": [0.6968433779761906, 0.6896421305338541, 0.6851242065429687, 0.6819663928803944, 0.6794293212890624, 0.6771736072358632, 0.6750719633556548, 0.6730867948986236, 0.6712127830868675, 0.6694539242699032, 0.6678153483072918, 0.6663009207589287, 0.6649119640531994, 0.6636473301478795, 0.6625034586588542, 0.6614739408947172, 0.6605504353841146, 0.6597236705961681, 0.6589835611979167, 0.6583201381138393, 0.6577242606026786, 0.6571877906436011, 0.6567036801292783, 0.6562664358956473, 0.6558712768554688, 0.6555146862211682, 0.6551936267671131, 0.6549059186662947, 0.6546495564778646, 0.6544227818080357, 0.6542242867606026, 0.6540523565383185, 0.6539060901460193, 0.6537840053013393, 0.6536849684942336, 0.6536077590215773, 0.6535513160342261, 0.6535145350864955, 0.6534962536039807, 0.6534955415271577, 0.6535113961356026, 0.653542712983631, 0.6535887218656994, 0.6536485072544643, 0.6537210809616817, 0.653805905296689, 0.6539019920712426, 0.6540087454659598, 0.6541254388718377, 0.6542513747442337, 0.6543861171177455, 0.6545288812546503, 0.6546792602539063, 0.654836658296131, 0.6550006830124628, 0.6551707967122395, 0.6553465779622396, 0.6555276925223215, 0.6557137044270834, 0.6559043085007441, 0.6560990542457218, 0.6562978108723958, 0.6565000697544643, 0.6567057436988467, 0.6569143676757813, 0.6571257527669271, 0.6573396955217633, 0.6575559343610492, 0.6577740914481026, 0.6579941086542039, 0.658215797061012, 0.6584387642996652, 0.6586628650483631, 0.6588881138392858, 0.6591139148530506, 0.6593405151367188, 0.6595674641927084, 0.6597946457635789, 0.6600220162527902, 0.6602493431454614, 0.6604765101841518, 0.6607033284505208, 0.6609297543480284, 0.6611556280226935, 0.6613809058779762, 0.6616054861886161, 0.6618290347144717, 0.6620517113095238, 0.6622733997163318, 0.6624939400809152, 0.6627133324032738, 0.6629314313616071, 0.6631483386811755, 0.6633636765252976, 0.6635777064732143, 0.6637901814778645, 0.664001203264509, 0.6642106410435268, 0.6644183785574778, 0.6646246192568824, 0.6648291160946801, 0.6650318400065104, 0.6652328200567337, 0.6654321725027902, 0.6656296938941592, 0.6658253115699405, 0.6660192580450149, 0.6662112862723214, 0.6664015561058408, 0.6665899367559524, 0.6667764427548364, 0.6669611467633928, 0.6671439906529018, 0.6673250180199033, 0.667504141671317, 0.667681405203683, 0.6678568667457218, 0.6680304536365327, 0.6682022094726562, 0.6683721342540924, 0.6685402861095611, 0.6687066069103423, 0.6688711402529762, 0.6690338570731026, 0.6691948154994419, 0.6693540881928944, 0.6695116315569196, 0.6696674165271577, 0.669821530296689, 0.669973885672433, 0.670124773297991, 0.6702739025297619, 0.670421389625186, 0.670567379906064, 0.670711669921875, 0.6708544921874999, 0.6709957595098587, 0.6711355445498511, 0.6712737891787576, 0.6714105515252976, 0.6715458461216518, 0.6716796729678199, 0.6718122209821429, 0.6719433012462798, 0.6720730154854911, 0.6722013346354166, 0.672328360421317, 0.6724539620535714, 0.6725783575148809, 0.6727015032087054, 0.6728232683454242, 0.6729438999720982, 0.6730631946382069, 0.6731812831333706, 0.6732981799897694, 0.6734138852074033, 0.6735284278506324, 0.673641836983817, 0.673754156203497, 0.6738652111235118, 0.6739752778552827, 0.6740840948195684, 0.6741919526599703, 0.6742987641834078, 0.6744043840680803, 0.6745090448288691, 0.6746127464657738, 0.6747153727213542, 0.6748169090634301, 0.6749176025390625, 0.6750172642299107, 0.6751158941359746, 0.6752136811755953, 0.6753103928338914, 0.6754063342866443, 0.6755012439546131, 0.6755952816917783, 0.6756885346912203, 0.6757807849702381, 0.6758722069149924, 0.6759628150576636, 0.6760525222051711, 0.676141386486235, 0.6762294805617559, 0.6763167898995537, 0.6764031982421875, 0.6764888799758185, 0.6765737333751861, 0.6766578601655505, 0.676741231282552, 0.6768238757905506, 0.6769057210286458, 0.6769868541899182, 0.6770672607421876, 0.6771469552176339, 0.6772259812127976, 0.6773042805989583, 0.6773819115048362, 0.6774588303338914, 0.6775350952148438, 0.6776107061476934], "client_accs": {"T-shirt": [27.0, 77.14285714285714, 83.28571428571429, 85.28571428571429, 84.57142857142857, 84.85714285714286, 84.14285714285714, 83.28571428571429, 82.42857142857143, 82.14285714285714, 82.0, 81.85714285714286, 81.71428571428571, 81.71428571428571, 81.85714285714286, 81.85714285714286, 82.0, 82.0, 82.0, 82.14285714285714, 82.14285714285714, 82.14285714285714], "pullover": [13.571428571428571, 71.57142857142857, 74.42857142857143, 75.0, 76.71428571428571, 77.57142857142857, 77.28571428571429, 78.14285714285714, 78.85714285714286, 79.42857142857143, 79.71428571428571, 79.85714285714286, 80.14285714285714, 80.42857142857143, 80.85714285714286, 80.71428571428571, 81.0, 80.57142857142857, 81.28571428571429, 81.42857142857143, 81.42857142857143, 81.42857142857143], "shirt": [35.0, 50.42857142857143, 52.57142857142857, 56.142857142857146, 58.857142857142854, 61.57142857142857, 62.57142857142857, 64.14285714285714, 65.14285714285714, 65.71428571428571, 66.28571428571429, 66.71428571428571, 67.57142857142857, 68.0, 68.42857142857143, 68.57142857142857, 69.0, 69.28571428571429, 69.42857142857143, 69.57142857142857, 69.57142857142857, 69.85714285714286]}}