{"acc_dist": [72.57142857142857, 67.42857142857143, 73.14285714285714], "mean_curve": [44.952380952380956, 54.333333333333336, 56.714285714285715, 58.047619047619044, 60.04761904761906, 62.142857142857146, 63.523809523809526, 64.90476190476191, 66.0, 66.95238095238095, 67.85714285714285, 68.42857142857143, 68.85714285714285, 69.19047619047619, 69.80952380952381, 70.23809523809524, 70.23809523809524, 70.66666666666667, 70.90476190476191, 70.85714285714285, 71.0, 71.04761904761905], "var_curve": [16.856470258306185, 3.707564125680327, 4.473656831069733, 4.316293026142727, 4.787076328328456, 4.482771251718973, 4.772844576505079, 4.87159381556538, 4.2999762695121175, 4.496912521077346, 3.683018578603713, 3.748922747764678, 3.792222617536106, 3.308067511039697, 3.024465620609605, 2.916836729735916, 2.809927331796555, 2.733847637029963, 2.6912135525609173, 2.6367367999823124, 2.6367367999823057, 2.569664297758482], "train_loss": [0.9633585902622768, 0.9568652343749999, 0.9520190720331101, 0.9481617664155505, 0.9449153645833333, 0.9420600237165179, 0.939461931501116, 0.9370370338076636, 0.9347307187034971, 0.9325075857979911, 0.9303453717912946, 0.9282303873697918, 0.9261553083147321, 0.9241160656156994, 0.922111060732887, 0.9201404971168156, 0.918204810732887, 0.9163046991257441, 0.9144408598400298, 0.9126141066778274, 0.9108242071242559, 0.9090716552734376, 0.9073559279668899, 0.9056768798828125, 0.904033697219122, 0.9024258858816965, 0.9008524286179317, 0.8993124825613839, 0.8978053211030507, 0.8963296363467261, 0.8948848470052083, 0.8934698776971727, 0.8920837111700148, 0.8907255626860119, 0.8893943568638393, 0.8880893670944942, 0.886810041155134, 0.8855553327287947, 0.884324457077753, 0.8831168038504464, 0.8819318789527529, 0.8807688104538691, 0.8796270751953125, 0.8785062953404017, 0.877405744280134, 0.876324927920387, 0.8752633812313988, 0.8742208426339286, 0.8731967017764136, 0.8721905808221727, 0.8712022181919643, 0.8702309454055058, 0.8692767043340774, 0.8683390299479167, 0.867417718796503, 0.8665123349144346, 0.8656227620442709, 0.8647484770275297, 0.8638893636067708, 0.8630449858165923, 0.8622152855282738, 0.8613999430338541, 0.8605984351748512, 0.859811052594866, 0.8590371849423363, 0.8582766578311012, 0.8575292096819197, 0.8567947533017112, 0.8560728236607144, 0.8553634788876487, 0.8546663992745535, 0.8539812069847471, 0.8533078148251487, 0.8526459612165179, 0.8519955880301339, 0.8513563174293154, 0.8507278878348213, 0.8501102411179314, 0.8495031447637649, 0.8489064243861607, 0.8483197312127976, 0.847742919921875, 0.8471759033203125, 0.8466183617001488, 0.846070091610863, 0.8455309767950149, 0.8450007556733631, 0.8444792538597471, 0.8439664422898066, 0.8434618268694196, 0.8429654657273065, 0.8424770972842262, 0.8419964599609374, 0.8415235828218005, 0.8410580299014138, 0.8405999755859375, 0.84014892578125, 0.8397047351655506, 0.8392674909319197, 0.838836931501116, 0.8384126790364584, 0.8379949660528273, 0.8375831821986607, 0.8371775890531995, 0.8367779250372024, 0.8363838704427083, 0.835995570591518, 0.8356126185825893, 0.8352350144159226, 0.8348627580915178, 0.8344954427083332, 0.8341331554594493, 0.8337756638299852, 0.8334229096912202, 0.8330747477213541, 0.8327311779203869, 0.8323919387090774, 0.8320570300874256, 0.8317261904761905, 0.8313995651971725, 0.8310768636067709, 0.8307580857049852, 0.8304430571056547, 0.8301318068731399, 0.8298241606212797, 0.8295199730282738, 0.8292193312872024, 0.8289220028831844, 0.8286279296875, 0.8283372279575892, 0.8280496942429315, 0.8277650669642856, 0.8274835495721726, 0.8272049676804315, 0.8269292631603422, 0.8266564360119047, 0.8263861374627975, 0.8261188325427827, 0.8258540271577383, 0.8255917213076637, 0.8253321184430803, 0.8250747825985864, 0.8248200334821428, 0.824567609514509, 0.8243174235026042, 0.8240696207682291, 0.823823968796503, 0.8235805547805061, 0.8233392333984374, 0.8231002081008185, 0.8228630138578868, 0.8226278541201637, 0.8223947288876486, 0.822163580031622, 0.8219344075520834, 0.8217068626767112, 0.8214814104352678, 0.8212577020554316, 0.821035650344122, 0.8208155168805803, 0.8205969819568452, 0.8203801908947174, 0.820165056501116, 0.8199514625186012, 0.8197396705264137, 0.8195293317522321, 0.8193204752604166, 0.8191131882440477, 0.8189074125744047, 0.8187030610584077, 0.8185001627604166, 0.8182986304873512, 0.8180987258184524, 0.8179000127883184, 0.8177027820405506, 0.817506830124628, 0.8173123023623511, 0.8171189953031993, 0.8169268798828124, 0.8167362758091518, 0.8165467471168154, 0.8163585263206845, 0.8161714099702381, 0.815985601515997, 0.8158008975074406, 0.8156173851376488, 0.8154351225353423, 0.8152537609281995, 0.8150737362816219, 0.8148947288876488, 0.8147169421968005, 0.8145400855654762, 0.8143643624441964, 0.8141895112537202, 0.8140159388950892, 0.8138433256603422, 0.8136716715494791, 0.81350100562686, 0.8133313860212054, 0.8131627836681546, 0.812995111374628], "client_accs": {"T-shirt": [65.42857142857143, 56.285714285714285, 57.57142857142857, 58.142857142857146, 61.142857142857146, 63.857142857142854, 65.28571428571429, 67.14285714285714, 68.14285714285714, 69.0, 69.71428571428571, 70.71428571428571, 70.71428571428571, 70.85714285714286, 71.42857142857143, 71.85714285714286, 71.85714285714286, 72.0, 72.28571428571429, 72.42857142857143, 72.57142857142857, 72.57142857142857], "pullover": [24.142857142857142, 49.142857142857146, 50.857142857142854, 52.714285714285715, 53.714285714285715, 56.0, 57.0, 58.142857142857146, 60.0, 60.714285714285715, 62.714285714285715, 63.142857142857146, 63.57142857142857, 64.57142857142857, 65.57142857142857, 66.14285714285714, 66.28571428571429, 66.85714285714286, 67.14285714285714, 67.14285714285714, 67.28571428571429, 67.42857142857143], "shirt": [45.285714285714285, 57.57142857142857, 61.714285714285715, 63.285714285714285, 65.28571428571429, 66.57142857142857, 68.28571428571429, 69.42857142857143, 69.85714285714286, 71.14285714285714, 71.14285714285714, 71.42857142857143, 72.28571428571429, 72.14285714285714, 72.42857142857143, 72.71428571428571, 72.57142857142857, 73.14285714285714, 73.28571428571429, 73.0, 73.14285714285714, 73.14285714285714]}}