{"acc_dist": [78.71428571428571, 71.0, 73.14285714285714], "mean_curve": [38.476190476190474, 55.142857142857146, 60.85714285714286, 64.04761904761905, 65.80952380952381, 67.85714285714285, 68.71428571428571, 69.04761904761905, 69.52380952380952, 70.23809523809524, 70.90476190476191, 71.57142857142857, 71.6190476190476, 72.0, 72.3809523809524, 72.61904761904762, 73.19047619047619, 73.3809523809524, 73.61904761904762, 73.90476190476191, 74.28571428571429, 74.28571428571429], "var_curve": [12.896412691809314, 6.860118402024554, 6.3791753033617455, 6.616135022079393, 5.839501112477881, 5.154748157905348, 4.739470965626183, 4.475683861908263, 3.805354861715626, 3.6558281366988994, 3.184429237581049, 2.9230493815662473, 2.9745709879507483, 2.8595228182861767, 3.1844292375810435, 2.736334837820698, 2.7831693707052296, 2.9145035710665446, 2.9654090432267153, 2.9284746402898665, 3.251373336211724, 3.251373336211724], "train_loss": [0.977114025297619, 0.9720702253069197, 0.9675412423270089, 0.9633455403645833, 0.9593494233630953, 0.9554743884858631, 0.9516856747581844, 0.9479762776692708, 0.9443534633091518, 0.940828363327753, 0.9374119349888392, 0.9341117640904018, 0.9309328206380209, 0.9278763253348213, 0.924941900344122, 0.9221273658389136, 0.9194288562593006, 0.9168418956938243, 0.9143620372953869, 0.9119839913504464, 0.9097030203683035, 0.907513921828497, 0.9054117838541668, 0.9033922758556548, 0.9014510381789435, 0.8995835658482143, 0.8977860804966519, 0.8960548328218007, 0.8943865094866071, 0.8927774193173362, 0.8912248011997769, 0.8897256033761161, 0.8882769775390624, 0.8868765113467262, 0.8855216761997767, 0.8842104375930059, 0.8829402669270833, 0.8817093331473215, 0.8805156889415923, 0.8793575323195685, 0.8782332647414434, 0.87714114234561, 0.8760797119140625, 0.8750475492931548, 0.8740432884579613, 0.8730657377697173, 0.8721136765252977, 0.8711858549572172, 0.8702811976841517, 0.8693988618396578, 0.868537830171131, 0.8676969982328869, 0.8668756975446428, 0.8660732014973958, 0.8652884637741817, 0.8645209902808779, 0.8637699090866816, 0.86303466796875, 0.8623146275111607, 0.8616091773623512, 0.8609176781063989, 0.8602398390997025, 0.8595749627976191, 0.8589224969773065, 0.8582822381882439, 0.8576535179501489, 0.8570360746837796, 0.8564294724237351, 0.855833275204613, 0.8552472214471726, 0.8546709333147322, 0.8541039748418898, 0.8535462878999257, 0.8529972912016369, 0.8524570719401042, 0.8519249616350447, 0.8514009893508184, 0.8508848063151042, 0.8503761218843007, 0.8498749651227678, 0.8493808419363839, 0.8488935779389881, 0.8484132312593006, 0.8479393368675595, 0.8474718947637649, 0.8470106143043156, 0.846555408296131, 0.84610595703125, 0.8456624348958334, 0.8452244059244792, 0.8447918991815476, 0.8443645658947173, 0.8439426967075893, 0.843525652204241, 0.8431136067708334, 0.8427065022786459, 0.8423039027622767, 0.8419060988653273, 0.8415128580729166, 0.8411239478701636, 0.8407391357421875, 0.8403587704613095, 0.8399826195126489, 0.839610334123884, 0.8392421468098958, 0.8388778541201637, 0.8385171654110862, 0.8381602841331844, 0.8378071812220983, 0.8374574788411459, 0.8371113513764881, 0.8367686535063243, 0.8364292980375745, 0.8360933140345983, 0.8357606143043155, 0.8354310244605655, 0.8351045445033481, 0.8347812616257441, 0.8344609433128721, 0.8341435314360118, 0.8338289678664434, 0.833517572312128, 0.8332086472284227, 0.8329027739025298, 0.8325994873046875, 0.8322988746279761, 0.8320008196149553, 0.8317055838448661, 0.8314127313523066, 0.8311224655877977, 0.8308347284226191, 0.8305492873418899, 0.8302663167317709, 0.8299857584635416, 0.8297076416015625, 0.8294316755022321, 0.8291580054873512, 0.8288865443638392, 0.8286174955822173, 0.8283505394345237, 0.828085704985119, 0.8278229631696429, 0.8275622849237352, 0.8273038446335566, 0.8270474097842261, 0.8267930385044643, 0.8265405854724702, 0.8262901088169642, 0.8260416666666667, 0.8257951136997767, 0.8255504499162947, 0.8253076462518601, 0.8250667317708333, 0.8248277646019345, 0.8245905994233631, 0.8243551781063987, 0.8241215587797619, 0.823889886765253, 0.8236598132905506, 0.8234315418061756, 0.8232048688616072, 0.8229799107142858, 0.8227567254929316, 0.8225352550688244, 0.8223152669270833, 0.8220970517113094, 0.8218802897135417, 0.8216653006417411, 0.8214518229166666, 0.8212399146670387, 0.8210294886997769, 0.8208206903366815, 0.8206133451915923, 0.8204075113932291, 0.820203101748512, 0.8200002906436011, 0.8197988164992559, 0.8195988827659969, 0.8194002569289435, 0.819203113374256, 0.8190073649088542, 0.8188129534040178, 0.8186198788597471, 0.8184281412760418, 0.8182378278459822, 0.8180487351190476, 0.8178610374813987, 0.8176745314825148, 0.8174892171223958, 0.8173053850446429, 0.8171226283482144, 0.8169411504836309, 0.8167609223865328, 0.8165819149925596, 0.8164039829799107, 0.8162271844773065, 0.8160517519996279, 0.8158773949032737, 0.8157041131882442, 0.815531994047619, 0.8153610374813988], "client_accs": {"T-shirt": [56.714285714285715, 54.142857142857146, 62.285714285714285, 68.14285714285714, 70.42857142857143, 71.71428571428571, 73.14285714285714, 73.28571428571429, 73.57142857142857, 74.0, 74.42857142857143, 75.0, 75.28571428571429, 75.57142857142857, 76.57142857142857, 76.28571428571429, 77.0, 77.28571428571429, 77.57142857142857, 77.85714285714286, 78.71428571428571, 78.71428571428571], "pullover": [29.285714285714285, 47.285714285714285, 52.42857142857143, 54.714285714285715, 57.57142857142857, 60.57142857142857, 62.142857142857146, 62.857142857142854, 64.42857142857143, 65.28571428571429, 66.71428571428571, 67.85714285714286, 68.0, 68.57142857142857, 68.85714285714286, 69.71428571428571, 70.42857142857143, 70.28571428571429, 70.42857142857143, 70.85714285714286, 71.0, 71.0], "shirt": [29.428571428571427, 64.0, 67.85714285714286, 69.28571428571429, 69.42857142857143, 71.28571428571429, 70.85714285714286, 71.0, 70.57142857142857, 71.42857142857143, 71.57142857142857, 71.85714285714286, 71.57142857142857, 71.85714285714286, 71.71428571428571, 71.85714285714286, 72.14285714285714, 72.57142857142857, 72.85714285714286, 73.0, 73.14285714285714, 73.14285714285714]}}