{"acc_dist": [58.42857142857143, 76.57142857142857, 77.42857142857143], "mean_curve": [36.142857142857146, 34.42857142857142, 41.1904761904762, 46.57142857142858, 47.857142857142854, 49.142857142857146, 50.904761904761905, 52.476190476190474, 56.42857142857142, 60.23809523809524, 62.857142857142854, 64.57142857142857, 65.61904761904762, 66.47619047619048, 66.95238095238095, 67.76190476190476, 68.61904761904762, 68.85714285714286, 69.80952380952381, 70.23809523809524, 70.80952380952381, 70.80952380952381], "var_curve": [12.103296902842935, 28.73477118109577, 31.20228783983491, 28.21515972124273, 28.90942929289363, 29.598906028690283, 29.530183643718605, 28.11742465378004, 23.940686343232393, 19.669837170934226, 16.27192398593607, 14.351752127027776, 13.097921802925663, 12.090550272658874, 11.41030285916498, 10.547162195846214, 10.236212451462402, 10.00068024897191, 9.161686959098088, 8.963518907316146, 8.761645958910748, 8.761645958910748], "train_loss": [0.7103317115420387, 0.7106358991350447, 0.7078556315104167, 0.7033074660528275, 0.698423084077381, 0.6937469773065477, 0.6894725545247397, 0.6856951323009673, 0.6824686831519718, 0.6798140607561384, 0.6777204241071427, 0.6761477370489212, 0.6750339035760788, 0.6743012055896577, 0.6738654581705729, 0.6736439441499256, 0.6735624331519717, 0.6735588291713169, 0.6735844494047619, 0.6736033267066593, 0.6735911051432292, 0.6735328165690104, 0.6734216163271949, 0.6732564435686385, 0.6730401756649925, 0.6727785528273809, 0.6724785650344122, 0.6721471877325148, 0.6717913673037574, 0.671417250860305, 0.6710301717122396, 0.6706343151274182, 0.6702335757300967, 0.6698304385230655, 0.6694274321056547, 0.669026111421131, 0.6686280750093005, 0.6682341948009674, 0.6678454589843751, 0.667462390718006, 0.6670856439499628, 0.6667157127743675, 0.6663528297061011, 0.6659974307105655, 0.6656496029808409, 0.665309564499628, 0.6649774460565476, 0.6646534365699405, 0.6643373761858259, 0.6640294683547247, 0.6637295677548364, 0.6634378487723215, 0.6631540062313989, 0.662878156389509, 0.6626100667317708, 0.6623495192754837, 0.6620964994884674, 0.6618508475167411, 0.6616122000558036, 0.6613805716378348, 0.6611555844261533, 0.6609370204380581, 0.6607247198195684, 0.6605181448800224, 0.66031739734468, 0.6601219976515997, 0.6599317278180803, 0.659746340797061, 0.6595655314127604, 0.6593890671502977, 0.6592166428338914, 0.6590481276739212, 0.6588831438337054, 0.6587217494419643, 0.6585633922758557, 0.65840818859282, 0.6582559494745164, 0.6581063842773438, 0.6579595511300224, 0.6578152320498512, 0.65767332531157, 0.657533932640439, 0.657396734328497, 0.657261977422805, 0.6571295020693824, 0.6569992792038691, 0.6568713669549852, 0.6567457217261904, 0.6566223725818453, 0.6565013049897694, 0.6563826061430431, 0.656266348702567, 0.6561524454752604, 0.6560409400576638, 0.6559318615141368, 0.6558252679734003, 0.6557213774181547, 0.655619855608259, 0.6555209205264138, 0.6554246012369792, 0.655330810546875, 0.6552396792457217, 0.6551511928013393, 0.6550652640206472, 0.6549820672898066, 0.6549014863513763, 0.6548234776088169, 0.654748055594308, 0.6546753365652902, 0.6546051897321429, 0.6545375860305059, 0.6544725981212798, 0.654410167875744, 0.6543502371651786, 0.6542928350539434, 0.6542378307524181, 0.6541853405180431, 0.6541353207542783, 0.6540875970749628, 0.6540421840122769, 0.653999255952381, 0.6539585949125745, 0.6539200991675967, 0.6538838413783482, 0.653849850609189, 0.6538179379417783, 0.6537881760370163, 0.6537605648949033, 0.6537349155970982, 0.6537112281436012, 0.6536896333240327, 0.6536698404947917, 0.6536520821707589, 0.6536361403692337, 0.6536220005580357, 0.6536096627371651, 0.653599126906622, 0.6535902768089658, 0.6535830688476563, 0.6535775756835938, 0.6535736519949777, 0.6535713849748883, 0.6535706147693453, 0.6535713268461683, 0.6535736083984375, 0.6535773286365328, 0.6535823567708333, 0.6535888962518601, 0.6535967290969121, 0.6536059860956102, 0.6536164347330728, 0.653628176734561, 0.6536411975678944, 0.6536554100399926, 0.6536708432152158, 0.6536874244326637, 0.653705066499256, 0.6537239728655133, 0.6537438092912946, 0.6537647646949405, 0.6537867809477307, 0.6538097708565849, 0.6538336472284225, 0.6538586716424851, 0.6538846406482515, 0.653911379859561, 0.6539390345982143, 0.6539677065894717, 0.6539971778506325, 0.6540274483816965, 0.6540585472470238, 0.6540904744466146, 0.6541231863839285, 0.6541566975911458, 0.6541909063430059, 0.6542258562360491, 0.6542614891415551, 0.6542978631882441, 0.6543349929082961, 0.6543727039155506, 0.6544111124674479, 0.6544501168387277, 0.6544897606259301, 0.654530043829055, 0.6545709373837426, 0.6546123831612723, 0.6546543811616444, 0.6546970767066592, 0.6547401936848959, 0.6547839064825149, 0.6548281279064361, 0.6548729015531993, 0.6549181256975446, 0.6549639020647321, 0.6550101870582217, 0.6550568644205729, 0.6551041376023065, 0.6551517740885416, 0.6551998901367188, 0.6552484857468378, 0.6552974155970982], "client_accs": {"T-shirt": [39.285714285714285, 12.142857142857142, 11.428571428571429, 7.714285714285714, 7.0, 7.285714285714286, 9.142857142857142, 12.714285714285714, 22.571428571428573, 32.42857142857143, 39.857142857142854, 44.285714285714285, 47.142857142857146, 49.42857142857143, 50.857142857142854, 52.857142857142854, 54.142857142857146, 54.714285714285715, 56.857142857142854, 57.57142857142857, 58.42857142857143, 58.42857142857143], "pullover": [20.0, 16.142857142857142, 27.857142857142858, 58.142857142857146, 67.0, 69.71428571428571, 71.71428571428571, 72.0, 73.28571428571429, 73.57142857142857, 73.71428571428571, 74.14285714285714, 73.71428571428571, 73.85714285714286, 74.0, 74.71428571428571, 75.85714285714286, 75.85714285714286, 76.0, 76.14285714285714, 76.57142857142857, 76.57142857142857], "shirt": [49.142857142857146, 75.0, 84.28571428571429, 73.85714285714286, 69.57142857142857, 70.42857142857143, 71.85714285714286, 72.71428571428571, 73.42857142857143, 74.71428571428571, 75.0, 75.28571428571429, 76.0, 76.14285714285714, 76.0, 75.71428571428571, 75.85714285714286, 76.0, 76.57142857142857, 77.0, 77.42857142857143, 77.42857142857143]}}