{"acc_dist": [84.14285714285714, 75.71428571428571, 68.85714285714286], "mean_curve": [38.476190476190474, 65.28571428571428, 68.57142857142857, 69.52380952380952, 70.71428571428571, 71.57142857142857, 72.57142857142857, 73.14285714285715, 73.95238095238095, 74.23809523809524, 74.33333333333334, 74.80952380952381, 75.04761904761905, 75.42857142857143, 75.23809523809524, 75.33333333333333, 75.57142857142857, 75.80952380952381, 75.95238095238095, 76.04761904761905, 76.23809523809523, 76.23809523809523], "var_curve": [12.896412691809314, 12.244115621266353, 13.57869479666409, 12.895357669840205, 11.705571671783712, 10.581076678366406, 9.744351233016024, 9.326284996542551, 8.732871151502971, 8.266260687858638, 7.914795697281468, 7.783056193990945, 7.434368922096972, 7.2571803523590805, 7.165994273155855, 7.167892633630628, 6.948792289723038, 6.850525907944549, 6.798692684790379, 6.6048151197773795, 6.25134906075201, 6.25134906075201], "train_loss": [0.977114025297619, 0.9662745012555805, 0.9568555559430804, 0.9485444859095983, 0.9411199951171875, 0.934425281343006, 0.92834719703311, 0.9227999732607887, 0.9177162388392857, 0.9130416724795388, 0.9087303234281995, 0.9047433617001488, 0.9010471888950894, 0.8976120140438987, 0.8944124348958332, 0.8914254324776786, 0.8886308361235119, 0.8860106840587797, 0.8835488455636161, 0.8812311662946429, 0.879044916062128, 0.8769786435081844, 0.8750220307849702, 0.8731660388764881, 0.8714022972470238, 0.8697235107421876, 0.8681227329799107, 0.8665942092168898, 0.8651322428385417, 0.8637319800967261, 0.862388916015625, 0.8610988071986606, 0.8598582240513393, 0.8586637079148066, 0.8575121198381696, 0.8564005243210566, 0.8553266252790178, 0.8542878650483631, 0.8532821800595238, 0.8523075358072916, 0.8513623337518602, 0.850444568452381, 0.8495530192057292, 0.8486859712146577, 0.8478423781622024, 0.8470208449590775, 0.846220238095238, 0.8454397437686012, 0.8446781412760416, 0.8439346749441965, 0.8432085309709821, 0.8424988664899554, 0.841804925827753, 0.8411260986328125, 0.8404618036179315, 0.8398111979166667, 0.8391739908854167, 0.8385494559151786, 0.8379371279761906, 0.8373367454892113, 0.8367476109095983, 0.8361694045293899, 0.8356018647693452, 0.8350444975353423, 0.8344967796688988, 0.8339586530412947, 0.8334297107514881, 0.8329096040271576, 0.8323980712890625, 0.8318948509579612, 0.8313995942615326, 0.8309121849423363, 0.8304323904854911, 0.8299598911830358, 0.8294945126488096, 0.8290359351748512, 0.8285841006324404, 0.8281388055710566, 0.8276999046688989, 0.8272669328962055, 0.8268402680896578, 0.826419212704613, 0.8260038539341519, 0.8255940755208333, 0.8251895868210566, 0.8247903587704614, 0.824396246047247, 0.8240071323939732, 0.8236229015531995, 0.8232434663318452, 0.8228685942150298, 0.822498256138393, 0.8221324811662947, 0.8217708623976935, 0.8214136904761905, 0.8210605294363839, 0.8207115536644345, 0.8203664725167411, 0.820025169735863, 0.8196879940941221, 0.8193543643043154, 0.8190245419456845, 0.8186982945033482, 0.8183756219773066, 0.8180564371744792, 0.8177406819661458, 0.8174283854166667, 0.8171193440755209, 0.8168136742001488, 0.8165111723400297, 0.816211925688244, 0.815915788922991, 0.8156226457868304, 0.8153327287946429, 0.8150456891741071, 0.8147617885044643, 0.8144805326915923, 0.8142023286365329, 0.8139269147600446, 0.8136544073195684, 0.8133846028645833, 0.8131175013950892, 0.8128531901041667, 0.8125914074125743, 0.8123324148995535, 0.812075950985863, 0.8118219575427826, 0.811570550827753, 0.8113216727120536, 0.8110752069382441, 0.8108311535063244, 0.8105895996093749, 0.8103502836681548, 0.8101133219401042, 0.8098785691034226, 0.809646228608631, 0.8094159807477679, 0.8091880289713541, 0.808962140764509, 0.8087383161272322, 0.8085167875744048, 0.8082972063337054, 0.8080797467912947, 0.8078641473679316, 0.8076506115141369, 0.8074390520368304, 0.8072293236142113, 0.8070215425037203, 0.8068155052548364, 0.8066114153180804, 0.8064090692429317, 0.8062084379650297, 0.8060096668061756, 0.8058125523158483, 0.8056171816871279, 0.8054233224051339, 0.8052312360491071, 0.805040777297247, 0.8048517426990327, 0.8046644228980654, 0.8044785853794644, 0.8042941429501488, 0.8041114443824404, 0.8039300246465774, 0.80375, 0.803571544828869, 0.8033944556826637, 0.8032186163039435, 0.8030442301432291, 0.8028711809430803, 0.8026993815104166, 0.8025289771670389, 0.8023599097842262, 0.8021918305896577, 0.8020251755487351, 0.8018597702752975, 0.8016954403831846, 0.8015323311941964, 0.8013703845796131, 0.8012096296037946, 0.8010500081380209, 0.8008914329892113, 0.8007340204148066, 0.8005775960286458, 0.8004223923456101, 0.8002681477864583, 0.8001150367373512, 0.7999627394903274, 0.7998116048177083, 0.7996615455264138, 0.7995123291015624, 0.7993641589936756, 0.7992168608165923, 0.799070579892113, 0.7989251999627976, 0.798780721028646, 0.798637230282738, 0.7984945533389137, 0.7983527192615326, 0.7982119024367559, 0.7980717540922618], "client_accs": {"T-shirt": [56.714285714285715, 82.14285714285714, 87.42857142857143, 87.42857142857143, 87.0, 86.28571428571429, 86.14285714285714, 86.14285714285714, 86.14285714285714, 85.71428571428571, 85.28571428571429, 85.57142857142857, 85.28571428571429, 85.42857142857143, 85.0, 85.0, 84.85714285714286, 84.85714285714286, 84.71428571428571, 84.42857142857143, 84.14285714285714, 84.14285714285714], "pullover": [29.285714285714285, 60.285714285714285, 62.285714285714285, 63.57142857142857, 65.14285714285714, 66.57142857142857, 67.85714285714286, 68.57142857142857, 69.57142857142857, 70.42857142857143, 70.85714285714286, 71.42857142857143, 72.0, 72.42857142857143, 72.71428571428571, 73.14285714285714, 73.71428571428571, 74.28571428571429, 75.0, 75.42857142857143, 75.71428571428571, 75.71428571428571], "shirt": [29.428571428571427, 53.42857142857143, 56.0, 57.57142857142857, 60.0, 61.857142857142854, 63.714285714285715, 64.71428571428571, 66.14285714285714, 66.57142857142857, 66.85714285714286, 67.42857142857143, 67.85714285714286, 68.42857142857143, 68.0, 67.85714285714286, 68.14285714285714, 68.28571428571429, 68.14285714285714, 68.28571428571429, 68.85714285714286, 68.85714285714286]}}