{"acc_dist": [81.42857142857143, 71.14285714285714, 70.14285714285714], "mean_curve": [27.76190476190476, 50.904761904761905, 61.19047619047618, 64.66666666666667, 66.57142857142857, 68.14285714285715, 69.04761904761905, 70.23809523809524, 70.90476190476191, 71.52380952380952, 72.04761904761904, 72.19047619047619, 72.23809523809524, 72.38095238095238, 72.95238095238096, 73.19047619047619, 73.47619047619048, 73.66666666666667, 73.80952380952381, 74.0, 74.23809523809523, 74.23809523809523], "var_curve": [18.10488464676211, 3.7730395789600575, 11.25120300950071, 11.859341926502717, 11.616900660347447, 10.710157935025858, 10.38138924375661, 9.32871605906502, 8.855862682702083, 8.317127098620247, 7.845734863959878, 7.4435136657098955, 7.2066988237686145, 6.810689210964239, 6.397632782164, 6.4315689660517075, 6.2317306681355715, 5.802102988828323, 5.7051514295824886, 5.369351168697121, 5.1007980345794115, 5.1007980345794115], "train_loss": [1.06474118187314, 1.0501668584914434, 1.0344269380115327, 1.0183391462053573, 1.0029307628813244, 0.9889778645833335, 0.9767821393694196, 0.9662774367559525, 0.9572312999906994, 0.9493825276692709, 0.9425001743861606, 0.9363963681175594, 0.9309245663597471, 0.9259717087518601, 0.9214506603422619, 0.9172934977213542, 0.9134472074962798, 0.9098697626023066, 0.9065277971540179, 0.9033935837518602, 0.9004449462890625, 0.8976630510602678, 0.8950317964099703, 0.8925380452473958, 0.8901697649274554, 0.8879168701171875, 0.8857700892857143, 0.8837215169270833, 0.881763916015625, 0.8798906889415923, 0.8780963134765626, 0.8763749186197917, 0.8747219122023809, 0.8731329926990328, 0.8716039748418899, 0.870131080264137, 0.8687107631138393, 0.8673401750837053, 0.8660162644159226, 0.8647362699962797, 0.8634978376116073, 0.862298583984375, 0.8611365036737352, 0.8600095621744792, 0.8589159574962798, 0.8578539748418899, 0.8568220738002233, 0.8558188011532738, 0.8548428780691966, 0.8538927060081845, 0.8529674711681547, 0.8520658656529018, 0.8511868722098214, 0.8503294445219494, 0.8494929431733631, 0.8486760893322173, 0.8478783598400298, 0.8470989990234375, 0.8463370477585564, 0.8455921572730656, 0.8448633393787203, 0.8441501581101191, 0.8434522356305804, 0.8427684965587797, 0.8420989990234374, 0.8414429001581101, 0.8407997058686756, 0.8401691836402531, 0.8395508393787203, 0.8389442080543156, 0.8383489699590774, 0.8377646309988839, 0.8371909005301338, 0.8366275751023066, 0.8360741315569197, 0.8355303664434525, 0.8349961053757441, 0.8344707670665922, 0.8339541480654762, 0.833446277436756, 0.8329466901506696, 0.8324550374348959, 0.8319713192894346, 0.8314952741350446, 0.8310265241350446, 0.8305649820963542, 0.830110357375372, 0.8296626209077381, 0.8292214820498511, 0.8287867954799107, 0.828358386811756, 0.8279360816592263, 0.8275197347005209, 0.8271092006138394, 0.8267042468843006, 0.8263048153831845, 0.8259108770461309, 0.8255220831008184, 0.8251383754185267, 0.8247598121279762, 0.8243860153924851, 0.8240170724051339, 0.8236526925223213, 0.8232927304222469, 0.8229374186197917, 0.822586437406994, 0.8222395833333334, 0.8218969435918898, 0.8215583147321427, 0.8212237548828125, 0.8208929443359375, 0.820565912155878, 0.8202427455357144, 0.819923095703125, 0.8196069917224702, 0.8192944917224702, 0.8189852469308035, 0.8186794317336309, 0.8183770461309523, 0.8180777122860864, 0.817781488327753, 0.8174884905133929, 0.8171983700706845, 0.8169113304501489, 0.8166272553943452, 0.8163458542596725, 0.8160674176897321, 0.8157917131696428, 0.8155186825706845, 0.815248296828497, 0.8149805268787201, 0.8147153145926339, 0.8144526599702381, 0.8141923014322917, 0.8139345877511159, 0.81367919921875, 0.8134261067708334, 0.8131752522786458, 0.8129268101283481, 0.8126805478050597, 0.8124364362444196, 0.8121944463820684, 0.8119546072823661, 0.8117169480096726, 0.811481236049107, 0.8112475295293898, 0.8110159737723214, 0.8107861328124999, 0.8105582972935267, 0.8103323509579613, 0.8101082938058036, 0.8098860095796132, 0.8096657017299108, 0.8094471086774554, 0.8092301141648065, 0.8090150088355655, 0.808801531110491, 0.8085897681826637, 0.8083795747302828, 0.8081711251395088, 0.8079641578311012, 0.8077587890625, 0.8075549897693453, 0.8073527890159969, 0.807152099609375, 0.8069528343563989, 0.8067550804501488, 0.8065587506975446, 0.8063638741629465, 0.8061704508463542, 0.8059784226190475, 0.8057877022879465, 0.8055984061104912, 0.8054103015718006, 0.8052237083798364, 0.8050383649553572, 0.8048543294270835, 0.8046714855375744, 0.8044898623511904, 0.8043095470610119, 0.8041304524739584, 0.8039525785900298, 0.8037758963448661, 0.8036004348028274, 0.8034260486421131, 0.8032528250558034, 0.8030808512369791, 0.8029097493489584, 0.802739984421503, 0.8025711786179315, 0.8024036225818453, 0.8022369675409226, 0.8020714169456845, 0.8019070870535714, 0.8017434837704612, 0.8015811883835565, 0.801419648670015, 0.8012591843377975, 0.8010997953869047, 0.8009412783668154, 0.8007839239211308], "client_accs": {"T-shirt": [2.2857142857142856, 52.42857142857143, 76.28571428571429, 81.14285714285714, 83.0, 83.28571428571429, 83.71428571428571, 83.42857142857143, 83.42857142857143, 83.28571428571429, 83.14285714285714, 82.71428571428571, 82.42857142857143, 82.0, 82.0, 82.28571428571429, 82.28571428571429, 81.85714285714286, 81.85714285714286, 81.57142857142857, 81.42857142857143, 81.42857142857143], "pullover": [38.285714285714285, 54.57142857142857, 58.0, 59.142857142857146, 58.42857142857143, 60.285714285714285, 61.142857142857146, 63.42857142857143, 64.71428571428571, 65.57142857142857, 66.42857142857143, 66.71428571428571, 67.0, 67.14285714285714, 68.42857142857143, 68.71428571428571, 69.28571428571429, 70.0, 70.28571428571429, 70.71428571428571, 71.14285714285714, 71.14285714285714], "shirt": [42.714285714285715, 45.714285714285715, 49.285714285714285, 53.714285714285715, 58.285714285714285, 60.857142857142854, 62.285714285714285, 63.857142857142854, 64.57142857142857, 65.71428571428571, 66.57142857142857, 67.14285714285714, 67.28571428571429, 68.0, 68.42857142857143, 68.57142857142857, 68.85714285714286, 69.14285714285714, 69.28571428571429, 69.71428571428571, 70.14285714285714, 70.14285714285714]}}