{"acc_dist": [75.0, 65.71428571428571, 73.28571428571429], "mean_curve": [27.76190476190476, 39.285714285714285, 48.666666666666664, 55.142857142857146, 58.333333333333336, 60.38095238095238, 62.952380952380956, 63.80952380952382, 64.90476190476191, 66.19047619047619, 67.04761904761905, 68.0, 68.80952380952381, 69.19047619047619, 69.95238095238095, 70.23809523809524, 70.47619047619047, 70.76190476190476, 70.9047619047619, 71.0, 71.23809523809524, 71.33333333333333], "var_curve": [18.10488464676211, 10.202707390454659, 8.175234988682675, 6.958575192342394, 5.954856628023674, 5.408903384944527, 5.258402195609772, 5.56633874141046, 5.895153472736754, 5.791541255432678, 5.792715732327593, 5.962467644202632, 5.674064798525699, 5.070031106364253, 4.7657127631225915, 4.642796092394706, 4.524060143433763, 4.308405537625726, 4.43292157056649, 4.2999762695121175, 4.167142829935082, 4.034432300947649], "train_loss": [1.06474118187314, 1.0501087878999256, 1.0349264381045387, 1.0215645635695685, 1.0108339436848959, 1.0021656726655506, 0.99484860374814, 0.9884249441964287, 0.9826316615513392, 0.9773150053478422, 0.9723795863560268, 0.967762712751116, 0.9634200613839284, 0.9593192545572916, 0.9554349772135416, 0.9517469424293155, 0.9482384091331845, 0.9448950485956101, 0.9417047119140625, 0.9386564708891368, 0.9357408214750743, 0.9329490734281994, 0.9302734956287203, 0.9277070254371281, 0.9252431815011161, 0.9228757731119792, 0.9205997140066965, 0.9184095691499256, 0.9163007463727678, 0.9142688278924851, 0.9123096865699405, 0.9104195731026786, 0.9085948544456844, 0.906832042875744, 0.9051282319568452, 0.9034801955450149, 0.9018852306547619, 0.9003407796223959, 0.8988444301060268, 0.8973935372488838, 0.895986124674479, 0.8946202160063245, 0.8932934570312501, 0.8920044817243303, 0.8907510811941964, 0.8895319475446429, 0.8883452787853422, 0.8871897670200891, 0.8860639009021577, 0.8849662562779018, 0.8838957868303572, 0.8828512718563988, 0.8818314325241815, 0.8808353969029019, 0.8798620605468749, 0.878910406203497, 0.8779798816499257, 0.8770692080543155, 0.8761778331938244, 0.8753048270089286, 0.8744495791480654, 0.8736115083240327, 0.8727898297991071, 0.8719839332217262, 0.8711933244977678, 0.8704176257905506, 0.8696558489118305, 0.8689078485398065, 0.8681729852585566, 0.8674509684244791, 0.8667412748790922, 0.8660436139787947, 0.8653575497581846, 0.8646826462518602, 0.8640186709449406, 0.8633653041294643, 0.8627222260974703, 0.862088884626116, 0.8614654250372024, 0.8608511788504464, 0.8602462623232888, 0.8596501813616072, 0.8590628487723214, 0.8584837704613095, 0.8579130336216517, 0.8573504348028274, 0.8567954508463541, 0.8562482561383927, 0.8557083275204613, 0.8551759265718006, 0.8546505010695684, 0.8541319347563244, 0.8536203148251488, 0.8531152634393601, 0.8526166643415177, 0.8521244303385417, 0.8516384742373512, 0.8511585053943452, 0.8506846110026042, 0.8502164422898065, 0.8497539701915923, 0.8492971365792411, 0.8488457961309525, 0.8483998616536459, 0.8479590715680804, 0.8475235421316963, 0.8470930698939733, 0.8466674514043898, 0.8462469191778274, 0.8458309791201636, 0.845419689360119, 0.8450130789620536, 0.8446110026041667, 0.8442132859002976, 0.8438199579148066, 0.8434309895833333, 0.8430460611979167, 0.842665318080357, 0.8422885277157738, 0.8419157772972469, 0.8415468633742559, 0.8411818440755208, 0.8408204868861607, 0.840462878999256, 0.8401087878999256, 0.8397584170386905, 0.8394115629650298, 0.8390680222284227, 0.8387279982793899, 0.8383910842168899, 0.8380575125558036, 0.8377272251674107, 0.8374000186011905, 0.8370759509858631, 0.8367549351283482, 0.8364368838355655, 0.8361218261718749, 0.8358095877511161, 0.835500284830729, 0.8351937139601935, 0.8348898460751487, 0.8345888264973959, 0.8342904227120536, 0.8339946347191222, 0.833701404389881, 0.8334107026599703, 0.8331226167224702, 0.8328369431268601, 0.8325536237444195, 0.8322728038969492, 0.8319941929408482, 0.8317180524553572, 0.8314440336681548, 0.8311723400297618, 0.8309027971540178, 0.8306354631696428, 0.8303703090122768, 0.8301071312313987, 0.8298461914062499, 0.8295871407645089, 0.829330299014137, 0.8290753464471727, 0.8288222830636162, 0.8285711960565476, 0.8283219691685267, 0.8280748058500743, 0.8278292410714286, 0.8275855654761904, 0.8273437790643601, 0.8271036202566964, 0.8268654087611607, 0.8266288248697916, 0.8263938395182291, 0.8261606270926339, 0.8259290713355655, 0.8256991141183035, 0.8254708135695684, 0.8252440824962797, 0.8250188918340774, 0.8247951834542411, 0.8245731026785714, 0.824352504185268, 0.8241333589099703, 0.8239157249813989, 0.8236995733351935, 0.8234848167782737, 0.8232714553106399, 0.8230594308035716, 0.8228488013857888, 0.8226395961216518, 0.8224317278180804, 0.8222251674107143, 0.8220199730282737, 0.8218159702845981, 0.8216133045014881, 0.821411888485863, 0.8212116931733631, 0.8210128348214285, 0.8208150518508185, 0.820618663969494, 0.8204233514694942], "client_accs": {"T-shirt": [2.2857142857142856, 28.0, 44.142857142857146, 54.42857142857143, 58.714285714285715, 61.857142857142854, 65.85714285714286, 66.85714285714286, 68.85714285714286, 70.28571428571429, 71.0, 72.42857142857143, 73.71428571428571, 73.85714285714286, 74.14285714285714, 74.14285714285714, 74.42857142857143, 74.42857142857143, 74.85714285714286, 74.85714285714286, 75.0, 75.0], "pullover": [38.285714285714285, 37.142857142857146, 41.714285714285715, 47.0, 50.857142857142854, 53.142857142857146, 55.57142857142857, 56.0, 56.57142857142857, 58.0, 58.857142857142854, 59.57142857142857, 60.857142857142854, 62.142857142857146, 63.285714285714285, 63.714285714285715, 64.14285714285714, 64.71428571428571, 64.71428571428571, 65.0, 65.42857142857143, 65.71428571428571], "shirt": [42.714285714285715, 52.714285714285715, 60.142857142857146, 64.0, 65.42857142857143, 66.14285714285714, 67.42857142857143, 68.57142857142857, 69.28571428571429, 70.28571428571429, 71.28571428571429, 72.0, 71.85714285714286, 71.57142857142857, 72.42857142857143, 72.85714285714286, 72.85714285714286, 73.14285714285714, 73.14285714285714, 73.14285714285714, 73.28571428571429, 73.28571428571429]}}