{"acc_dist": [62.142857142857146, 74.57142857142857, 76.85714285714286], "mean_curve": [44.952380952380956, 52.666666666666664, 52.095238095238095, 53.142857142857146, 54.76190476190476, 56.57142857142858, 59.61904761904762, 62.0, 63.666666666666664, 64.66666666666667, 65.80952380952381, 66.66666666666667, 67.3809523809524, 68.14285714285715, 68.57142857142857, 69.23809523809524, 69.90476190476191, 70.38095238095238, 70.47619047619048, 70.90476190476191, 71.14285714285714, 71.19047619047619], "var_curve": [16.856470258306185, 8.376622258017536, 14.758524958711694, 19.64064922656113, 21.9617271706362, 21.281719024220067, 19.44548750036841, 15.971062266861676, 13.460111558772578, 11.695881787776877, 10.629399182650305, 9.624468062575113, 9.507843760312932, 8.688094911847989, 8.268454930564445, 7.657936466810441, 7.363574011458175, 7.0761968852114805, 7.010520115529907, 6.773631682325255, 6.531972647421809, 6.465327023031334], "train_loss": [0.6864681280226934, 0.6845509701683407, 0.6833226376488096, 0.6825420125325521, 0.6820324125744047, 0.6816594587053572, 0.6813144502185641, 0.6809054710751489, 0.6803635951450892, 0.6796507771809895, 0.6787613496326265, 0.6777147710890997, 0.6765432448614211, 0.675282244001116, 0.6739656575520834, 0.6726234508696057, 0.6712815057663691, 0.6699624633789062, 0.6686858549572173, 0.667467782156808, 0.6663214837937129, 0.665257103329613, 0.6642813546316964, 0.6633983648390998, 0.662609354654948, 0.6619133649553571, 0.661307387579055, 0.6607869756789434, 0.6603465924944195, 0.6599796258835565, 0.6596788242885044, 0.6594363984607515, 0.6592441813151041, 0.6590940493629093, 0.6589775012788318, 0.6588868495396205, 0.658814435686384, 0.6587534731910343, 0.658698003859747, 0.658643072219122, 0.6585847981770834, 0.658520275297619, 0.6584474836077009, 0.6583655802408854, 0.6582740711030506, 0.6581733340308781, 0.6580638776506696, 0.6579465157645089, 0.6578225417364211, 0.6576926531110491, 0.6575582449776786, 0.6574200584774926, 0.6572791544596354, 0.6571361142113096, 0.656991925920759, 0.6568470400855655, 0.6567018926711309, 0.6565570794968378, 0.6564128330775669, 0.6562696039109004, 0.6561274937220983, 0.655986822219122, 0.655847647530692, 0.6557103474934896, 0.6555749221075149, 0.6554413568405878, 0.6553101021902902, 0.6551808239164806, 0.6550540306454614, 0.6549294317336308, 0.6548072160993303, 0.6546875581287203, 0.6545704578218006, 0.6544557989211309, 0.6543438575381324, 0.6542345319475446, 0.654127938406808, 0.6540240478515624, 0.6539228893461683, 0.6538245064871652, 0.6537288411458334, 0.653635995047433, 0.6535461280459449, 0.6534589059012277, 0.6533746047247023, 0.6532930501302084, 0.6532144165039062, 0.6531386166527158, 0.6530656215122767, 0.6529954456147694, 0.6529280889601935, 0.6528635515485491, 0.652801746186756, 0.6527427455357143, 0.6526864188058036, 0.6526329258510045, 0.6525819905598959, 0.6525338163829986, 0.6524881998697917, 0.6524453590029761, 0.6524049740745907, 0.6523672340029761, 0.6523320079985119, 0.6522992234002976, 0.6522688220796131, 0.6522410510835194, 0.6522155325753348, 0.6521924845377605, 0.6521716599237352, 0.6521531749906995, 0.6521368844168527, 0.6521228753952754, 0.6521110607328869, 0.6521012515113468, 0.652093781970796, 0.652088128952753, 0.6520846412295387, 0.6520831444149926, 0.6520835803803943, 0.652085934593564, 0.6520901343936011, 0.6520962960379465, 0.6521041870117187, 0.6521138945079984, 0.6521252877371652, 0.6521384974888392, 0.6521532912481399, 0.6521698143368676, 0.6521877906436012, 0.6522074526832218, 0.6522286406017486, 0.6522513253348214, 0.6522755068824404, 0.6523011997767857, 0.6523281860351563, 0.6523567272367932, 0.6523864019484747, 0.6524176025390624, 0.6524500674293154, 0.6524836948939732, 0.6525186302548363, 0.6525547572544643, 0.6525921049572173, 0.6526306442987351, 0.6526702590215774, 0.6527110217866444, 0.6527528889973958, 0.6527957589285714, 0.6528397914341517, 0.6528847975957961, 0.6529306466238839, 0.6529776727585566, 0.6530255562918527, 0.653074457077753, 0.6531241135370164, 0.6531747581845238, 0.6532262892950149, 0.6532785906110491, 0.6533317929222471, 0.6533857654389882, 0.6534405372256324, 0.6534961809430804, 0.653552478608631, 0.6536095319475446, 0.6536672828311012, 0.6537259056454613, 0.6537850516183036, 0.653844982328869, 0.6539054652622768, 0.6539667184012278, 0.6540284946986606, 0.6540908958798363, 0.6541539946056548, 0.6542176600864956, 0.6542818777901785, 0.6543465895879836, 0.6544118826729911, 0.6544778297061012, 0.6545441691080729, 0.6546111479259672, 0.6546785336449034, 0.6547464425223214, 0.6548148745582217, 0.6548837280273437, 0.6549530610584077, 0.6550228445870536, 0.6550930786132813, 0.6551636904761905, 0.6552348109654017, 0.6553062656947545, 0.655378156389509, 0.6554503958565848, 0.6555230422247025, 0.6555960809616815, 0.6556694248744419, 0.6557432192847843, 0.6558172752743675, 0.6558917381649926, 0.6559665207635789, 0.6560415649414063, 0.6561169433593751], "client_accs": {"T-shirt": [65.42857142857143, 44.857142857142854, 33.142857142857146, 25.857142857142858, 23.714285714285715, 26.857142857142858, 32.714285714285715, 40.0, 45.285714285714285, 48.714285714285715, 51.285714285714285, 53.57142857142857, 54.285714285714285, 56.142857142857146, 57.142857142857146, 58.714285714285715, 59.714285714285715, 60.57142857142857, 60.714285714285715, 61.42857142857143, 62.0, 62.142857142857146], "pullover": [24.142857142857142, 64.28571428571429, 69.14285714285714, 71.28571428571429, 69.57142857142857, 67.28571428571429, 68.14285714285714, 68.57142857142857, 68.57142857142857, 68.85714285714286, 69.71428571428571, 70.0, 71.28571428571429, 71.85714285714286, 72.14285714285714, 72.28571428571429, 73.14285714285714, 73.57142857142857, 73.85714285714286, 74.42857142857143, 74.57142857142857, 74.57142857142857], "shirt": [45.285714285714285, 48.857142857142854, 54.0, 62.285714285714285, 71.0, 75.57142857142857, 78.0, 77.42857142857143, 77.14285714285714, 76.42857142857143, 76.42857142857143, 76.42857142857143, 76.57142857142857, 76.42857142857143, 76.42857142857143, 76.71428571428571, 76.85714285714286, 77.0, 76.85714285714286, 76.85714285714286, 76.85714285714286, 76.85714285714286]}}