{"acc_dist": [82.71428571428571, 81.42857142857143, 71.42857142857143], "mean_curve": [36.142857142857146, 58.42857142857142, 67.47619047619047, 71.6190476190476, 73.85714285714286, 74.90476190476191, 75.52380952380952, 75.61904761904762, 76.09523809523809, 76.33333333333333, 76.80952380952381, 77.09523809523809, 77.23809523809524, 77.33333333333333, 77.76190476190476, 78.00000000000001, 77.90476190476191, 78.09523809523809, 78.14285714285715, 78.19047619047619, 78.47619047619048, 78.52380952380952], "var_curve": [12.103296902842935, 19.4415222941941, 13.796545625692472, 11.989413319509497, 9.9474811360656, 8.422785207851167, 7.585641048281855, 7.03957069398096, 6.555190427588666, 6.437912085306898, 6.039927617412543, 5.81966328283893, 5.401351976552093, 5.340556333390122, 5.325248974835909, 5.084322977157767, 4.924371341255242, 5.057940928867132, 5.0990195135927845, 5.124747657080573, 5.1114561650261745, 5.044473413364428], "train_loss": [0.7103317115420387, 0.7007224673316593, 0.6932251557849702, 0.6875292387462798, 0.6833271716889882, 0.680319315592448, 0.6782071213495163, 0.6767005266462055, 0.6755408150809151, 0.6745201328822544, 0.6734920683361235, 0.6723736862909226, 0.6711410086495535, 0.6698159499395461, 0.6684462483723959, 0.6670859927222842, 0.6657819184802828, 0.6645669991629465, 0.6634600394112723, 0.6624678838820685, 0.6615890648251489, 0.6608164324079242, 0.6601399884905134, 0.6595485578264509, 0.6590308925083704, 0.6585766892206101, 0.658176502046131, 0.6578225853329613, 0.6575081525530133, 0.6572281755719865, 0.6569785417829241, 0.6567563011532739, 0.6565590122767858, 0.6563852945963542, 0.6562339128766741, 0.6561039661225818, 0.6559947713216147, 0.6559057035900298, 0.6558363269624256, 0.6557859874906994, 0.6557539004371279, 0.6557395426432292, 0.6557421729678199, 0.6557610502697172, 0.6557953026181176, 0.6558442615327381, 0.6559069242931548, 0.6559825061616443, 0.6560702224004836, 0.6561691574823288, 0.6562785993303571, 0.6563978649321057, 0.6565261840820313, 0.65666256859189, 0.6568066987537202, 0.6569578334263393, 0.657115216936384, 0.6572784714471727, 0.6574468558175224, 0.6576200648716518, 0.6577974882579986, 0.657978777204241, 0.6581633504231771, 0.6583509753999256, 0.658541259765625, 0.6587338111514137, 0.6589283679780507, 0.6591245524088541, 0.6593221755254837, 0.6595209030877976, 0.6597206769670759, 0.6599210757300967, 0.6601220121837797, 0.6603232828776041, 0.6605246988932292, 0.6607261875697544, 0.6609274582635788, 0.6611284528459821, 0.6613291277204242, 0.6615292358398438, 0.6617288208007812, 0.6619276936848958, 0.6621257091703869, 0.6623229399181548, 0.6625191388811383, 0.6627144659133185, 0.6629087320963541, 0.6631018357049852, 0.6632937331426711, 0.6634845406668526, 0.6636740112304688, 0.66386229015532, 0.6640491885230655, 0.664234851655506, 0.6644190179734003, 0.6646019199916294, 0.6647833106631325, 0.6649633062453497, 0.6651418486095609, 0.6653189813523066, 0.6654946608770461, 0.6656687418619791, 0.6658414277576264, 0.6660125005812872, 0.666182120186942, 0.6663502575102306, 0.666516839890253, 0.666681881859189, 0.6668453979492188, 0.6670073154994419, 0.6671677943638392, 0.6673266165597099, 0.6674839855375744, 0.6676398141043527, 0.6677941167922247, 0.6679468645368304, 0.6680980864025298, 0.668247796921503, 0.66839598156157, 0.6685426693870907, 0.6686878749302455, 0.668831554594494, 0.6689737519763765, 0.6691145252046131, 0.6692537580217635, 0.6693915376209078, 0.6695279075985864, 0.669662853422619, 0.6697963750930059, 0.6699285162062872, 0.6700592186337425, 0.6701886276971726, 0.6703165108816963, 0.6704431442987352, 0.6705683826264881, 0.6706923130580357, 0.6708149937220981, 0.6709363228934152, 0.6710563587007069, 0.6711751447405135, 0.6712925502232143, 0.6714088221958706, 0.6715238879975818, 0.671637718563988, 0.6717502993629093, 0.6718617175874256, 0.6719719587053571, 0.6720810081845238, 0.672188953218006, 0.6722957502092634, 0.6724013846261161, 0.6725059872581846, 0.6726095145089285, 0.672711893717448, 0.672813255673363, 0.6729135422479539, 0.6730128406343004, 0.6731111508324031, 0.6732083711170015, 0.673304661342076, 0.6733999488467263, 0.6734943208240326, 0.6735877046130953, 0.6736802310035341, 0.6737717982700892, 0.6738624500093007, 0.6739522007533482, 0.6740411231631324, 0.6741291445777531, 0.6742163376581102, 0.6743025861467634, 0.6743881516229537, 0.6744727870396204, 0.6745566958472843, 0.6746397472563244, 0.6747220139276413, 0.6748036266508556, 0.6748843674432664, 0.6749644978841146, 0.6750437127976191, 0.675122302827381, 0.67520020984468, 0.6752772885277158, 0.6753538440522693, 0.6754295857747395, 0.6755047462100076, 0.6755791364397322, 0.6756529017857144, 0.6757260131835938, 0.675798586890811, 0.6758704049246651, 0.675941641671317, 0.6760123261951265, 0.6760823277064733, 0.6761517769949776, 0.6762206885928199, 0.6762889171781993, 0.6763566080729166, 0.6764237031482514, 0.6764903186616443, 0.6765563528878348], "client_accs": {"T-shirt": [39.285714285714285, 79.71428571428571, 83.14285714285714, 85.14285714285714, 85.42857142857143, 84.28571428571429, 83.71428571428571, 83.0, 83.0, 82.85714285714286, 82.42857142857143, 82.42857142857143, 82.14285714285714, 82.0, 82.28571428571429, 82.28571428571429, 82.14285714285714, 82.42857142857143, 82.57142857142857, 82.57142857142857, 82.71428571428571, 82.71428571428571], "pullover": [20.0, 32.714285714285715, 69.71428571428571, 73.71428571428571, 75.0, 76.57142857142857, 77.42857142857143, 77.71428571428571, 78.0, 78.57142857142857, 79.57142857142857, 79.85714285714286, 79.85714285714286, 80.14285714285714, 80.71428571428571, 80.85714285714286, 80.57142857142857, 80.85714285714286, 80.85714285714286, 81.0, 81.42857142857143, 81.42857142857143], "shirt": [49.142857142857146, 62.857142857142854, 49.57142857142857, 56.0, 61.142857142857146, 63.857142857142854, 65.42857142857143, 66.14285714285714, 67.28571428571429, 67.57142857142857, 68.42857142857143, 69.0, 69.71428571428571, 69.85714285714286, 70.28571428571429, 70.85714285714286, 71.0, 71.0, 71.0, 71.0, 71.28571428571429, 71.42857142857143]}}