{"acc_dist": [75.71428571428571, 71.85714285714286, 68.57142857142857], "mean_curve": [25.19047619047619, 46.23809523809524, 54.76190476190476, 59.047619047619044, 61.42857142857142, 63.52380952380952, 65.23809523809524, 65.95238095238095, 66.95238095238095, 67.47619047619047, 68.14285714285715, 68.14285714285714, 68.66666666666667, 69.09523809523809, 69.52380952380953, 69.76190476190477, 70.42857142857143, 70.80952380952381, 71.19047619047619, 71.71428571428571, 71.95238095238095, 72.04761904761904], "var_curve": [8.84125559259061, 10.96210748230078, 8.010480663076013, 5.907833302579363, 4.499433070863891, 3.614658993209207, 2.8436187860635473, 2.402757297436735, 2.508036968050228, 1.8674925286788162, 1.6454430993496187, 1.726149424799226, 2.0079208230769563, 2.038184243717401, 2.0481726826291964, 2.357022603955161, 2.393301309167442, 2.5080369680502312, 2.6836195816391175, 2.9160592175990256, 2.8002267481884124, 2.9191680236179223], "train_loss": [1.015646682012649, 1.0082693917410714, 1.001643327985491, 0.995477033342634, 0.9896187046595982, 0.9839994012741816, 0.9785929071335566, 0.9733928280784969, 0.9683997163318452, 0.9636147925967262, 0.9590381440662202, 0.9546667189825149, 0.950495837983631, 0.9465184093656994, 0.942726818266369, 0.9391119675409226, 0.935664818173363, 0.9323763892764138, 0.9292373221261161, 0.9262389555431548, 0.9233729480561755, 0.9206313941592262, 0.9180068533761161, 0.9154923793247768, 0.9130815197172618, 0.9107677060081846, 0.9085461135137648, 0.9064106387183779, 0.9043570091610863, 0.9023802548363097, 0.9004763648623513, 0.8986410377139137, 0.8968707856677828, 0.8951621500651042, 0.8935118756975448, 0.8919169398716518, 0.8903743198939732, 0.8888815743582589, 0.8874359130859375, 0.8860354178292411, 0.8846773565383185, 0.8833602178664434, 0.8820814150855655, 0.8808395240420387, 0.879632568359375, 0.8784592692057291, 0.8773175920758929, 0.8762064615885418, 0.875124279203869, 0.8740697951543899, 0.8730418468656994, 0.8720391264415923, 0.8710607038225446, 0.8701053292410714, 0.8691722179594494, 0.8682603236607144, 0.8673688034784227, 0.8664967854817709, 0.8656434849330358, 0.8648082042875744, 0.8639901588076636, 0.8631887962704613, 0.8624031866164436, 0.8616331263950894, 0.8608778889973959, 0.8601366606212797, 0.8594093831380208, 0.8586953299386161, 0.8579938616071429, 0.8573048909505209, 0.8566277494884673, 0.8559622918991815, 0.8553077334449405, 0.8546641322544642, 0.8540307907831101, 0.8534078252883184, 0.8527945091610863, 0.852190668015253, 0.8515962437220982, 0.8510106259300597, 0.8504337855747769, 0.8498652285621281, 0.8493051583426339, 0.8487530808221727, 0.8482086762927827, 0.8476718284970238, 0.8471425664992559, 0.8466204543340773, 0.8461054048084078, 0.8455972435360862, 0.845095738002232, 0.8446008591424851, 0.8441122581845238, 0.8436299932570684, 0.8431538027808779, 0.8426837158203125, 0.842219470796131, 0.8417608061290922, 0.8413079833984375, 0.8408604503813244, 0.840418439592634, 0.8399816313244047, 0.839550054640997, 0.8391235351562499, 0.8387020728701637, 0.8382853771391369, 0.8378735060918898, 0.8374663434709823, 0.837063714890253, 0.8366657366071429, 0.8362723214285714, 0.8358830624534971, 0.8354981340680804, 0.8351175072079613, 0.8347410656156994, 0.834368663969494, 0.8340001569475447, 0.8336357189360118, 0.8332750592912946, 0.8329182942708333, 0.8325653076171875, 0.8322158958798364, 0.8318702334449405, 0.8315280587332589, 0.831189429873512, 0.8308543468656994, 0.8305224900018601, 0.830194091796875, 0.8298690069289435, 0.8295471191406251, 0.829228515625, 0.8289129057384672, 0.8286006091889883, 0.8282911609468006, 0.827984851655506, 0.8276814197358631, 0.8273808651878721, 0.8270833333333334, 0.826788591657366, 0.8264966110956102, 0.8262072463262649, 0.8259207589285714, 0.8256369163876488, 0.8253557187034971, 0.8250769624255953, 0.8248008510044643, 0.8245272391183036, 0.8242561558314732, 0.8239874267578124, 0.823721197219122, 0.8234572928292411, 0.8231955973307291, 0.8229364013671875, 0.8226794142950148, 0.8224246651785713, 0.8221720958891369, 0.8219216773623512, 0.8216734677269345, 0.8214273216610865, 0.8211832972935268, 0.8209412202380952, 0.8207013811383929, 0.8204633440290179, 0.8202274286179314, 0.8199933442615327, 0.819761236281622, 0.8195309302920387, 0.8193025134858631, 0.8190760439918155, 0.8188514055524553, 0.8186284528459821, 0.8184071858723958, 0.8181876918247767, 0.817969970703125, 0.81775390625, 0.8175397309802829, 0.817326921735491, 0.8171158272879464, 0.8169063313802084, 0.816698492140997, 0.8164920479910714, 0.8162873477027531, 0.8160839843750001, 0.8158822195870535, 0.8156817917596726, 0.8154829624720982, 0.81528564453125, 0.8150896344866071, 0.8148950776599703, 0.8147018577938988, 0.814510033017113, 0.8143195742652529, 0.8141304815383185, 0.8139425223214286, 0.813756074451265, 0.8135708182198661, 0.8133868408203124, 0.8132039969308037, 0.8130224900018601, 0.8128421747116815, 0.8126630219959078], "client_accs": {"T-shirt": [27.0, 39.285714285714285, 55.57142857142857, 61.714285714285715, 63.714285714285715, 66.42857142857143, 67.85714285714286, 68.71428571428571, 70.0, 69.71428571428571, 70.28571428571429, 70.57142857142857, 71.42857142857143, 71.85714285714286, 72.14285714285714, 72.85714285714286, 73.42857142857143, 73.85714285714286, 74.42857142857143, 75.28571428571429, 75.42857142857143, 75.71428571428571], "pullover": [13.571428571428571, 37.714285714285715, 44.57142857142857, 50.857142857142854, 55.142857142857146, 58.42857142857143, 61.285714285714285, 62.857142857142854, 63.857142857142854, 65.14285714285714, 66.28571428571429, 66.71428571428571, 67.85714285714286, 68.42857142857143, 69.28571428571429, 69.28571428571429, 70.28571428571429, 70.85714285714286, 71.28571428571429, 71.71428571428571, 71.85714285714286, 71.85714285714286], "shirt": [35.0, 61.714285714285715, 64.14285714285714, 64.57142857142857, 65.42857142857143, 65.71428571428571, 66.57142857142857, 66.28571428571429, 67.0, 67.57142857142857, 67.85714285714286, 67.14285714285714, 66.71428571428571, 67.0, 67.14285714285714, 67.14285714285714, 67.57142857142857, 67.71428571428571, 67.85714285714286, 68.14285714285714, 68.57142857142857, 68.57142857142857]}}