{"acc_dist": [59.285714285714285, 76.85714285714286, 75.71428571428571], "mean_curve": [25.19047619047619, 40.61904761904762, 45.23809523809524, 47.85714285714286, 49.19047619047618, 50.333333333333336, 51.57142857142858, 53.904761904761905, 57.80952380952382, 61.52380952380952, 64.09523809523809, 65.52380952380952, 66.42857142857143, 67.14285714285715, 68.0, 68.57142857142857, 68.9047619047619, 69.42857142857143, 69.95238095238095, 70.19047619047619, 70.52380952380952, 70.6190476190476], "var_curve": [8.84125559259061, 22.810766443932504, 28.22271322800331, 31.001206910892563, 32.368905322022115, 32.54329054716484, 31.26602990228117, 28.137740248709648, 22.301683330302208, 17.554708782930994, 15.226781514274343, 13.101556917053546, 11.516329725226523, 10.910271014298505, 10.406042200842464, 9.902243269517648, 9.537846797991152, 8.803987964646062, 8.46789321020885, 8.53510823378112, 8.057897071532958, 8.027447246606616], "train_loss": [0.6968433779761906, 0.6916811988467262, 0.6882709321521577, 0.685841326032366, 0.684031982421875, 0.6826306007021948, 0.6814990525018602, 0.6805466279529391, 0.679716055733817, 0.678970961797805, 0.6782888067336309, 0.6776552036830358, 0.6770605614071802, 0.676498311360677, 0.6759633382161457, 0.6754523431687128, 0.674962419782366, 0.6744913446335565, 0.6740375482468378, 0.6735995919363841, 0.6731764293852306, 0.672766868954613, 0.6723702276320686, 0.671985386439732, 0.6716113571893602, 0.6712470209030877, 0.6708912150065105, 0.6705423990885416, 0.6701995123000373, 0.6698609561011905, 0.6695254371279762, 0.669191662016369, 0.6688586280459449, 0.6685254778180804, 0.668191397530692, 0.667856227329799, 0.6675196039109003, 0.667181643531436, 0.6668426223028274, 0.6665030924479166, 0.6661636061895462, 0.6658248465401786, 0.6654877435593377, 0.6651529511951265, 0.6648213704427083, 0.6644937569754464, 0.6641708664667039, 0.6638534691220238, 0.6635419718424479, 0.6632368687220982, 0.6629387991768974, 0.6626477777390253, 0.662364240373884, 0.6620882742745535, 0.6618197486514137, 0.6615588524228051, 0.6613053530738467, 0.6610591634114583, 0.6608197893415179, 0.6605873325892858, 0.6603611973353795, 0.6601410784040178, 0.6599266270228794, 0.6597174798874628, 0.6595131429036458, 0.6593132963634672, 0.6591177658807664, 0.6589258684430804, 0.6587374732607887, 0.6585521879650298, 0.658369881766183, 0.6581901041666667, 0.6580128406343007, 0.6578379458472842, 0.6576651727585565, 0.657494608561198, 0.6573260062081473, 0.6571594964890253, 0.6569949776785715, 0.6568325660342261, 0.6566722615559896, 0.6565141078404018, 0.6563582792736234, 0.6562047613234747, 0.656053713843936, 0.6559051513671875, 0.6557592337472098, 0.6556160481770833, 0.6554755510602678, 0.6553380621047247, 0.6552034214564731, 0.6550718761625745, 0.654943339029948, 0.6548179989769345, 0.6546957542782739, 0.6545767647879465, 0.6544609869094121, 0.654348406110491, 0.6542391095842633, 0.6541330392020089, 0.654030267624628, 0.6539307657877605, 0.6538344319661458, 0.6537412952241444, 0.6536514136904762, 0.6535645984468006, 0.6534809076218379, 0.6534003702799479, 0.6533227248418899, 0.6532482038225447, 0.6531767200288318, 0.6531080118815104, 0.6530422392345611, 0.6529792858305431, 0.6529191080729168, 0.6528616333007812, 0.6528069051106771, 0.6527547636486235, 0.6527051943824406, 0.6526582409086682, 0.6526137288411458, 0.6525716727120536, 0.6525319271995907, 0.6524945794968378, 0.6524596296037947, 0.6524268014090401, 0.6523962111700149, 0.6523677862258185, 0.6523415120442708, 0.6523172578357515, 0.6522951398577009, 0.6522748674665179, 0.6522566005161831, 0.6522402808779763, 0.6522257632300966, 0.6522130766369049, 0.6522022210984003, 0.652193094889323, 0.6521857416062128, 0.6521799287341891, 0.6521758742559524, 0.652173345656622, 0.6521724591936384, 0.6521730550130208, 0.6521752493722098, 0.6521788388206845, 0.6521839105515254, 0.652190420968192, 0.6521982828776042, 0.6522075834728422, 0.6522180757068452, 0.6522299630301339, 0.652243158249628, 0.6522575596400669, 0.6522732398623512, 0.6522900681268601, 0.6523080444335938, 0.6523272850399926, 0.652347630092076, 0.6523690214611234, 0.6523915027436756, 0.6524151611328125, 0.6524397931780134, 0.6524655006045387, 0.6524922398158481, 0.6525198509579613, 0.6525484793526786, 0.6525781249999999, 0.6526087007068452, 0.652640133812314, 0.6526724533807663, 0.6527057030087425, 0.6527397519066221, 0.6527747744605654, 0.652810538155692, 0.6528471447172618, 0.6528845941452753, 0.652922842843192, 0.6529618036179315, 0.6530015345982143, 0.6530420793805803, 0.6530832635788691, 0.6531252179827008, 0.6531678118024553, 0.653211175827753, 0.6532552083333334, 0.6532999383835566, 0.6533453369140626, 0.653391374860491, 0.6534379795619419, 0.6534852091471355, 0.6535331217447916, 0.6535816010974702, 0.6536306908017113, 0.6536803763253348, 0.6537305559430804, 0.6537814185732888, 0.6538327898297992, 0.6538846842447916, 0.6539371454148065, 0.6539900280180432], "client_accs": {"T-shirt": [27.0, 12.285714285714286, 6.428571428571429, 4.285714285714286, 3.5714285714285716, 4.428571428571429, 7.428571428571429, 14.142857142857142, 26.285714285714285, 36.714285714285715, 42.57142857142857, 47.0, 50.142857142857146, 51.714285714285715, 53.285714285714285, 54.57142857142857, 55.42857142857143, 57.0, 58.0, 58.142857142857146, 59.142857142857146, 59.285714285714285], "pullover": [13.571428571428571, 41.42857142857143, 56.57142857142857, 65.42857142857143, 68.71428571428571, 70.42857142857143, 71.42857142857143, 72.42857142857143, 72.71428571428571, 73.14285714285714, 74.28571428571429, 74.42857142857143, 74.71428571428571, 75.0, 75.57142857142857, 75.85714285714286, 76.14285714285714, 76.28571428571429, 76.57142857142857, 76.85714285714286, 76.71428571428571, 76.85714285714286], "shirt": [35.0, 68.14285714285714, 72.71428571428571, 73.85714285714286, 75.28571428571429, 76.14285714285714, 75.85714285714286, 75.14285714285714, 74.42857142857143, 74.71428571428571, 75.42857142857143, 75.14285714285714, 74.42857142857143, 74.71428571428571, 75.14285714285714, 75.28571428571429, 75.14285714285714, 75.0, 75.28571428571429, 75.57142857142857, 75.71428571428571, 75.71428571428571]}}