{"acc_dist": [84.71428571428571, 83.42857142857143, 71.0], "mean_curve": [38.476190476190474, 69.14285714285714, 72.0, 73.23809523809524, 74.76190476190476, 75.61904761904762, 76.0, 76.28571428571429, 76.6190476190476, 77.28571428571429, 77.61904761904762, 78.14285714285715, 78.33333333333333, 78.47619047619048, 78.71428571428572, 79.0952380952381, 79.33333333333333, 79.47619047619048, 79.47619047619047, 79.71428571428571, 79.76190476190476, 79.71428571428571], "var_curve": [12.896412691809314, 12.19958736895593, 11.899236813119312, 10.84794932395738, 9.565622498658831, 8.574867035190797, 7.838506035638952, 7.440466666660576, 6.777647669841502, 6.605501726683939, 6.391249687061076, 6.135654692321054, 6.043305548299984, 5.93196498782486, 5.973865986941119, 5.8905358583419805, 5.95714095390324, 6.021879984585614, 5.915888135039734, 6.088910405973536, 6.2131453067809845, 6.184245949118102], "train_loss": [0.6916349574497769, 0.6870247541155133, 0.6838769095284598, 0.6814441063290552, 0.6793290347144717, 0.677377435593378, 0.6755431111653646, 0.6738171677362351, 0.6722001575288319, 0.6706937081473213, 0.6692979649135045, 0.6680116780598958, 0.6668322608584449, 0.6657560657319569, 0.6647784423828125, 0.6638938831147694, 0.663096429734003, 0.6623794555664063, 0.6617367553710937, 0.6611619059244792, 0.660649167015439, 0.6601931617373512, 0.6597891235351563, 0.6594327654157366, 0.6591204688662575, 0.6588488188244047, 0.658614749000186, 0.658415745326451, 0.658249264671689, 0.6581127639043899, 0.6580044991629465, 0.6579221307663691, 0.6578638276599702, 0.6578277151925224, 0.657812252952939, 0.6578156970796131, 0.6578365507579985, 0.6578734624953496, 0.6579251970563615, 0.6579906499953497, 0.658068615141369, 0.6581582350957961, 0.6582586815243675, 0.6583691842215401, 0.6584891183035714, 0.6586181349981398, 0.6587553914388021, 0.6589009457542784, 0.6590541585286459, 0.659214869907924, 0.6593827892485119, 0.6595576985677083, 0.6597393508184525, 0.659927498953683, 0.6601217215401786, 0.6603218587239583, 0.6605274309430803, 0.6607379586356027, 0.6609530494326638, 0.6611723109654019, 0.6613951474144345, 0.6616211373465402, 0.6618497430710565, 0.6620806158156621, 0.6623133922758556, 0.6625474475678943, 0.6627826509021578, 0.6630186825706845, 0.663255092075893, 0.663491705031622, 0.6637282453264509, 0.6639646112351191, 0.6642004249209449, 0.6644357009161087, 0.6646701049804687, 0.6649036661783855, 0.6651361955915179, 0.6653675478980655, 0.6655976795014881, 0.6658265322730655, 0.6660539899553571, 0.6662799072265625, 0.6665044730050224, 0.6667274111793154, 0.6669487944103422, 0.6671684919084822, 0.6673865182059152, 0.6676029750279019, 0.6678176734561013, 0.6680305117652531, 0.668241722470238, 0.6684510439918155, 0.6686587233770461, 0.6688644554501488, 0.6690684000651043, 0.6692705426897323, 0.6694709123883928, 0.6696693347749255, 0.6698658825102307, 0.6700605991908483, 0.6702534412202382, 0.6704444521949404, 0.6706335594540551, 0.670820821126302, 0.6710062226795014, 0.6711897059849331, 0.6713714163643973, 0.6715512666248141, 0.671729271298363, 0.6719053431919643, 0.6720796857561383, 0.672252211797805, 0.6724229358491444, 0.6725918143136161, 0.6727589779808407, 0.6729244559151786, 0.6730880301339285, 0.6732499476841518, 0.6734101649693081, 0.6735686819893973, 0.6737255859375001, 0.6738806588309152, 0.674034162248884, 0.6741861688523065, 0.6743364461263021, 0.6744852701822918, 0.6746324230375743, 0.674778064546131, 0.6749221801757813, 0.6750647699265252, 0.6752059064592633, 0.6753455607096354, 0.6754837908063616, 0.6756206694103423, 0.6757559494745164, 0.6758900814964658, 0.676022687639509, 0.6761539568219866, 0.6762839762369791, 0.6764125569661458, 0.6765399896530878, 0.6766660563151041, 0.6767909022739955, 0.6769144403366815, 0.6770368158249628, 0.6771580723353795, 0.6772780645461309, 0.6773968651181176, 0.6775145467122398, 0.6776309785388764, 0.677746349516369, 0.6778607323056175, 0.6779739234561012, 0.6780861264183408, 0.6781971813383555, 0.6783071754092261, 0.6784161522274926, 0.678524169921875, 0.6786311848958334, 0.6787370954241072, 0.6788420613606773, 0.6789460972377231, 0.6790491739908854, 0.6791513497488838, 0.6792525518508185, 0.6793528529575893, 0.6794522385370163, 0.6795507376534599, 0.6796483212425595, 0.6797451491582961, 0.6798410324823289, 0.6799360584077382, 0.680030270531064, 0.6801235961914062, 0.6802161371140253, 0.6803078932989212, 0.6803988502139138, 0.680488993326823, 0.6805783517020089, 0.6806669834681921, 0.6807548450288318, 0.6808419363839286, 0.6809282575334822, 0.6810138230096726, 0.6810987636021205, 0.6811829630533853, 0.6812663922991072, 0.6813490804036458, 0.6814311872209822, 0.6815125819614956, 0.6815933227539063, 0.681673336937314, 0.681752653576079, 0.6818314179920014, 0.6819094848632812, 0.6819868832542783, 0.682063714890253, 0.6821398489815849, 0.6822154453822544, 0.6822903442382812, 0.6823646763392857], "client_accs": {"T-shirt": [56.714285714285715, 83.71428571428571, 86.71428571428571, 86.57142857142857, 86.57142857142857, 86.0, 85.14285714285714, 84.85714285714286, 84.14285714285714, 84.28571428571429, 84.28571428571429, 84.14285714285714, 84.14285714285714, 84.14285714285714, 84.28571428571429, 84.28571428571429, 84.57142857142857, 84.42857142857143, 84.28571428571429, 84.71428571428571, 84.71428571428571, 84.71428571428571], "pullover": [29.285714285714285, 69.85714285714286, 71.71428571428571, 73.14285714285714, 74.57142857142857, 75.85714285714286, 76.85714285714286, 77.28571428571429, 78.0, 79.14285714285714, 79.57142857142857, 80.57142857142857, 80.85714285714286, 81.0, 81.42857142857143, 82.14285714285714, 82.42857142857143, 83.0, 83.0, 83.28571428571429, 83.57142857142857, 83.42857142857143], "shirt": [29.428571428571427, 53.857142857142854, 57.57142857142857, 60.0, 63.142857142857146, 65.0, 66.0, 66.71428571428571, 67.71428571428571, 68.42857142857143, 69.0, 69.71428571428571, 70.0, 70.28571428571429, 70.42857142857143, 70.85714285714286, 71.0, 71.0, 71.14285714285714, 71.14285714285714, 71.0, 71.0]}}