{"acc_dist": [73.14285714285714, 69.42857142857143, 72.14285714285714], "mean_curve": [36.142857142857146, 41.952380952380956, 47.476190476190474, 53.57142857142858, 58.857142857142854, 61.857142857142854, 64.14285714285714, 65.57142857142857, 66.52380952380952, 67.19047619047619, 67.6190476190476, 68.33333333333333, 68.38095238095238, 68.80952380952381, 69.52380952380953, 70.04761904761904, 70.61904761904762, 70.95238095238095, 71.23809523809523, 71.19047619047619, 71.57142857142857, 71.57142857142857], "var_curve": [12.103296902842935, 3.9215666266501494, 4.074699326720268, 4.69910977239958, 6.774301178910267, 6.26403186758299, 5.444837784856528, 4.347178301343697, 3.7331632614323103, 2.9631141306864874, 2.7610836217760415, 2.6607076275617145, 2.696264317503251, 2.593380724607638, 2.6246692913372702, 2.357022603955158, 2.0548046676563274, 1.9943230087020885, 1.9178124348192638, 1.8120283419467125, 1.569262576503243, 1.569262576503243], "train_loss": [1.0255675978887648, 1.0163163248697915, 1.0060786655970981, 0.9960544840494792, 0.9874433535621279, 0.9805156017485119, 0.9748882184709821, 0.9701134091331847, 0.965877453031994, 0.9619891648065476, 0.9583384486607143, 0.9548624674479167, 0.9515260823567709, 0.9483092680431549, 0.9452002243768601, 0.9421912493024553, 0.9392775181361608, 0.936454845610119, 0.9337201218377977, 0.9310699753534227, 0.9285017031715029, 0.9260122825985864, 0.923599097842262, 0.9212595621744791, 0.9189910307384673, 0.9167911493210564, 0.9146573021298363, 0.9125875709170387, 0.9105797758556547, 0.9086317371186756, 0.9067416236514138, 0.9049073718843005, 0.9031273832775297, 0.9013997395833333, 0.8997228713262647, 0.898095209030878, 0.8965149216424851, 0.8949806722005208, 0.8934909784226189, 0.8920443870907738, 0.8906395031156994, 0.8892748732793899, 0.8879491896856399, 0.8866611444382441, 0.885409458705357, 0.884192882719494, 0.88301025390625, 0.8818601190476191, 0.8807414899553572, 0.8796533203125, 0.8785941859654018, 0.877563244047619, 0.8765594191778273, 0.875581548781622, 0.8746287318638393, 0.8736998058500743, 0.8727941022600447, 0.8719104585193452, 0.871048118954613, 0.870206269763765, 0.8693840099516369, 0.868580583844866, 0.867794916062128, 0.8670268903459822, 0.866275169735863, 0.8655395798456101, 0.8648190743582589, 0.8641132463727678, 0.8634213111514137, 0.8627430652436755, 0.8620776076543898, 0.8614246477399554, 0.8607833716982887, 0.8601536632719494, 0.8595349702380952, 0.8589267694382441, 0.8583286830357143, 0.857740507579985, 0.8571614873976934, 0.8565916806175595, 0.856030738467262, 0.8554779634021576, 0.8549333263578869, 0.8543965948195685, 0.8538674490792411, 0.8533456275576636, 0.8528308396112351, 0.8523228527250745, 0.8518216087704613, 0.8513269333612352, 0.8508382742745536, 0.8503558058965774, 0.8498792085193453, 0.8494083949497767, 0.8489431036086309, 0.8484833054315476, 0.8480287969680059, 0.8475794328962053, 0.847135271344866, 0.8466959926060268, 0.8462614513578869, 0.8458316185360862, 0.8454064650762648, 0.8449857875279018, 0.8445696440197173, 0.84415771484375, 0.8437501162574405, 0.8433466448102678, 0.8429474458240328, 0.8425521414620536, 0.8421607317243304, 0.8417733328683035, 0.8413897705078125, 0.8410098411923363, 0.8406338065011161, 0.8402612595331101, 0.8398924618675595, 0.839527093796503, 0.8391652134486606, 0.8388068498883928, 0.8384518287295387, 0.8381001790364583, 0.8377517845517114, 0.8374065871465773, 0.8370646740141369, 0.8367259288969494, 0.8363902646019344, 0.8360576520647321, 0.8357281203497023, 0.8354015241350446, 0.8350779215494791, 0.8347572544642857, 0.8344395228794643, 0.8341245524088542, 0.8338125174386161, 0.8335030982607887, 0.8331964111328124, 0.8328925432477678, 0.832591320219494, 0.832292712983631, 0.8319966924758185, 0.831703345889137, 0.8314124988374255, 0.8311240059988839, 0.8308380417596727, 0.8305546061197916, 0.8302735537574405, 0.8299949428013393, 0.8297185988653274, 0.829444580078125, 0.8291727992466518, 0.8289034307570685, 0.828636242094494, 0.828371320452009, 0.8281084623790922, 0.8278477841331845, 0.8275892566499256, 0.8273327636718749, 0.8270783342633928, 0.8268261137462799, 0.8265757242838543, 0.8263275146484376, 0.8260811070033482, 0.8258367047991072, 0.825594220842634, 0.8253536260695684, 0.8251150658017113, 0.8248781331380209, 0.8246431187220983, 0.8244098481677827, 0.8241784086681548, 0.8239487711588542, 0.8237207031250001, 0.8234944952101935, 0.8232700020926339, 0.8230470784505207, 0.8228257824125743, 0.8226062302362352, 0.8223882184709822, 0.8221717761811757, 0.8219569614955358, 0.8217436581566221, 0.8215317789713542, 0.8213215855189732, 0.821112816220238, 0.820905529203869, 0.8206995791480655, 0.8204951404389881, 0.8202921258835566, 0.8200906226748511, 0.8198903401692709, 0.819691394624256, 0.8194939313616071, 0.8192977759951637, 0.8191028994605656, 0.8189093598865327, 0.8187170700799852, 0.8185260009765626, 0.8183362688337054, 0.818147699265253, 0.817960437593006], "client_accs": {"T-shirt": [39.285714285714285, 44.285714285714285, 50.42857142857143, 57.714285714285715, 64.0, 66.42857142857143, 69.14285714285714, 68.42857142857143, 68.57142857142857, 69.28571428571429, 69.57142857142857, 70.14285714285714, 70.42857142857143, 70.57142857142857, 70.85714285714286, 71.71428571428571, 72.0, 72.57142857142857, 73.0, 73.0, 73.14285714285714, 73.14285714285714], "pullover": [20.0, 36.42857142857143, 41.714285714285715, 47.0, 49.285714285714285, 53.0, 56.57142857142857, 59.42857142857143, 61.285714285714285, 63.0, 63.714285714285715, 64.57142857142857, 64.57142857142857, 65.14285714285714, 65.85714285714286, 66.71428571428571, 67.71428571428571, 68.14285714285714, 68.57142857142857, 68.71428571428571, 69.42857142857143, 69.42857142857143], "shirt": [49.142857142857146, 45.142857142857146, 50.285714285714285, 56.0, 63.285714285714285, 66.14285714285714, 66.71428571428571, 68.85714285714286, 69.71428571428571, 69.28571428571429, 69.57142857142857, 70.28571428571429, 70.14285714285714, 70.71428571428571, 71.85714285714286, 71.71428571428571, 72.14285714285714, 72.14285714285714, 72.14285714285714, 71.85714285714286, 72.14285714285714, 72.14285714285714]}}