{"acc_dist": [82.71428571428571, 80.71428571428571, 71.71428571428571], "mean_curve": [44.952380952380956, 62.23809523809524, 68.14285714285715, 71.76190476190477, 73.47619047619047, 74.14285714285714, 74.71428571428571, 75.09523809523809, 75.47619047619048, 75.76190476190476, 76.0, 76.38095238095237, 76.57142857142857, 76.95238095238095, 77.0952380952381, 77.3809523809524, 77.57142857142857, 77.80952380952381, 78.04761904761905, 78.23809523809524, 78.38095238095237, 78.38095238095237], "var_curve": [16.856470258306185, 13.347441515561618, 12.222984927758755, 9.220897099016865, 7.991775818028405, 7.024737630368145, 6.628119853255197, 5.677660404110053, 5.778606254922819, 5.472669675641386, 5.0803074522634715, 5.030969846497978, 4.852939357560865, 4.435989690604272, 4.324166127522477, 4.386642267781533, 4.49943307086389, 4.585296425604084, 4.5420684151087345, 4.784233364802441, 4.784233364802441, 4.784233364802441], "train_loss": [0.6864681280226934, 0.6827867925734749, 0.6807565598260789, 0.6793113926478794, 0.6780127098446801, 0.6766479346865699, 0.6750982230050223, 0.6733235386439732, 0.6713541811988467, 0.6692677379789806, 0.6671644810267857, 0.6651473127092634, 0.6633064342680431, 0.661708751860119, 0.6603904070172991, 0.659354727608817, 0.658574465797061, 0.6580009969075521, 0.6575755237397694, 0.6572429838634672, 0.6569598533993676, 0.6566986374627976, 0.6564456176757812, 0.6561972772507441, 0.6559559558686756, 0.6557262021019344, 0.6555130586170014, 0.6553203764415924, 0.6551512945265997, 0.6550074404761904, 0.6548897588820685, 0.654798336937314, 0.6547327241443451, 0.654692135765439, 0.6546755109514509, 0.6546813674200149, 0.6547086152576265, 0.6547557576497396, 0.6548214285714286, 0.6549042184012277, 0.6550030226934523, 0.6551163736979166, 0.655243181501116, 0.6553821527390253, 0.6555322992234003, 0.6556925891694568, 0.6558621506463914, 0.65604002453032, 0.6562253679547991, 0.6564175996326265, 0.656615731375558, 0.656819327218192, 0.657027820405506, 0.6572405424572173, 0.6574570864722843, 0.6576768856956846, 0.6578995622907367, 0.658124752952939, 0.6583521525065104, 0.6585812377929687, 0.6588119216192336, 0.6590438406808036, 0.6592766898018975, 0.659510236467634, 0.6597443644205728, 0.6599787394205728, 0.6602132452101935, 0.6604476347423736, 0.660681893484933, 0.6609158325195312, 0.6611491030738467, 0.6613818068731399, 0.6616138131277902, 0.6618448747907367, 0.6620750354585193, 0.6623040916806175, 0.6625320289248512, 0.6627587164015997, 0.6629840959821428, 0.6632081386021205, 0.6634308442615326, 0.6636520240420388, 0.6638716488792783, 0.6640896751767114, 0.6643061174665178, 0.6645208304268974, 0.6647339593796503, 0.6649452863420758, 0.6651548549107144, 0.6653626650855654, 0.665568600609189, 0.6657728358677455, 0.6659750511532738, 0.6661755516415551, 0.6663741048177083, 0.6665707542782738, 0.6667654854910715, 0.6669583856491816, 0.6671493239629837, 0.6673382859002976, 0.667525387718564, 0.6677106003534226, 0.6678938366117931, 0.6680751255580356, 0.6682545253208705, 0.6684320504324778, 0.6686076136997768, 0.6687813313802083, 0.6689530436197918, 0.6691230410621279, 0.6692911057245164, 0.6694572957356771, 0.6696216692243304, 0.669784153529576, 0.6699448649088541, 0.6701036725725446, 0.6702608816964286, 0.6704160853794643, 0.6705697050548736, 0.6707214500790551, 0.6708715529668899, 0.6710198538643973, 0.6711664399646576, 0.6713115001860119, 0.6714547438848587, 0.6715963309151786, 0.671736348470052, 0.671874752952939, 0.6720115443638393, 0.6721466791062127, 0.67228028796968, 0.6724124000186013, 0.6725428989955358, 0.6726719883510044, 0.6727994936988466, 0.6729254876999627, 0.6730502028692337, 0.673173304966518, 0.6732950846354168, 0.6734152948288691, 0.6735342843191964, 0.6736517624627977, 0.6737679763067336, 0.673882795061384, 0.6739962913876488, 0.6741084216889881, 0.6742193894159226, 0.6743289911179314, 0.6744373139880953, 0.6745443725585938, 0.6746503702799479, 0.6747550019763766, 0.6748585001627604, 0.6749608793712798, 0.6750620524088542, 0.6751620774042039, 0.6752610124860491, 0.6753588721865699, 0.6754556274414063, 0.6755514235723585, 0.6756461007254465, 0.6757397024972098, 0.6758324323381696, 0.6759240722656249, 0.676014898390997, 0.6761046636672248, 0.6761934698195683, 0.6762814767020089, 0.6763685680571055, 0.6764547438848586, 0.6765400768461681, 0.6766245524088541, 0.6767082287016369, 0.676791018531436, 0.6768730090913317, 0.6769542730422247, 0.6770347813197545, 0.6771145048595609, 0.6771934291294643, 0.6772715977260044, 0.6773490397135417, 0.6774258568173362, 0.6775019182477678, 0.6775773257300969, 0.6776520211356027, 0.6777260044642857, 0.6777993193126859, 0.6778720092773437, 0.677944103422619, 0.6780155145554315, 0.6780863879975819, 0.6781565784272693, 0.6782261294410342, 0.6782950991675967, 0.6783634876069567, 0.678431367420015, 0.6784985787527901, 0.6785653250558036, 0.6786314028785342, 0.6786970883324033, 0.6787621198381696], "client_accs": {"T-shirt": [65.42857142857143, 75.57142857142857, 82.42857142857143, 83.28571428571429, 83.14285714285714, 82.28571428571429, 82.28571428571429, 81.28571428571429, 81.57142857142857, 81.57142857142857, 81.57142857142857, 81.57142857142857, 81.57142857142857, 81.28571428571429, 81.28571428571429, 81.42857142857143, 81.57142857142857, 82.0, 82.14285714285714, 82.57142857142857, 82.71428571428571, 82.71428571428571], "pullover": [24.142857142857142, 67.14285714285714, 69.42857142857143, 71.28571428571429, 73.71428571428571, 75.0, 75.71428571428571, 76.42857142857143, 77.14285714285714, 77.28571428571429, 77.14285714285714, 78.0, 78.14285714285714, 78.71428571428571, 78.85714285714286, 79.42857142857143, 79.85714285714286, 80.0, 80.28571428571429, 80.57142857142857, 80.71428571428571, 80.71428571428571], "shirt": [45.285714285714285, 44.0, 52.57142857142857, 60.714285714285715, 63.57142857142857, 65.14285714285714, 66.14285714285714, 67.57142857142857, 67.71428571428571, 68.42857142857143, 69.28571428571429, 69.57142857142857, 70.0, 70.85714285714286, 71.14285714285714, 71.28571428571429, 71.28571428571429, 71.42857142857143, 71.71428571428571, 71.57142857142857, 71.71428571428571, 71.71428571428571]}}