{"acc_dist": [63.285714285714285, 77.28571428571429, 77.0], "mean_curve": [38.476190476190474, 46.19047619047618, 47.95238095238094, 48.523809523809526, 49.523809523809526, 50.52380952380952, 52.85714285714286, 57.333333333333336, 61.285714285714285, 63.61904761904762, 65.33333333333333, 66.57142857142857, 67.76190476190476, 68.42857142857143, 69.14285714285715, 69.71428571428571, 70.42857142857143, 71.04761904761905, 71.52380952380952, 72.09523809523809, 72.52380952380953, 72.52380952380953], "var_curve": [12.896412691809314, 23.863652756912433, 29.99871501405237, 32.01728558081898, 32.88825304282088, 32.72443871006635, 30.11610186987577, 24.07650316252648, 18.410659438281424, 14.771425501212418, 12.619137465987423, 11.161157134071205, 10.268724946074883, 9.626352718795768, 9.110060223670951, 8.690443574628942, 8.187430219882318, 7.509027069357567, 7.441685615991597, 7.037637719519369, 6.533361099482858, 6.533361099482858], "train_loss": [0.6916349574497769, 0.6883669607979911, 0.686212172735305, 0.6846606009347097, 0.6834263828822545, 0.682349621000744, 0.6813548206147694, 0.6804163614908854, 0.6795309593563988, 0.6787019566127231, 0.677931881859189, 0.6772202700660342, 0.6765639241536459, 0.6759576851981027, 0.6753958420526414, 0.6748728724888392, 0.6743836321149553, 0.6739239647274925, 0.6734904261997768, 0.6730804152715774, 0.6726917957124257, 0.672322765531994, 0.6719719296409971, 0.6716377912248883, 0.6713188970656622, 0.6710136922200521, 0.6707204037620907, 0.6704374186197916, 0.6701628476097469, 0.6698949323381697, 0.6696321033296132, 0.6693726457868303, 0.6691152954101564, 0.6688591948009673, 0.6686033848353795, 0.6683473714192708, 0.668091081891741, 0.6678344871884301, 0.6675777616954984, 0.6673214431036087, 0.6670660545712425, 0.6668121483212426, 0.6665604945591518, 0.6663115583147321, 0.6660661969866072, 0.6658247448149182, 0.6655879138764881, 0.6653560529436383, 0.6651294090634301, 0.6649082728794643, 0.6646928042457217, 0.6644830467587427, 0.6642788841610864, 0.6640803600492932, 0.6638872128441221, 0.6636993553524926, 0.6635162062872023, 0.6633377947126117, 0.6631637573242187, 0.6629936145600818, 0.6628272356305803, 0.6626641700381325, 0.6625041126069567, 0.662346918015253, 0.6621922374906993, 0.6620400129045759, 0.6618898228236607, 0.6617416527157739, 0.6615955025809152, 0.6614511544363838, 0.6613085792178199, 0.6611678786504837, 0.6610289655412945, 0.6608919125511533, 0.6607567342122396, 0.660623532249814, 0.6604923793247769, 0.6603633480980283, 0.6602366710844494, 0.66011231921968, 0.6599903361002605, 0.6598709687732515, 0.6597540573846726, 0.6596399943033854, 0.6595286487397694, 0.6594201514834449, 0.6593146187918527, 0.6592120216006324, 0.6591124616350447, 0.6590158952985491, 0.6589224388485863, 0.6588319905598957, 0.6587446666899183, 0.6586605398995536, 0.6585794503348215, 0.658501456124442, 0.6584265863327753, 0.6583547101702009, 0.6582859584263393, 0.6582201567150298, 0.6581573631649925, 0.6580975341796876, 0.6580406261625744, 0.6579865228562127, 0.6579352533249628, 0.6578867449079241, 0.6578409976050968, 0.6577978806268602, 0.657757553827195, 0.6577196248372396, 0.6576843988327753, 0.6576514689127605, 0.6576210675920758, 0.6575930495489212, 0.6575672403971354, 0.6575436982654391, 0.657522466750372, 0.657503400530134, 0.6574862961542038, 0.6574715169270834, 0.6574586704799107, 0.6574476405552455, 0.6574386160714286, 0.6574314662388393, 0.6574261038643973, 0.6574224998837425, 0.657420639764695, 0.6574205380394346, 0.6574219331287203, 0.6574250139508928, 0.6574296497163319, 0.6574358404250372, 0.6574433826264882, 0.6574524652390253, 0.657462899344308, 0.6574746704101563, 0.6574879237583705, 0.6575023978097098, 0.6575180925641742, 0.6575350516183035, 0.6575531441824777, 0.6575725010463169, 0.6575929623558409, 0.6576146443684895, 0.6576372709728423, 0.6576609438941593, 0.6576857503255208, 0.6577115158807664, 0.6577382260277158, 0.657765851702009, 0.6577945236932664, 0.6578241257440477, 0.6578545706612724, 0.6578857712518601, 0.6579180181594122, 0.6579509916759673, 0.6579847644624256, 0.6580193801153275, 0.6580547223772322, 0.65809083484468, 0.6581277029854911, 0.658165283203125, 0.6582035028366815, 0.6582425217401414, 0.6582821219308036, 0.6583224923270089, 0.6583633568173364, 0.6584049479166666, 0.6584471348353794, 0.6584898594447545, 0.6585332525344122, 0.6585772123790923, 0.6586217389787946, 0.6586667887369791, 0.6587123035249256, 0.6587584867931547, 0.6588051350911459, 0.6588523356119791, 0.658899913969494, 0.6589480590820312, 0.6589967418852307, 0.6590458606538317, 0.6590953281947544, 0.6591453624906994, 0.6591957891555059, 0.6592466953822544, 0.6592980375744047, 0.6593498011997768, 0.6594019571940104, 0.6594544910249256, 0.6595074172247024, 0.6595608229864212, 0.6596145193917411, 0.6596686372302827, 0.659723161969866, 0.6597779918852308, 0.659833228701637, 0.6598888142903646, 0.6599447777157738, 0.6600010317847843, 0.6600576927548363], "client_accs": {"T-shirt": [56.714285714285715, 18.857142857142858, 7.714285714285714, 3.857142857142857, 3.2857142857142856, 4.428571428571429, 10.428571428571429, 23.428571428571427, 35.42857142857143, 42.857142857142854, 47.57142857142857, 50.857142857142854, 53.285714285714285, 54.857142857142854, 56.285714285714285, 57.42857142857143, 58.857142857142854, 60.42857142857143, 61.0, 62.142857142857146, 63.285714285714285, 63.285714285714285], "pullover": [29.285714285714285, 42.714285714285715, 56.42857142857143, 64.42857142857143, 68.28571428571429, 70.0, 70.85714285714286, 71.57142857142857, 71.57142857142857, 72.0, 72.71428571428571, 73.14285714285714, 74.0, 74.28571428571429, 74.85714285714286, 75.57142857142857, 75.85714285714286, 76.28571428571429, 76.85714285714286, 77.14285714285714, 77.28571428571429, 77.28571428571429], "shirt": [29.428571428571427, 77.0, 79.71428571428571, 77.28571428571429, 77.0, 77.14285714285714, 77.28571428571429, 77.0, 76.85714285714286, 76.0, 75.71428571428571, 75.71428571428571, 76.0, 76.14285714285714, 76.28571428571429, 76.14285714285714, 76.57142857142857, 76.42857142857143, 76.71428571428571, 77.0, 77.0, 77.0]}}