{"acc_dist": [80.42857142857143, 73.42857142857143, 69.57142857142857], "mean_curve": [44.952380952380956, 58.285714285714285, 61.19047619047618, 63.523809523809526, 66.0, 67.52380952380952, 69.3809523809524, 70.76190476190476, 71.14285714285714, 71.57142857142857, 72.14285714285715, 72.57142857142857, 72.66666666666667, 72.95238095238096, 73.04761904761905, 73.3809523809524, 73.6190476190476, 73.90476190476191, 74.0, 74.19047619047619, 74.47619047619048, 74.47619047619048], "var_curve": [16.856470258306185, 9.626352718795768, 9.765504562749399, 10.040281681099769, 9.446591726019246, 8.552624877208716, 7.527124043875063, 7.066576818835828, 6.572463686591553, 6.464976285134146, 6.162206513550669, 6.164414002968979, 6.094866060074613, 5.7051514295824886, 5.647627077806867, 5.378634140320338, 5.312459150169745, 5.08075377841872, 4.887858064897651, 4.759999618895162, 4.493885995201535, 4.493885995201535], "train_loss": [0.9633585902622768, 0.9539565604073661, 0.9465336681547619, 0.9404045177641369, 0.9351370965866815, 0.9304660179501488, 0.9262271844773066, 0.9223166910807293, 0.9186665852864584, 0.9152310907273066, 0.9119771030970982, 0.9088813127790178, 0.9059253801618303, 0.9030950927734375, 0.9003792027064731, 0.8977682059151785, 0.8952544294084821, 0.892831072126116, 0.890492437453497, 0.8882334681919642, 0.8860496884300595, 0.8839370582217262, 0.88189206077939, 0.8799114990234376, 0.8779923211960566, 0.8761320277622767, 0.8743280319940476, 0.8725779796781993, 0.870879894438244, 0.869231916155134, 0.8676320103236607, 0.8660785784040179, 0.8645700509207589, 0.863104974655878, 0.861681663876488, 0.8602991303943454, 0.8589558628627233, 0.857650611514137, 0.8563821847098213, 0.8551494489397321, 0.8539514450799851, 0.8527868361700149, 0.8516547212146577, 0.8505541120256696, 0.8494839622860862, 0.8484432547433035, 0.8474313499813988, 0.8464468529110863, 0.8454892113095238, 0.8445574951171876, 0.8436507742745536, 0.8427683221726191, 0.8419093540736607, 0.8410729108537947, 0.840258294968378, 0.8394647798084077, 0.8386916097005207, 0.8379381161644345, 0.8372035725911459, 0.8364872233072917, 0.8357887776692708, 0.8351070731026785, 0.834441906156994, 0.833792492094494, 0.8331583368210564, 0.8325388881138392, 0.8319335065569197, 0.8313419015066964, 0.8307633754185267, 0.8301974051339286, 0.8296438743954613, 0.8291019694010417, 0.8285714576357887, 0.8280518450055805, 0.8275427827380953, 0.8270438639322917, 0.8265548270089286, 0.826075177873884, 0.8256047421409969, 0.825143054780506, 0.8246898251488095, 0.8242448497953868, 0.8238078671409971, 0.8233784993489582, 0.82295654296875, 0.8225417364211309, 0.8221338181268601, 0.8217327299572172, 0.8213378906250001, 0.8209495326450892, 0.8205671619233632, 0.820190691266741, 0.8198198590959822, 0.8194546944754464, 0.8190948776971726, 0.8187401762462798, 0.8183905029296875, 0.8180459449404762, 0.8177059500558036, 0.8173706345331101, 0.8170397658575149, 0.816713373093378, 0.8163911365327382, 0.8160729689825148, 0.8157590738932291, 0.8154489571707589, 0.8151427350725445, 0.8148400878906249, 0.8145412190755209, 0.8142458961123511, 0.8139539736793155, 0.8136654517764136, 0.8133800688244047, 0.8130980864025297, 0.8128192138671876, 0.8125433930896578, 0.8122705659412203, 0.8120007614862351, 0.8117335728236608, 0.8114694359188989, 0.8112079438709077, 0.8109491838727679, 0.8106929524739583, 0.8104395403180803, 0.8101884242466518, 0.8099397786458334, 0.8096936907087052, 0.8094497825985864, 0.8092085193452382, 0.8089693196614584, 0.8087322998046874, 0.8084976050967262, 0.8082650902157739, 0.8080346389043899, 0.8078062802269345, 0.8075798688616072, 0.8073556082589285, 0.8071332659040179, 0.8069128999255953, 0.8066944812593007, 0.8064778645833334, 0.8062629917689733, 0.8060501243954613, 0.8058389136904762, 0.8056295340401786, 0.805421869187128, 0.8052157738095237, 0.8050115966796875, 0.8048088727678572, 0.8046078055245536, 0.8044083368210565, 0.8042103794642858, 0.8040140497116816, 0.8038192603701638, 0.8036259823753721, 0.8034341285342261, 0.8032437860398066, 0.8030548095703125, 0.8028672572544643, 0.8026812162853423, 0.8024963669549852, 0.8023130871000744, 0.8021309988839285, 0.8019502476283482, 0.8017708623976935, 0.8015927269345239, 0.8014158993675595, 0.8012402634393602, 0.8010659644717263, 0.8008927408854166, 0.8007207961309524, 0.8005499848865328, 0.8003805396670387, 0.8002120535714287, 0.8000447591145834, 0.7998785691034227, 0.7997134835379464, 0.7995495314825148, 0.799386712937128, 0.7992250279017857, 0.7990642147972471, 0.798904535202753, 0.7987459600539436, 0.7985883730933779, 0.7984317743210565, 0.7982762799944196, 0.7981215413411458, 0.7979681105840774, 0.797815435500372, 0.7976637486049106, 0.7975129917689733, 0.7973631649925595, 0.7972142392113094, 0.7970662725539435, 0.7969192359561011, 0.7967731875465031, 0.7966278076171874, 0.7964833577473959, 0.7963396635509672, 0.7961970738002232, 0.7960552687872023], "client_accs": {"T-shirt": [65.42857142857143, 71.85714285714286, 75.0, 77.71428571428571, 79.28571428571429, 79.57142857142857, 80.0, 80.71428571428571, 80.42857142857143, 80.71428571428571, 80.85714285714286, 81.28571428571429, 81.28571428571429, 81.0, 81.0, 80.85714285714286, 81.0, 80.85714285714286, 80.57142857142857, 80.57142857142857, 80.42857142857143, 80.42857142857143], "pullover": [24.142857142857142, 52.42857142857143, 54.142857142857146, 56.0, 58.142857142857146, 60.57142857142857, 63.42857142857143, 65.0, 66.14285714285714, 67.0, 67.85714285714286, 68.42857142857143, 68.42857142857143, 69.42857142857143, 69.71428571428571, 70.85714285714286, 71.14285714285714, 72.0, 72.57142857142857, 72.85714285714286, 73.42857142857143, 73.42857142857143], "shirt": [45.285714285714285, 50.57142857142857, 54.42857142857143, 56.857142857142854, 60.57142857142857, 62.42857142857143, 64.71428571428571, 66.57142857142857, 66.85714285714286, 67.0, 67.71428571428571, 68.0, 68.28571428571429, 68.42857142857143, 68.42857142857143, 68.42857142857143, 68.71428571428571, 68.85714285714286, 68.85714285714286, 69.14285714285714, 69.57142857142857, 69.57142857142857]}}