{"acc_dist": [82.57142857142857, 75.0, 66.28571428571429], "mean_curve": [25.19047619047619, 60.904761904761905, 66.52380952380953, 68.14285714285714, 69.14285714285714, 69.95238095238095, 70.90476190476191, 71.66666666666667, 72.33333333333334, 73.0, 73.47619047619047, 73.47619047619047, 73.76190476190476, 73.85714285714285, 73.8095238095238, 73.85714285714286, 73.95238095238095, 74.28571428571428, 74.42857142857143, 74.47619047619048, 74.6190476190476, 74.6190476190476], "var_curve": [8.84125559259061, 10.338708279513884, 12.76705652945517, 11.607527466155355, 10.902786263121904, 10.858604747026858, 10.296511088206971, 9.881153182124885, 9.215731398832084, 8.90157824422699, 8.871212583317611, 9.042855889064333, 8.809652508712416, 8.517289339166235, 8.226664241060734, 8.112306935115546, 7.705756601869551, 7.412987316351009, 7.179903927502321, 7.058871326146483, 6.6540697314447845, 6.6540697314447845], "train_loss": [1.015646682012649, 1.001257585797991, 0.9885255359468007, 0.9772259521484375, 0.9671509370349702, 0.9581241280691964, 0.9499984014601934, 0.9426521228608632, 0.9359827822730655, 0.9299039422898066, 0.924342535109747, 0.9192361595517115, 0.9145314534505209, 0.9101829601469493, 0.9061512974330358, 0.9024022856212798, 0.8989066859654017, 0.8956387765066965, 0.8925763811383929, 0.8896995907738096, 0.8869914027622768, 0.8844362386067708, 0.8820208740234375, 0.8797333635602679, 0.8775623430524554, 0.8754988025483631, 0.8735339646112351, 0.8716599818638393, 0.869870111374628, 0.8681579008556547, 0.8665175955636161, 0.8649441092354911, 0.8634328497023809, 0.8619794573102678, 0.8605800083705358, 0.859231218610491, 0.8579295712425595, 0.8566721888950893, 0.8554566301618304, 0.8542801629929316, 0.8531405784970238, 0.8520359584263394, 0.8509639195033483, 0.8499231538318454, 0.8489120338076637, 0.8479288446335566, 0.8469722493489583, 0.846040765671503, 0.8451336379278275, 0.8442492966424852, 0.8433869280133929, 0.8425457182384672, 0.8417243303571428, 0.8409222993396578, 0.8401387823195684, 0.8393728492373512, 0.8386239769345237, 0.8378914388020834, 0.8371745372953869, 0.8364730398995536, 0.8357859874906994, 0.8351129441034226, 0.8344536481584822, 0.8338073730468749, 0.8331739443824405, 0.8325526646205357, 0.8319433884393602, 0.8313455926804316, 0.8307588704427084, 0.8301830182756696, 0.8296176002139136, 0.8290625581287202, 0.8285171072823662, 0.8279813348679315, 0.8274549793061756, 0.8269374883742561, 0.8264288620721726, 0.8259288097563244, 0.8254370989118304, 0.8249534098307292, 0.8244777425130209, 0.8240096609933035, 0.8235489618210566, 0.8230956449962799, 0.8226493908110118, 0.8222099958147321, 0.8217773728143601, 0.8213513474237352, 0.8209317743210566, 0.8205183628627233, 0.8201110549200149, 0.819709705171131, 0.8193141682942708, 0.8189243280319941, 0.8185399518694196, 0.8181610979352678, 0.8177874465215774, 0.8174189976283482, 0.8170556059337798, 0.8166970970517115, 0.8163433547247023, 0.815994408017113, 0.8156501116071428, 0.8153101748511905, 0.8149748302641369, 0.8146435837518601, 0.8143167550223214, 0.8139939081101191, 0.8136751883370535, 0.8133603341238839, 0.81304931640625, 0.8127421642485119, 0.8124386742001488, 0.8121388171968006, 0.8118424479166667, 0.8115497698102678, 0.8112603759765625, 0.8109743245442708, 0.8106914120628721, 0.8104119001116071, 0.8101354689825149, 0.8098620896112352, 0.809591791062128, 0.8093243989490327, 0.8090599132719495, 0.8087982468377977, 0.8085393996465774, 0.8082833716982888, 0.8080299304780505, 0.8077791050502232, 0.8075309244791667, 0.8072852143787203, 0.8070421491350447, 0.8068013509114583, 0.8065630812872023, 0.8063270205543155, 0.806093488420759, 0.805862048921131, 0.8056329345703125, 0.8054058837890624, 0.8051810418991816, 0.8049584089006695, 0.8047377232142857, 0.8045191010974703, 0.8043025716145834, 0.804087902250744, 0.8038751801990327, 0.8036644345238096, 0.8034555199032738, 0.8032484072730655, 0.803043212890625, 0.8028396751767114, 0.8026380266462053, 0.8024379475911458, 0.8022396123976935, 0.8020430210658483, 0.8018480282738095, 0.8016546049572173, 0.8014628964378719, 0.8012726411365327, 0.8010838971819196, 0.800896722702753, 0.8007109723772321, 0.8005267915271577, 0.8003440929594494, 0.8001626732235864, 0.7999827067057291, 0.7998041934058779, 0.7996270751953124, 0.799451148623512, 0.7992767043340775, 0.7991034516834077, 0.7989315941220237, 0.7987609572637648, 0.7985916283017115, 0.7984234037853423, 0.7982563709077382, 0.7980906749906994, 0.7979261416480655, 0.797762712751116, 0.7976005045572917, 0.797439429873512, 0.7972794305710565, 0.7971205647786458, 0.7969628034319197, 0.7968061174665179, 0.7966504487537204, 0.7964959135509672, 0.7963423956008184, 0.7961898367745536, 0.796038324265253, 0.7958878290085565, 0.7957382347470238, 0.7955897449311756, 0.7954422723679316, 0.7952954392206101, 0.7951497395833335, 0.7950050571986607, 0.7948613048735119, 0.7947182791573661, 0.7945761835007441], "client_accs": {"T-shirt": [27.0, 75.28571428571429, 84.0, 83.71428571428571, 84.0, 84.57142857142857, 84.71428571428571, 84.57142857142857, 84.28571428571429, 84.42857142857143, 84.57142857142857, 84.71428571428571, 84.71428571428571, 84.14285714285714, 83.71428571428571, 83.57142857142857, 83.14285714285714, 83.14285714285714, 83.0, 83.0, 82.57142857142857, 82.57142857142857], "pullover": [13.571428571428571, 56.0, 61.714285714285715, 64.85714285714286, 65.28571428571429, 66.71428571428571, 68.0, 69.85714285714286, 70.85714285714286, 71.85714285714286, 73.0, 73.14285714285714, 73.42857142857143, 74.14285714285714, 74.14285714285714, 74.28571428571429, 74.42857142857143, 74.71428571428571, 74.85714285714286, 74.71428571428571, 75.0, 75.0], "shirt": [35.0, 51.42857142857143, 53.857142857142854, 55.857142857142854, 58.142857142857146, 58.57142857142857, 60.0, 60.57142857142857, 61.857142857142854, 62.714285714285715, 62.857142857142854, 62.57142857142857, 63.142857142857146, 63.285714285714285, 63.57142857142857, 63.714285714285715, 64.28571428571429, 65.0, 65.42857142857143, 65.71428571428571, 66.28571428571429, 66.28571428571429]}}