{"acc_dist": [81.85714285714286, 74.85714285714286, 69.71428571428571], "mean_curve": [36.142857142857146, 53.19047619047618, 62.047619047619044, 66.42857142857143, 67.90476190476191, 69.71428571428571, 70.61904761904762, 71.47619047619048, 72.04761904761905, 72.42857142857143, 73.00000000000001, 73.42857142857143, 73.57142857142857, 73.76190476190476, 73.76190476190476, 73.80952380952381, 74.33333333333333, 74.80952380952381, 75.28571428571428, 75.47619047619048, 75.42857142857143, 75.47619047619048], "var_curve": [12.103296902842935, 16.73821377726771, 17.17866630340431, 14.5087353466987, 12.487454021397154, 10.618300208589318, 9.392668535736911, 8.41632147200791, 7.923385977691223, 7.40656079818041, 7.040214900863476, 6.549653363627229, 6.569357851802105, 6.20108980254512, 5.952571425523911, 5.791541255432672, 5.645217509150873, 5.35835965017183, 5.154748157905347, 5.114117226984328, 4.982964175346754, 4.976589184300537], "train_loss": [1.0255675978887648, 1.01502197265625, 1.003919939313616, 0.9922672235398066, 0.9804134695870536, 0.9689151436941964, 0.9582834879557293, 0.948801007952009, 0.9405070568266369, 0.9332910446893602, 0.9269873918805804, 0.9214312744140624, 0.9164815557570686, 0.9120257277715774, 0.9079761032831101, 0.9042650785900298, 0.9008406284877232, 0.8976618303571429, 0.8946970331101189, 0.8919205729166667, 0.8893115525018601, 0.8868528238932293, 0.8845302327473958, 0.8823311360677083, 0.8802450416201637, 0.8782630557105655, 0.8763764299665179, 0.8745782470703126, 0.8728617059616816, 0.8712211972191221, 0.8696510823567708, 0.8681463041759673, 0.8667023867652529, 0.8653153773716517, 0.8639812651134672, 0.8626964169456847, 0.8614577520461308, 0.860262189592634, 0.8591068231491815, 0.8579892985026042, 0.8569070289248512, 0.8558580671037946, 0.8548402041480655, 0.8538516380673364, 0.8528905668712797, 0.8519557117280506, 0.8510451543898809, 0.8501580810546875, 0.8492928059895833, 0.8484485444568453, 0.8476239594959077, 0.8468184116908483, 0.8460307094029017, 0.8452602132161459, 0.8445061965215773, 0.8437679036458334, 0.8430445498511904, 0.8423357282366072, 0.8416409156436012, 0.8409594145275298, 0.8402908761160713, 0.8396347772507441, 0.8389907982235864, 0.8383585030691965, 0.8377375139508928, 0.8371274820963541, 0.8365281168619791, 0.8359390113467261, 0.8353599621000743, 0.8347906784784227, 0.8342309860956102, 0.8336804199218749, 0.8331388346354167, 0.8326062302362351, 0.8320819963727679, 0.8315660167875745, 0.8310583205450149, 0.8305585588727679, 0.8300665283203125, 0.8295820835658482, 0.8291050211588541, 0.8286352248418899, 0.8281724330357143, 0.8277165585472469, 0.8272673397972471, 0.8268248058500745, 0.8263886369977679, 0.8259588623046875, 0.825535162062872, 0.8251174781436011, 0.8247056361607142, 0.8242996651785713, 0.8238992745535715, 0.8235042608351933, 0.8231147984095982, 0.822730480375744, 0.8223515101841518, 0.8219774228050595, 0.8216083054315476, 0.8212438674200149, 0.8208843994140625, 0.8205295817057291, 0.8201791527157738, 0.8198331705729167, 0.8194914318266369, 0.8191541108630952, 0.8188209461030507, 0.8184917050316219, 0.8181667364211309, 0.8178454299200149, 0.817528076171875, 0.8172143845331101, 0.8169044421968006, 0.8165980747767857, 0.8162952532087053, 0.8159958031063987, 0.8156998116629465, 0.8154071626209077, 0.8151177978515625, 0.8148314848400298, 0.8145483979724703, 0.8142684209914434, 0.8139914085751488, 0.8137173607235862, 0.8134461902436755, 0.8131779261997768, 0.8129123070126488, 0.8126494198753721, 0.8123894391741072, 0.8121319289434524, 0.8118770054408482, 0.8116246686662946, 0.8113747732979911, 0.8111272902715774, 0.8108823649088541, 0.8106395903087797, 0.8103992861793153, 0.8101611909412202, 0.8099252755301339, 0.8096916852678572, 0.8094601295107887, 0.8092308407738095, 0.8090034702845982, 0.8087782214936756, 0.808554920014881, 0.808333711170015, 0.8081143333798363, 0.8078969029017857, 0.8076814197358632, 0.8074677094959076, 0.8072558012462797, 0.8070456949869792, 0.8068373907180059, 0.8066308012462797, 0.806425984700521, 0.8062227957589285, 0.8060211762927828, 0.805821300688244, 0.8056229073660713, 0.8054261997767856, 0.8052310325985864, 0.8050372895740328, 0.8048450869605656, 0.8046543666294643, 0.8044652157738096, 0.8042773437499999, 0.804091012137277, 0.8039061046781995, 0.8037223888578869, 0.8035401553199405, 0.803359375, 0.8031797281901042, 0.8030013602120536, 0.8028244454520089, 0.802648664202009, 0.8024742199125744, 0.8023008800688244, 0.8021288190569197, 0.8019580078124999, 0.801788330078125, 0.801619843982515, 0.8014524332682291, 0.8012862432570685, 0.8011211286272321, 0.8009571475074404, 0.8007941545758929, 0.8006323823474703, 0.8004716273716518, 0.8003118896484375, 0.8001532273065477, 0.7999955240885416, 0.7998388671875, 0.7996832275390625, 0.7995285760788691, 0.7993749128069196, 0.7992222086588542, 0.7990703764415924, 0.7989195614769345, 0.7987696184430804, 0.7986206926618303, 0.7984725516183037], "client_accs": {"T-shirt": [39.285714285714285, 76.71428571428571, 84.71428571428571, 85.85714285714286, 84.85714285714286, 84.28571428571429, 83.71428571428571, 83.28571428571429, 83.14285714285714, 82.71428571428571, 82.85714285714286, 82.57142857142857, 82.71428571428571, 82.28571428571429, 81.85714285714286, 81.71428571428571, 82.0, 82.0, 82.14285714285714, 82.14285714285714, 81.85714285714286, 81.85714285714286], "pullover": [20.0, 43.714285714285715, 58.285714285714285, 62.42857142857143, 63.714285714285715, 65.57142857142857, 66.0, 66.85714285714286, 67.85714285714286, 69.0, 69.28571428571429, 70.14285714285714, 70.42857142857143, 71.28571428571429, 71.71428571428571, 71.71428571428571, 72.42857142857143, 73.28571428571429, 74.0, 74.57142857142857, 74.71428571428571, 74.85714285714286], "shirt": [49.142857142857146, 39.142857142857146, 43.142857142857146, 51.0, 55.142857142857146, 59.285714285714285, 62.142857142857146, 64.28571428571429, 65.14285714285714, 65.57142857142857, 66.85714285714286, 67.57142857142857, 67.57142857142857, 67.71428571428571, 67.71428571428571, 68.0, 68.57142857142857, 69.14285714285714, 69.71428571428571, 69.71428571428571, 69.71428571428571, 69.71428571428571]}}